id,year,make,model,VClass,drive,trany,cylinders,displ,fuelType1,city08,highway08,comb08,co2TailpipeGpm
42166,2020,Acura,ILX,Compact Cars,Front-Wheel Drive,Automatic (AM-S8),4.0,2.4,Premium Gasoline,24,34,28,316.0
41663,2020,Acura,MDX AWD,Small Sport Utility Vehicle 4WD,All-Wheel Drive,Automatic (S9),6.0,3.5,Premium Gasoline,19,26,22,404.0
41664,2020,Acura,MDX AWD A-SPEC,Small Sport Utility Vehicle 4WD,All-Wheel Drive,Automatic (S9),6.0,3.5,Premium Gasoline,19,25,21,415.0
41658,2020,Acura,MDX FWD,Small Sport Utility Vehicle 2WD,Front-Wheel Drive,Automatic (S9),6.0,3.5,Premium Gasoline,20,27,23,387.0
41410,2020,Acura,RDX AWD,Small Sport Utility Vehicle 4WD,All-Wheel Drive,Automatic (S10),4.0,2.0,Premium Gasoline,21,27,23,385.0
41411,2020,Acura,RDX AWD A-SPEC,Small Sport Utility Vehicle 4WD,All-Wheel Drive,Automatic (S10),4.0,2.0,Premium Gasoline,21,26,23,385.0
41408,2020,Acura,RDX FWD,Small Sport Utility Vehicle 2WD,Front-Wheel Drive,Automatic (S10),4.0,2.0,Premium Gasoline,22,28,24,370.0
41409,2020,Acura,RDX FWD A-SPEC,Small Sport Utility Vehicle 2WD,Front-Wheel Drive,Automatic (S10),4.0,2.0,Premium Gasoline,22,27,24,374.0
41717,2020,Acura,RLX,Midsize Cars,Front-Wheel Drive,Automatic (S10),6.0,3.5,Premium Gasoline,20,29,23,383.0
41337,2020,Acura,TLX AWD,Compact Cars,All-Wheel Drive,Automatic (S9),6.0,3.5,Premium Gasoline,20,29,23,384.0
41338,2020,Acura,TLX AWD A-SPEC,Compact Cars,All-Wheel Drive,Automatic (S9),6.0,3.5,Premium Gasoline,20,29,23,387.0
41333,2020,Acura,TLX FWD,Compact Cars,Front-Wheel Drive,Automatic (AM-S8),4.0,2.4,Premium Gasoline,23,33,27,330.0
41335,2020,Acura,TLX FWD,Compact Cars,Front-Wheel Drive,Automatic (S9),6.0,3.5,Premium Gasoline,20,31,24,374.0
41334,2020,Acura,TLX FWD A-SPEC,Compact Cars,Front-Wheel Drive,Automatic (AM-S8),4.0,2.4,Premium Gasoline,23,32,26,336.0
41336,2020,Acura,TLX FWD A-SPEC,Compact Cars,Front-Wheel Drive,Automatic (S9),6.0,3.5,Premium Gasoline,20,30,23,382.0
41530,2020,Alfa Romeo,4C,Two Seaters,Rear-Wheel Drive,Automatic (AM6),4.0,1.8,Premium Gasoline,24,34,28,317.0
42146,2020,Alfa Romeo,Giulia,Midsize Cars,Rear-Wheel Drive,Automatic 8-spd,4.0,2.0,Premium Gasoline,24,33,27,330.0
42148,2020,Alfa Romeo,Giulia,Midsize Cars,Rear-Wheel Drive,Automatic 8-spd,6.0,2.9,Premium Gasoline,17,25,20,436.0
42147,2020,Alfa Romeo,Giulia AWD,Midsize Cars,All-Wheel Drive,Automatic 8-spd,4.0,2.0,Premium Gasoline,23,31,26,348.0
42157,2020,Alfa Romeo,Stelvio,Small Sport Utility Vehicle 2WD,Rear-Wheel Drive,Automatic 8-spd,4.0,2.0,Premium Gasoline,22,29,25,359.0
42136,2020,Alfa Romeo,Stelvio AWD,Small Sport Utility Vehicle 4WD,All-Wheel Drive,Automatic 8-spd,6.0,2.9,Premium Gasoline,17,23,19,463.0
42158,2020,Alfa Romeo,Stelvio AWD,Small Sport Utility Vehicle 4WD,All-Wheel Drive,Automatic 8-spd,4.0,2.0,Premium Gasoline,22,28,24,364.0
41400,2020,Aston Martin,DB11 V12,Minicompact Cars,Rear-Wheel Drive,Automatic (S8),12.0,5.2,Premium Gasoline,15,22,18,497.0
41401,2020,Aston Martin,DB11 V8,Minicompact Cars,Rear-Wheel Drive,Automatic (S8),8.0,4.0,Premium Gasoline,18,24,20,431.0
41902,2020,Aston Martin,DBS,Minicompact Cars,Rear-Wheel Drive,Automatic (S8),12.0,5.2,Premium Gasoline,14,22,17,522.0
42815,2020,Aston Martin,Vantage Manual,Two Seaters,Rear-Wheel Drive,Manual 7-spd,8.0,4.0,Premium Gasoline,14,21,17,541.0
41394,2020,Aston Martin,Vantage V8,Two Seaters,Rear-Wheel Drive,Automatic (S8),8.0,4.0,Premium Gasoline,18,24,20,435.0
42114,2020,Audi,A3,Subcompact Cars,Front-Wheel Drive,Automatic (AM-S7),4.0,2.0,Regular Gasoline,27,36,30,293.0
41985,2020,Audi,A3 Cabriolet quattro,Subcompact Cars,All-Wheel Drive,Automatic (AM-S7),4.0,2.0,Regular Gasoline,22,30,25,359.0
41984,2020,Audi,A3 quattro,Subcompact Cars,All-Wheel Drive,Automatic (AM-S7),4.0,2.0,Regular Gasoline,22,30,25,359.0
42220,2020,Audi,A4,Compact Cars,Front-Wheel Drive,Automatic (AM-S7),4.0,2.0,Premium Gasoline,27,35,30,295.0
42364,2020,Audi,A4 allroad quattro,Small Station Wagons,All-Wheel Drive,Automatic (AM-S7),4.0,2.0,Premium Gasoline,23,31,26,337.0
42360,2020,Audi,A4 quattro,Compact Cars,All-Wheel Drive,Automatic (AM-S7),4.0,2.0,Premium Gasoline,24,32,27,329.0
42359,2020,Audi,A5 Cabriolet quattro,Subcompact Cars,All-Wheel Drive,Automatic (AM-S7),4.0,2.0,Premium Gasoline,23,31,26,337.0
42363,2020,Audi,A5 Sportback quattro,Midsize Cars,All-Wheel Drive,Automatic (AM-S7),4.0,2.0,Premium Gasoline,24,32,27,329.0
42358,2020,Audi,A5 quattro,Subcompact Cars,All-Wheel Drive,Automatic (AM-S7),4.0,2.0,Premium Gasoline,24,32,27,329.0
42041,2020,Audi,Q3 quattro,Small Sport Utility Vehicle 4WD,All-Wheel Drive,Automatic (S8),4.0,2.0,Regular Gasoline,19,27,22,399.0
42102,2020,Audi,Q5,Small Sport Utility Vehicle 4WD,All-Wheel Drive,Automatic (S7),4.0,2.0,Premium Gasoline,22,28,24,364.0
42571,2020,Audi,Q7,Standard Sport Utility Vehicle 4WD,All-Wheel Drive,Automatic (S8),4.0,2.0,Premium Gasoline,19,23,21,425.0
41395,2020,Audi,R8 AWD,Two Seaters,All-Wheel Drive,Automatic (AM-S7),10.0,5.2,Premium Gasoline,13,20,16,556.0
41595,2020,Audi,R8 Spyder AWD,Two Seaters,All-Wheel Drive,Automatic (AM-S7),10.0,5.2,Premium Gasoline,13,20,16,556.0
42302,2020,Audi,RS3,Subcompact Cars,All-Wheel Drive,Automatic (AM-S7),5.0,2.5,Premium Gasoline,19,28,23,392.0
41987,2020,Audi,S3,Subcompact Cars,All-Wheel Drive,Automatic (AM-S7),4.0,2.0,Premium Gasoline,22,29,25,358.0
42221,2020,Audi,S4,Compact Cars,All-Wheel Drive,Automatic (S8),6.0,3.0,Premium Gasoline,20,27,23,393.0
42212,2020,Audi,S5,Subcompact Cars,All-Wheel Drive,Automatic (S8),6.0,3.0,Premium Gasoline,20,27,23,393.0
42213,2020,Audi,S5 Cabriolet,Subcompact Cars,All-Wheel Drive,Automatic (S8),6.0,3.0,Premium Gasoline,19,26,22,405.0
42232,2020,Audi,S5 Sportback,Midsize Cars,All-Wheel Drive,Automatic (S8),6.0,3.0,Premium Gasoline,20,27,23,393.0
42255,2020,Audi,SQ5,Small Sport Utility Vehicle 4WD,All-Wheel Drive,Automatic (S8),6.0,3.0,Premium Gasoline,18,23,20,444.0
42558,2020,Audi,SQ7,Standard Sport Utility Vehicle 4WD,All-Wheel Drive,Automatic (S8),8.0,4.0,Premium Gasoline,15,21,17,516.0
42559,2020,Audi,SQ8,Standard Sport Utility Vehicle 4WD,All-Wheel Drive,Automatic (S8),8.0,4.0,Premium Gasoline,15,21,17,518.0
41986,2020,Audi,TT Coupe quattro,Subcompact Cars,All-Wheel Drive,Automatic (AM-S7),4.0,2.0,Regular Gasoline,23,31,26,340.0
42303,2020,Audi,TT RS,Subcompact Cars,All-Wheel Drive,Automatic (AM-S7),5.0,2.5,Premium Gasoline,19,29,23,387.0
41979,2020,Audi,TT Roadster quattro,Two Seaters,All-Wheel Drive,Automatic (AM-S7),4.0,2.0,Regular Gasoline,23,31,26,340.0
41988,2020,Audi,TTS Coupe,Subcompact Cars,All-Wheel Drive,Automatic (AM-S7),4.0,2.0,Premium Gasoline,23,29,25,354.0
42461,2020,BMW,228i xDrive Gran Coupe,Compact Cars,All-Wheel Drive,Automatic (S8),4.0,2.0,Premium Gasoline,23,33,27,330.0
41312,2020,BMW,230i Convertible,Subcompact Cars,Rear-Wheel Drive,Automatic (S8),4.0,2.0,Premium Gasoline,23,34,27,327.0
41297,2020,BMW,230i Coupe,Subcompact Cars,Rear-Wheel Drive,Automatic (S8),4.0,2.0,Premium Gasoline,24,32,27,324.0
41310,2020,BMW,230i Coupe,Subcompact Cars,Rear-Wheel Drive,Manual 6-spd,4.0,2.0,Premium Gasoline,21,32,25,356.0
41313,2020,BMW,230i xDrive Convertible,Subcompact Cars,All-Wheel Drive,Automatic (S8),4.0,2.0,Premium Gasoline,21,31,24,361.0
41311,2020,BMW,230i xDrive Coupe,Subcompact Cars,All-Wheel Drive,Automatic (S8),4.0,2.0,Premium Gasoline,21,31,24,361.0
41339,2020,BMW,330i,Compact Cars,Rear-Wheel Drive,Automatic (S8),4.0,2.0,Premium Gasoline,26,36,30,299.0
41710,2020,BMW,330i xDrive,Compact Cars,All-Wheel Drive,Automatic (S8),4.0,2.0,Premium Gasoline,25,34,28,313.0
41325,2020,BMW,430i Convertible,Subcompact Cars,Rear-Wheel Drive,Automatic (S8),4.0,2.0,Premium Gasoline,23,34,27,327.0
41342,2020,BMW,430i Coupe,Compact Cars,Rear-Wheel Drive,Automatic (S8),4.0,2.0,Premium Gasoline,23,34,27,327.0
41343,2020,BMW,430i Coupe,Compact Cars,Rear-Wheel Drive,Manual 6-spd,4.0,2.0,Premium Gasoline,21,33,25,351.0
41345,2020,BMW,430i Gran Coupe,Compact Cars,Rear-Wheel Drive,Automatic (S8),4.0,2.0,Premium Gasoline,23,34,27,327.0
41326,2020,BMW,430i xDrive Convertible,Subcompact Cars,All-Wheel Drive,Automatic (S8),4.0,2.0,Premium Gasoline,22,32,26,344.0
41344,2020,BMW,430i xDrive Coupe,Compact Cars,All-Wheel Drive,Automatic (S8),4.0,2.0,Premium Gasoline,21,31,24,361.0
41346,2020,BMW,430i xDrive Gran Coupe,Compact Cars,All-Wheel Drive,Automatic (S8),4.0,2.0,Premium Gasoline,21,31,24,361.0
41327,2020,BMW,440i Convertible,Subcompact Cars,Rear-Wheel Drive,Automatic (S8),6.0,3.0,Premium Gasoline,22,29,24,361.0
41347,2020,BMW,440i Coupe,Compact Cars,Rear-Wheel Drive,Automatic (S8),6.0,3.0,Premium Gasoline,22,30,25,353.0
41348,2020,BMW,440i Coupe,Compact Cars,Rear-Wheel Drive,Manual 6-spd,6.0,3.0,Premium Gasoline,19,27,22,408.0
41351,2020,BMW,440i Gran Coupe,Compact Cars,Rear-Wheel Drive,Automatic (S8),6.0,3.0,Premium Gasoline,22,30,25,353.0
41328,2020,BMW,440i xDrive Convertible,Subcompact Cars,All-Wheel Drive,Automatic (S8),6.0,3.0,Premium Gasoline,20,28,23,394.0
41349,2020,BMW,440i xDrive Coupe,Compact Cars,All-Wheel Drive,Automatic (S8),6.0,3.0,Premium Gasoline,22,30,25,356.0
41350,2020,BMW,440i xDrive Coupe,Compact Cars,All-Wheel Drive,Manual 6-spd,6.0,3.0,Premium Gasoline,18,28,21,412.0
41352,2020,BMW,440i xDrive Gran Coupe,Compact Cars,All-Wheel Drive,Automatic (S8),6.0,3.0,Premium Gasoline,22,30,25,356.0
41722,2020,BMW,530i,Midsize Cars,Rear-Wheel Drive,Automatic (S8),4.0,2.0,Premium Gasoline,25,33,28,316.0
41723,2020,BMW,530i xDrive,Midsize Cars,All-Wheel Drive,Automatic (S8),4.0,2.0,Premium Gasoline,24,31,27,332.0
42127,2020,BMW,540i,Midsize Cars,Rear-Wheel Drive,Automatic (S8),6.0,3.0,Premium Gasoline,22,30,25,350.0
41724,2020,BMW,540i xDrive,Midsize Cars,All-Wheel Drive,Automatic (S8),6.0,3.0,Premium Gasoline,22,29,25,359.0
41358,2020,BMW,740i,Large Cars,Rear-Wheel Drive,Automatic (S8),6.0,3.0,Premium Gasoline,22,29,24,361.0
41359,2020,BMW,740i xDrive,Large Cars,All-Wheel Drive,Automatic (S8),6.0,3.0,Premium Gasoline,20,28,23,394.0
41360,2020,BMW,750i xDrive,Large Cars,All-Wheel Drive,Automatic (S8),8.0,4.4,Premium Gasoline,17,25,20,449.0
41699,2020,BMW,840i Convertible,Subcompact Cars,Rear-Wheel Drive,Automatic (S8),6.0,3.0,Premium Gasoline,22,29,24,361.0
41697,2020,BMW,840i Coupe,Subcompact Cars,Rear-Wheel Drive,Automatic (S8),6.0,3.0,Premium Gasoline,23,30,25,347.0
41726,2020,BMW,840i Gran Coupe,Midsize Cars,Rear-Wheel Drive,Automatic (S8),6.0,3.0,Premium Gasoline,22,29,24,361.0
41700,2020,BMW,840i xDrive Convertible,Subcompact Cars,All-Wheel Drive,Automatic (S8),6.0,3.0,Premium Gasoline,20,27,23,388.0
41698,2020,BMW,840i xDrive Coupe,Subcompact Cars,All-Wheel Drive,Automatic (S8),6.0,3.0,Premium Gasoline,21,27,23,380.0
41727,2020,BMW,840i xDrive Gran Coupe,Midsize Cars,All-Wheel Drive,Automatic (S8),6.0,3.0,Premium Gasoline,20,27,23,388.0
41743,2020,BMW,Alpina B7,Large Cars,All-Wheel Drive,Automatic (S8),8.0,4.4,Premium Gasoline,17,25,20,450.0
42556,2020,BMW,M2 CS Coupe,Subcompact Cars,Rear-Wheel Drive,Manual 6-spd,6.0,3.0,Premium Gasoline,17,24,20,452.0
42557,2020,BMW,M2 CS Coupe,Subcompact Cars,Rear-Wheel Drive,Automatic (AM-S7),6.0,3.0,Premium Gasoline,16,23,19,469.0
41323,2020,BMW,M2 Competition Coupe,Subcompact Cars,Rear-Wheel Drive,Manual 6-spd,6.0,3.0,Premium Gasoline,18,25,20,440.0
41324,2020,BMW,M2 Competition Coupe,Subcompact Cars,Rear-Wheel Drive,Automatic (AM-S7),6.0,3.0,Premium Gasoline,17,23,19,471.0
42462,2020,BMW,M235i xDrive,Compact Cars,All-Wheel Drive,Automatic (S8),4.0,2.0,Premium Gasoline,23,32,26,335.0
41320,2020,BMW,M240i Convertible,Subcompact Cars,Rear-Wheel Drive,Automatic (S8),6.0,3.0,Premium Gasoline,22,30,25,353.0
41321,2020,BMW,M240i Convertible,Subcompact Cars,Rear-Wheel Drive,Manual 6-spd,6.0,3.0,Premium Gasoline,19,27,22,408.0
41317,2020,BMW,M240i Coupe,Subcompact Cars,Rear-Wheel Drive,Automatic (S8),6.0,3.0,Premium Gasoline,22,30,25,353.0
41318,2020,BMW,M240i Coupe,Subcompact Cars,Rear-Wheel Drive,Manual 6-spd,6.0,3.0,Premium Gasoline,19,27,22,408.0
41314,2020,BMW,M240i Coupe M Performance,Subcompact Cars,Rear-Wheel Drive,Automatic (S8),6.0,3.0,Premium Gasoline,22,30,25,353.0
41315,2020,BMW,M240i Coupe M Performance,Subcompact Cars,Rear-Wheel Drive,Manual 6-spd,6.0,3.0,Premium Gasoline,19,27,22,408.0
41322,2020,BMW,M240i xDrive Convertible,Subcompact Cars,All-Wheel Drive,Automatic (S8),6.0,3.0,Premium Gasoline,22,30,25,356.0
41319,2020,BMW,M240i xDrive Coupe,Subcompact Cars,All-Wheel Drive,Automatic (S8),6.0,3.0,Premium Gasoline,22,30,25,356.0
41316,2020,BMW,M240i xDrive Coupe M Performance,Subcompact Cars,All-Wheel Drive,Automatic (S8),6.0,3.0,Premium Gasoline,22,30,25,356.0
41341,2020,BMW,M340i,Compact Cars,Rear-Wheel Drive,Automatic (S8),6.0,3.0,Premium Gasoline,22,30,25,353.0
41340,2020,BMW,M340i xDrive,Compact Cars,All-Wheel Drive,Automatic (S8),6.0,3.0,Premium Gasoline,22,30,25,356.0
41355,2020,BMW,M4 CS,Compact Cars,Rear-Wheel Drive,Automatic (AM-S7),6.0,3.0,Premium Gasoline,17,23,19,471.0
41329,2020,BMW,M4 Convertible,Subcompact Cars,Rear-Wheel Drive,Manual 6-spd,6.0,3.0,Premium Gasoline,17,25,20,450.0
41330,2020,BMW,M4 Convertible,Subcompact Cars,Rear-Wheel Drive,Automatic (AM-S7),6.0,3.0,Premium Gasoline,16,22,19,481.0
41331,2020,BMW,M4 Convertible Competition,Subcompact Cars,Rear-Wheel Drive,Manual 6-spd,6.0,3.0,Premium Gasoline,17,25,20,450.0
41332,2020,BMW,M4 Convertible Competition,Subcompact Cars,Rear-Wheel Drive,Automatic (AM-S7),6.0,3.0,Premium Gasoline,16,22,19,481.0
41353,2020,BMW,M4 Coupe,Compact Cars,Rear-Wheel Drive,Manual 6-spd,6.0,3.0,Premium Gasoline,18,25,20,440.0
41354,2020,BMW,M4 Coupe,Compact Cars,Rear-Wheel Drive,Automatic (AM-S7),6.0,3.0,Premium Gasoline,17,23,19,471.0
41356,2020,BMW,M4 Coupe Competition,Compact Cars,Rear-Wheel Drive,Manual 6-spd,6.0,3.0,Premium Gasoline,18,25,20,440.0
41357,2020,BMW,M4 Coupe Competition,Compact Cars,Rear-Wheel Drive,Automatic (AM-S7),6.0,3.0,Premium Gasoline,17,23,19,471.0
42002,2020,BMW,M5,Midsize Cars,All-Wheel Drive,Automatic (S8),8.0,4.4,Premium Gasoline,15,21,17,518.0
42003,2020,BMW,M5 Competition,Midsize Cars,All-Wheel Drive,Automatic (S8),8.0,4.4,Premium Gasoline,15,21,17,518.0
41725,2020,BMW,M550i xDrive,Midsize Cars,All-Wheel Drive,Automatic (S8),8.0,4.4,Premium Gasoline,18,25,20,435.0
41361,2020,BMW,M760i xDrive,Large Cars,All-Wheel Drive,Automatic (S8),12.0,6.6,Premium Gasoline,13,20,16,570.0
41993,2020,BMW,M8 Competition Convertible,Subcompact Cars,All-Wheel Drive,Automatic (S8),8.0,4.4,Premium Gasoline,15,21,17,518.0
41991,2020,BMW,M8 Competition Coupe,Subcompact Cars,All-Wheel Drive,Automatic (S8),8.0,4.4,Premium Gasoline,15,21,17,518.0
42236,2020,BMW,M8 Competition Gran Coupe,Midsize Cars,All-Wheel Drive,Automatic (S8),8.0,4.4,Premium Gasoline,15,21,17,518.0
41992,2020,BMW,M8 Convertible,Subcompact Cars,All-Wheel Drive,Automatic (S8),8.0,4.4,Premium Gasoline,15,21,17,518.0
41990,2020,BMW,M8 Coupe,Subcompact Cars,All-Wheel Drive,Automatic (S8),8.0,4.4,Premium Gasoline,15,21,17,518.0
42004,2020,BMW,M8 Gran Coupe,Midsize Cars,All-Wheel Drive,Automatic (S8),8.0,4.4,Premium Gasoline,15,21,17,518.0
41702,2020,BMW,M850i xDrive Convertible,Subcompact Cars,All-Wheel Drive,Automatic (S8),8.0,4.4,Premium Gasoline,17,25,20,450.0
41701,2020,BMW,M850i xDrive Coupe,Subcompact Cars,All-Wheel Drive,Automatic (S8),8.0,4.4,Premium Gasoline,18,25,20,435.0
41728,2020,BMW,M850i xDrive Gran Coupe,Midsize Cars,All-Wheel Drive,Automatic (S8),8.0,4.4,Premium Gasoline,17,25,20,450.0
42019,2020,BMW,X1 sDrive28i,Large Cars,Front-Wheel Drive,Automatic (S8),4.0,2.0,Premium Gasoline,24,33,27,327.0
41742,2020,BMW,X1 xDrive28i,Large Cars,All-Wheel Drive,Automatic (S8),4.0,2.0,Premium Gasoline,23,31,26,342.0
41721,2020,BMW,X2 M35i,Midsize Cars,All-Wheel Drive,Automatic (S8),4.0,2.0,Premium Gasoline,23,30,26,338.0
41720,2020,BMW,X2 sDrive28i,Midsize Cars,Front-Wheel Drive,Automatic (S8),4.0,2.0,Premium Gasoline,24,32,27,330.0
41719,2020,BMW,X2 xDrive28i,Midsize Cars,All-Wheel Drive,Automatic (S8),4.0,2.0,Premium Gasoline,24,31,27,332.0
41666,2020,BMW,X3 M,Small Sport Utility Vehicle 4WD,All-Wheel Drive,Automatic (S8),6.0,3.0,Premium Gasoline,14,19,16,546.0
41667,2020,BMW,X3 M Competition,Small Sport Utility Vehicle 4WD,All-Wheel Drive,Automatic (S8),6.0,3.0,Premium Gasoline,14,19,16,546.0
41758,2020,BMW,X3 M40i,Small Sport Utility Vehicle 4WD,All-Wheel Drive,Automatic (S8),6.0,3.0,Premium Gasoline,21,27,23,379.0
41873,2020,BMW,X3 sDrive30i,Small Sport Utility Vehicle 2WD,Rear-Wheel Drive,Automatic (S8),4.0,2.0,Premium Gasoline,25,29,27,332.0
41757,2020,BMW,X3 xDrive30i,Small Sport Utility Vehicle 4WD,All-Wheel Drive,Automatic (S8),4.0,2.0,Premium Gasoline,24,29,26,345.0
41668,2020,BMW,X4 M,Small Sport Utility Vehicle 4WD,All-Wheel Drive,Automatic (S8),6.0,3.0,Premium Gasoline,14,19,16,546.0
41669,2020,BMW,X4 M Competition,Small Sport Utility Vehicle 4WD,All-Wheel Drive,Automatic (S8),6.0,3.0,Premium Gasoline,14,19,16,546.0
41760,2020,BMW,X4 M40i,Small Sport Utility Vehicle 4WD,All-Wheel Drive,Automatic (S8),6.0,3.0,Premium Gasoline,21,27,23,379.0
41759,2020,BMW,X4 xDrive30i,Small Sport Utility Vehicle 4WD,All-Wheel Drive,Automatic (S8),4.0,2.0,Premium Gasoline,23,28,25,356.0
42443,2020,BMW,X5 M,Standard Sport Utility Vehicle 4WD,All-Wheel Drive,Automatic (S8),8.0,4.4,Premium Gasoline,13,18,15,582.0
42444,2020,BMW,X5 M Competition,Standard Sport Utility Vehicle 4WD,All-Wheel Drive,Automatic (S8),8.0,4.4,Premium Gasoline,13,18,15,582.0
41774,2020,BMW,X5 M50i,Standard Sport Utility Vehicle 4WD,All-Wheel Drive,Automatic (S8),8.0,4.4,Premium Gasoline,16,22,18,487.0
42086,2020,BMW,X5 sDrive40i,Standard Sport Utility Vehicle 2WD,Rear-Wheel Drive,Automatic (S8),6.0,3.0,Premium Gasoline,21,26,23,390.0
42053,2020,BMW,X5 xDrive40i,Standard Sport Utility Vehicle 4WD,All-Wheel Drive,Automatic (S8),6.0,3.0,Premium Gasoline,20,26,22,396.0
41773,2020,BMW,X5 xDrive50i,Standard Sport Utility Vehicle 4WD,All-Wheel Drive,Automatic (S8),8.0,4.4,Premium Gasoline,16,22,18,487.0
42445,2020,BMW,X6 M,Standard Sport Utility Vehicle 4WD,All-Wheel Drive,Automatic (S8),8.0,4.4,Premium Gasoline,13,18,15,582.0
42446,2020,BMW,X6 M Competition,Standard Sport Utility Vehicle 4WD,All-Wheel Drive,Automatic (S8),8.0,4.4,Premium Gasoline,13,18,15,582.0
41775,2020,BMW,X6 M50i,Standard Sport Utility Vehicle 4WD,All-Wheel Drive,Automatic (S8),8.0,4.4,Premium Gasoline,16,22,18,487.0
42087,2020,BMW,X6 sDrive40i,Standard Sport Utility Vehicle 2WD,Rear-Wheel Drive,Automatic (S8),6.0,3.0,Premium Gasoline,21,26,23,390.0
42055,2020,BMW,X6 xDrive40i,Standard Sport Utility Vehicle 4WD,All-Wheel Drive,Automatic (S8),6.0,3.0,Premium Gasoline,20,26,22,396.0
41777,2020,BMW,X7 M50i,Standard Sport Utility Vehicle 4WD,All-Wheel Drive,Automatic (S8),8.0,4.4,Premium Gasoline,15,21,17,511.0
42057,2020,BMW,X7 xDrive40i,Standard Sport Utility Vehicle 4WD,All-Wheel Drive,Automatic (S8),6.0,3.0,Premium Gasoline,20,25,22,409.0
41776,2020,BMW,X7 xDrive50i,Standard Sport Utility Vehicle 4WD,All-Wheel Drive,Automatic (S8),8.0,4.4,Premium Gasoline,15,21,17,511.0
41374,2020,BMW,Z4 M40i,Two Seaters,Rear-Wheel Drive,Automatic (S8),6.0,3.0,Premium Gasoline,24,31,26,334.0
41642,2020,BMW,Z4 sDrive30i,Two Seaters,Rear-Wheel Drive,Automatic (S8),4.0,2.0,Premium Gasoline,24,32,27,324.0
42052,2020,Bentley,Bentayga,Standard Sport Utility Vehicle 4WD,All-Wheel Drive,Automatic (S8),8.0,4.0,Premium Gasoline,14,23,17,508.0
42382,2020,Bentley,Bentayga,Standard Sport Utility Vehicle 4WD,All-Wheel Drive,Automatic (S8),12.0,6.0,Premium Gasoline,12,17,14,645.0
41989,2020,Bentley,Continental GT,Subcompact Cars,All-Wheel Drive,Automatic (AM-S8),8.0,4.0,Premium Gasoline,16,26,19,469.0
42416,2020,Bentley,Continental GT,Subcompact Cars,All-Wheel Drive,Automatic (AM-S8),12.0,6.0,Premium Gasoline,12,20,15,586.0
41980,2020,Bentley,Continental GT Convertible,Minicompact Cars,All-Wheel Drive,Automatic (AM-S8),8.0,4.0,Premium Gasoline,16,26,19,469.0
42407,2020,Bentley,Continental GT Convertible,Minicompact Cars,All-Wheel Drive,Automatic (AM-S8),12.0,6.0,Premium Gasoline,12,19,15,601.0
42418,2020,Bentley,Flying Spur,Midsize Cars,All-Wheel Drive,Automatic (AM-S8),12.0,6.0,Premium Gasoline,12,19,15,601.0
42579,2020,Bentley,Mulsanne,Midsize Cars,Rear-Wheel Drive,Automatic (S8),8.0,6.8,Premium Gasoline,10,16,12,749.0
42210,2020,Bugatti,Chiron,Two Seaters,All-Wheel Drive,Automatic (AM-S7),16.0,8.0,Premium Gasoline,9,14,11,840.0
42611,2020,Bugatti,Divo,Two Seaters,All-Wheel Drive,Automatic (AM-S7),16.0,8.0,Premium Gasoline,9,13,10,864.0
41525,2020,Buick,Enclave AWD,Standard Sport Utility Vehicle 4WD,All-Wheel Drive,Automatic 9-spd,6.0,3.6,Regular Gasoline,17,25,20,443.0
41523,2020,Buick,Enclave FWD,Standard Sport Utility Vehicle 2WD,Front-Wheel Drive,Automatic 9-spd,6.0,3.6,Regular Gasoline,18,26,21,420.0
41520,2020,Buick,Encore AWD,Small Sport Utility Vehicle 4WD,All-Wheel Drive,Automatic (S6),4.0,1.4,Regular Gasoline,24,29,26,344.0
41518,2020,Buick,Encore FWD,Small Sport Utility Vehicle 2WD,Front-Wheel Drive,Automatic (S6),4.0,1.4,Regular Gasoline,25,30,27,329.0
42404,2020,Buick,Encore GX AWD,Small Sport Utility Vehicle 4WD,All-Wheel Drive,Automatic 9-spd,3.0,1.3,Regular Gasoline,26,29,28,320.0
42403,2020,Buick,Encore GX FWD,Small Sport Utility Vehicle 2WD,Front-Wheel Drive,Automatic (variable gear ratios),3.0,1.3,Regular Gasoline,30,32,31,288.0
42441,2020,Buick,Encore GX FWD,Small Sport Utility Vehicle 2WD,Front-Wheel Drive,Automatic (variable gear ratios),3.0,1.2,Regular Gasoline,26,30,28,318.0
41441,2020,Buick,Envision AWD,Small Sport Utility Vehicle 4WD,All-Wheel Drive,Automatic 6-spd,4.0,2.5,Regular Gasoline,21,27,24,377.0
41442,2020,Buick,Envision AWD,Small Sport Utility Vehicle 4WD,All-Wheel Drive,Automatic 9-spd,4.0,2.0,Premium Gasoline,20,25,22,402.0
41438,2020,Buick,Envision FWD,Small Sport Utility Vehicle 2WD,Front-Wheel Drive,Automatic 6-spd,4.0,2.5,Regular Gasoline,22,29,25,359.0
41557,2020,Buick,Regal,Midsize Cars,Front-Wheel Drive,Automatic (S9),4.0,2.0,Premium Gasoline,22,32,26,343.0
41558,2020,Buick,Regal AWD,Midsize Cars,All-Wheel Drive,Automatic (S8),4.0,2.0,Premium Gasoline,21,29,24,365.0
41647,2020,Buick,Regal AWD,Midsize Cars,All-Wheel Drive,Automatic (S9),6.0,3.6,Regular Gasoline,19,27,22,411.0
41564,2020,Buick,Regal TourX AWD,Small Station Wagons,All-Wheel Drive,Automatic (S8),4.0,2.0,Premium Gasoline,21,29,24,365.0
42463,2020,Cadillac,CT4,Compact Cars,Rear-Wheel Drive,Automatic (S10),4.0,2.7,Premium Gasoline,20,30,24,373.0
42467,2020,Cadillac,CT4,Compact Cars,Rear-Wheel Drive,Automatic (S8),4.0,2.0,Premium Gasoline,23,34,27,327.0
42464,2020,Cadillac,CT4 AWD,Compact Cars,All-Wheel Drive,Automatic (S10),4.0,2.7,Premium Gasoline,20,28,23,382.0
42466,2020,Cadillac,CT4 AWD,Compact Cars,All-Wheel Drive,Automatic (S8),4.0,2.0,Premium Gasoline,23,32,26,343.0
42481,2020,Cadillac,CT4 V,Compact Cars,Rear-Wheel Drive,Automatic (S10),4.0,2.7,Premium Gasoline,20,29,23,384.0
42465,2020,Cadillac,CT4 V AWD,Compact Cars,All-Wheel Drive,Automatic (S10),4.0,2.7,Premium Gasoline,20,28,23,382.0
42237,2020,Cadillac,CT5,Midsize Cars,Rear-Wheel Drive,Automatic (S10),4.0,2.0,Premium Gasoline,23,32,26,337.0
42470,2020,Cadillac,CT5,Midsize Cars,Rear-Wheel Drive,Automatic (S10),6.0,3.0,Premium Gasoline,19,26,21,412.0
42238,2020,Cadillac,CT5 AWD,Midsize Cars,All-Wheel Drive,Automatic (S10),4.0,2.0,Premium Gasoline,21,31,25,356.0
42468,2020,Cadillac,CT5 AWD,Midsize Cars,All-Wheel Drive,Automatic (S10),6.0,3.0,Premium Gasoline,18,25,21,431.0
42471,2020,Cadillac,CT5 V,Midsize Cars,Rear-Wheel Drive,Automatic (S10),6.0,3.0,Premium Gasoline,18,26,21,412.0
42469,2020,Cadillac,CT5 V AWD,Midsize Cars,All-Wheel Drive,Automatic (S10),6.0,3.0,Premium Gasoline,17,25,20,442.0
41744,2020,Cadillac,CT6 AWD,Large Cars,All-Wheel Drive,Automatic (S10),6.0,3.6,Regular Gasoline,18,27,21,420.0
42378,2020,Cadillac,CT6 AWD,Large Cars,All-Wheel Drive,Automatic (S10),8.0,4.2,Premium Gasoline,14,25,17,521.0
41571,2020,Cadillac,Escalade 2WD,Standard Sport Utility Vehicle 2WD,Rear-Wheel Drive,Automatic 10-spd,8.0,6.2,Premium Gasoline,14,23,17,517.0
41583,2020,Cadillac,Escalade 4WD,Standard Sport Utility Vehicle 4WD,4-Wheel Drive,Automatic 10-spd,8.0,6.2,Premium Gasoline,14,21,17,537.0
41541,2020,Cadillac,XT4 AWD,Small Sport Utility Vehicle 4WD,All-Wheel Drive,Automatic (S9),4.0,2.0,Premium Gasoline,22,29,24,366.0
41539,2020,Cadillac,XT4 FWD,Small Sport Utility Vehicle 2WD,Front-Wheel Drive,Automatic (S9),4.0,2.0,Premium Gasoline,24,30,26,336.0
41874,2020,Cadillac,XT5 AWD,Small Sport Utility Vehicle 4WD,All-Wheel Drive,Automatic (S9),6.0,3.6,Regular Gasoline,18,25,20,434.0
42368,2020,Cadillac,XT5 AWD,Small Sport Utility Vehicle 4WD,All-Wheel Drive,Automatic (S9),4.0,2.0,Premium Gasoline,21,26,23,379.0
41868,2020,Cadillac,XT5 FWD,Small Sport Utility Vehicle 2WD,Front-Wheel Drive,Automatic (S9),6.0,3.6,Regular Gasoline,18,26,21,420.0
42365,2020,Cadillac,XT5 FWD,Small Sport Utility Vehicle 2WD,Front-Wheel Drive,Automatic (S9),4.0,2.0,Premium Gasoline,21,28,24,363.0
41429,2020,Cadillac,XT6 AWD,Small Sport Utility Vehicle 4WD,All-Wheel Drive,Automatic (S9),6.0,3.6,Regular Gasoline,17,24,20,446.0
41428,2020,Cadillac,XT6 FWD,Small Sport Utility Vehicle 2WD,Front-Wheel Drive,Automatic (S9),6.0,3.6,Regular Gasoline,18,25,20,437.0
41967,2020,Chevrolet,Blazer AWD,Small Sport Utility Vehicle 4WD,All-Wheel Drive,Automatic 9-spd,6.0,3.6,Regular Gasoline,18,25,21,433.0
42346,2020,Chevrolet,Blazer AWD,Small Sport Utility Vehicle 4WD,All-Wheel Drive,Automatic 9-spd,4.0,2.0,Regular Gasoline,21,27,23,374.0
41869,2020,Chevrolet,Blazer FWD,Small Sport Utility Vehicle 2WD,Front-Wheel Drive,Automatic 9-spd,4.0,2.5,Regular Gasoline,21,27,23,382.0
41964,2020,Chevrolet,Blazer FWD,Small Sport Utility Vehicle 2WD,Front-Wheel Drive,Automatic 9-spd,6.0,3.6,Regular Gasoline,19,26,21,414.0
42343,2020,Chevrolet,Blazer FWD,Small Sport Utility Vehicle 2WD,Front-Wheel Drive,Automatic 9-spd,4.0,2.0,Regular Gasoline,21,28,24,362.0
41546,2020,Chevrolet,Camaro,Subcompact Cars,Rear-Wheel Drive,Automatic (S10),8.0,6.2,Premium Gasoline,13,21,16,571.0
41547,2020,Chevrolet,Camaro,Subcompact Cars,Rear-Wheel Drive,Manual 6-spd,8.0,6.2,Premium Gasoline,14,20,16,565.0
41548,2020,Chevrolet,Camaro,Subcompact Cars,Rear-Wheel Drive,Manual 6-spd,4.0,2.0,Premium Gasoline,20,30,23,378.0
41549,2020,Chevrolet,Camaro,Subcompact Cars,Rear-Wheel Drive,Automatic (S8),4.0,2.0,Premium Gasoline,22,31,25,353.0
41550,2020,Chevrolet,Camaro,Subcompact Cars,Rear-Wheel Drive,Manual 6-spd,6.0,3.6,Regular Gasoline,16,26,20,451.0
41645,2020,Chevrolet,Camaro,Subcompact Cars,Rear-Wheel Drive,Automatic (S10),6.0,3.6,Regular Gasoline,19,29,22,397.0
41646,2020,Chevrolet,Camaro,Subcompact Cars,Rear-Wheel Drive,Automatic (S10),8.0,6.2,Premium Gasoline,16,27,20,451.0
41791,2020,Chevrolet,Camaro,Subcompact Cars,Rear-Wheel Drive,Manual 6-spd,8.0,6.2,Premium Gasoline,16,24,19,477.0
41616,2020,Chevrolet,Colorado 2WD,Small Pickup Trucks 2WD,Rear-Wheel Drive,Automatic 8-spd,6.0,3.6,Regular Gasoline,18,25,20,440.0
41617,2020,Chevrolet,Colorado 2WD,Small Pickup Trucks 2WD,Rear-Wheel Drive,Automatic 6-spd,4.0,2.5,Regular Gasoline,20,26,22,406.0
41623,2020,Chevrolet,Colorado 4WD,Small Pickup Trucks 4WD,4-Wheel Drive,Automatic 8-spd,6.0,3.6,Regular Gasoline,17,24,19,461.0
41625,2020,Chevrolet,Colorado 4WD,Small Pickup Trucks 4WD,4-Wheel Drive,Automatic 6-spd,4.0,2.5,Regular Gasoline,19,24,21,428.0
41624,2020,Chevrolet,Colorado ZR2 4WD,Small Pickup Trucks 4WD,4-Wheel Drive,Automatic 8-spd,6.0,3.6,Regular Gasoline,16,18,17,532.0
42459,2020,Chevrolet,Corvette,Two Seaters,Rear-Wheel Drive,Automatic (S8),8.0,6.2,Premium Gasoline,15,27,19,467.0
41504,2020,Chevrolet,Equinox AWD,Small Sport Utility Vehicle 4WD,All-Wheel Drive,Automatic 6-spd,4.0,1.5,Regular Gasoline,25,30,27,324.0
41505,2020,Chevrolet,Equinox AWD,Small Sport Utility Vehicle 4WD,All-Wheel Drive,Automatic 9-spd,4.0,2.0,Premium Gasoline,22,28,24,367.0
41499,2020,Chevrolet,Equinox FWD,Small Sport Utility Vehicle 2WD,Front-Wheel Drive,Automatic 6-spd,4.0,1.5,Regular Gasoline,26,31,28,315.0
41500,2020,Chevrolet,Equinox FWD,Small Sport Utility Vehicle 2WD,Front-Wheel Drive,Automatic 9-spd,4.0,2.0,Premium Gasoline,22,29,25,350.0
41745,2020,Chevrolet,Impala,Large Cars,Front-Wheel Drive,Automatic (S6),6.0,3.6,Regular Gasoline,19,28,22,406.0
41425,2020,Chevrolet,Malibu,Midsize Cars,Front-Wheel Drive,Automatic 9-spd,4.0,2.0,Premium Gasoline,22,32,26,344.0
41492,2020,Chevrolet,Malibu,Midsize Cars,Front-Wheel Drive,Automatic (variable gear ratios),4.0,1.5,Regular Gasoline,29,36,32,298.0
41818,2020,Chevrolet,Silverado 2WD,Standard Pickup Trucks 2WD,Rear-Wheel Drive,Automatic 6-spd,6.0,4.3,Regular Gasoline,16,21,17,523.0
41819,2020,Chevrolet,Silverado 2WD,Standard Pickup Trucks 2WD,Rear-Wheel Drive,Automatic 8-spd,8.0,5.3,Regular Gasoline,17,23,19,460.0
41820,2020,Chevrolet,Silverado 2WD,Standard Pickup Trucks 2WD,Rear-Wheel Drive,Automatic 8-spd,4.0,2.7,Regular Gasoline,19,22,20,422.0
41822,2020,Chevrolet,Silverado 2WD,Standard Pickup Trucks 2WD,Rear-Wheel Drive,Automatic 6-spd,8.0,5.3,Regular Gasoline,15,21,17,524.0
41824,2020,Chevrolet,Silverado 2WD,Standard Pickup Trucks 2WD,Rear-Wheel Drive,Automatic 8-spd,4.0,2.7,Regular Gasoline,20,23,21,421.0
41891,2020,Chevrolet,Silverado 2WD,Standard Pickup Trucks 2WD,Rear-Wheel Drive,Automatic 8-spd,8.0,5.3,Regular Gasoline,17,24,20,448.0
41833,2020,Chevrolet,Silverado 4WD,Standard Pickup Trucks 4WD,4-Wheel Drive,Automatic 8-spd,8.0,5.3,Regular Gasoline,16,22,18,494.0
41835,2020,Chevrolet,Silverado 4WD,Standard Pickup Trucks 4WD,4-Wheel Drive,Automatic 10-spd,8.0,5.3,Regular Gasoline,16,22,19,477.0
41837,2020,Chevrolet,Silverado 4WD,Standard Pickup Trucks 4WD,4-Wheel Drive,Automatic 8-spd,4.0,2.7,Regular Gasoline,19,22,20,442.0
41838,2020,Chevrolet,Silverado 4WD,Standard Pickup Trucks 4WD,4-Wheel Drive,Automatic 10-spd,8.0,6.2,Premium Gasoline,16,20,17,516.0
41839,2020,Chevrolet,Silverado 4WD,Standard Pickup Trucks 4WD,4-Wheel Drive,Automatic 6-spd,8.0,5.3,Regular Gasoline,15,20,17,525.0
41843,2020,Chevrolet,Silverado 4WD,Standard Pickup Trucks 4WD,4-Wheel Drive,Automatic 8-spd,4.0,2.7,Regular Gasoline,19,22,20,442.0
41844,2020,Chevrolet,Silverado 4WD,Standard Pickup Trucks 4WD,4-Wheel Drive,Automatic 6-spd,6.0,4.3,Regular Gasoline,15,20,17,532.0
41834,2020,Chevrolet,Silverado 4WD TrailBoss,Standard Pickup Trucks 4WD,4-Wheel Drive,Automatic 8-spd,8.0,5.3,Regular Gasoline,16,21,18,486.0
41836,2020,Chevrolet,Silverado 4WD TrailBoss,Standard Pickup Trucks 4WD,4-Wheel Drive,Automatic 10-spd,8.0,5.3,Regular Gasoline,16,21,18,494.0
41840,2020,Chevrolet,Silverado 4WD TrailBoss,Standard Pickup Trucks 4WD,4-Wheel Drive,Automatic 6-spd,8.0,5.3,Regular Gasoline,14,18,16,561.0
41845,2020,Chevrolet,Silverado 4WD TrailBoss,Standard Pickup Trucks 4WD,4-Wheel Drive,Automatic 6-spd,6.0,4.3,Regular Gasoline,14,18,16,556.0
42436,2020,Chevrolet,Silverado 4WD TrailBoss,Standard Pickup Trucks 4WD,4-Wheel Drive,Automatic 10-spd,8.0,6.2,Premium Gasoline,15,19,17,515.0
42437,2020,Chevrolet,Silverado 4WD TrailBoss,Standard Pickup Trucks 4WD,4-Wheel Drive,Automatic 10-spd,8.0,6.2,Premium Gasoline,14,18,15,575.0
41860,2020,Chevrolet,Silverado Cab Chassis 2WD,Special Purpose Vehicle 2WD,Rear-Wheel Drive,Automatic 6-spd,6.0,4.3,Regular Gasoline,15,19,17,523.0
41862,2020,Chevrolet,Silverado Cab Chassis 2WD,Special Purpose Vehicle 2WD,Rear-Wheel Drive,Automatic 6-spd,8.0,5.3,Regular Gasoline,14,18,15,582.0
41861,2020,Chevrolet,Silverado Cab Chassis 4WD,Special Purpose Vehicle 4WD,4-Wheel Drive,Automatic 6-spd,8.0,5.3,Regular Gasoline,14,17,15,593.0
41863,2020,Chevrolet,Silverado Cab Chassis 4WD,Special Purpose Vehicle 4WD,4-Wheel Drive,Automatic 6-spd,6.0,4.3,Regular Gasoline,14,16,15,594.0
41531,2020,Chevrolet,Sonic,Compact Cars,Front-Wheel Drive,Automatic (S6),4.0,1.4,Regular Gasoline,26,34,29,308.0
41538,2020,Chevrolet,Sonic 5,Small Station Wagons,Front-Wheel Drive,Automatic (S6),4.0,1.4,Regular Gasoline,26,34,29,308.0
41449,2020,Chevrolet,Spark,Subcompact Cars,Front-Wheel Drive,Automatic (variable gear ratios),4.0,1.4,Regular Gasoline,30,38,33,269.0
41450,2020,Chevrolet,Spark,Subcompact Cars,Front-Wheel Drive,Manual 5-spd,4.0,1.4,Regular Gasoline,29,38,33,273.0
41451,2020,Chevrolet,Spark ACTIV,Subcompact Cars,Front-Wheel Drive,Manual 5-spd,4.0,1.4,Regular Gasoline,29,37,32,278.0
41452,2020,Chevrolet,Spark ACTIV,Subcompact Cars,Front-Wheel Drive,Automatic (variable gear ratios),4.0,1.4,Regular Gasoline,30,37,33,269.0
41575,2020,Chevrolet,Suburban C1500 2WD,Standard Sport Utility Vehicle 2WD,Rear-Wheel Drive,Automatic 6-spd,8.0,5.3,Regular Gasoline,15,22,18,505.0
41605,2020,Chevrolet,Suburban C1500 2WD,Standard Sport Utility Vehicle 2WD,Rear-Wheel Drive,Automatic 10-spd,8.0,6.2,Premium Gasoline,14,23,17,517.0
41606,2020,Chevrolet,Suburban K1500 4WD,Standard Sport Utility Vehicle 4WD,4-Wheel Drive,Automatic 10-spd,8.0,6.2,Premium Gasoline,14,20,16,557.0
41631,2020,Chevrolet,Suburban K1500 4WD,Standard Sport Utility Vehicle 4WD,4-Wheel Drive,Automatic 6-spd,8.0,5.3,Regular Gasoline,14,21,16,547.0
41574,2020,Chevrolet,Tahoe C1500 2WD,Standard Sport Utility Vehicle 2WD,Rear-Wheel Drive,Automatic 6-spd,8.0,5.3,Regular Gasoline,15,22,18,505.0
41576,2020,Chevrolet,Tahoe C1500 2WD,Standard Sport Utility Vehicle 2WD,Rear-Wheel Drive,Automatic 10-spd,8.0,6.2,Premium Gasoline,14,23,17,517.0
41584,2020,Chevrolet,Tahoe K1500 4WD,Standard Sport Utility Vehicle 4WD,4-Wheel Drive,Automatic 6-spd,8.0,5.3,Regular Gasoline,15,21,17,525.0
41587,2020,Chevrolet,Tahoe K1500 4WD,Standard Sport Utility Vehicle 4WD,4-Wheel Drive,Automatic 10-spd,8.0,6.2,Premium Gasoline,14,22,17,527.0
41526,2020,Chevrolet,Traverse AWD,Standard Sport Utility Vehicle 4WD,All-Wheel Drive,Automatic 9-spd,6.0,3.6,Regular Gasoline,17,25,20,442.0
41524,2020,Chevrolet,Traverse FWD,Standard Sport Utility Vehicle 2WD,Front-Wheel Drive,Automatic 9-spd,6.0,3.6,Regular Gasoline,18,27,21,420.0
41521,2020,Chevrolet,Trax AWD,Small Sport Utility Vehicle 4WD,All-Wheel Drive,Automatic (S6),4.0,1.4,Regular Gasoline,24,29,26,344.0
41519,2020,Chevrolet,Trax FWD,Small Sport Utility Vehicle 2WD,Front-Wheel Drive,Automatic (S6),4.0,1.4,Regular Gasoline,26,31,28,316.0
42329,2020,Chrysler,300,Large Cars,Rear-Wheel Drive,Automatic 8-spd,6.0,3.6,Regular Gasoline,19,30,23,389.0
42390,2020,Chrysler,300,Large Cars,Rear-Wheel Drive,Automatic 8-spd,8.0,5.7,Midgrade Gasoline,16,25,19,466.0
42330,2020,Chrysler,300 AWD,Large Cars,All-Wheel Drive,Automatic 8-spd,6.0,3.6,Regular Gasoline,18,27,21,415.0
41893,2020,Chrysler,Pacifica,Minivan - 2WD,Front-Wheel Drive,Automatic 9-spd,6.0,3.6,Regular Gasoline,19,28,22,401.0
42986,2020,Chrysler,Pacifica AWD,Minivan - 4WD,All-Wheel Drive,Automatic 9-spd,6.0,3.6,Regular Gasoline,17,25,20,445.0
41894,2020,Chrysler,Voyager,Minivan - 2WD,Front-Wheel Drive,Automatic 9-spd,6.0,3.6,Regular Gasoline,19,28,22,401.0
42323,2020,Dodge,Challenger,Midsize Cars,Rear-Wheel Drive,Automatic 8-spd,6.0,3.6,Regular Gasoline,19,30,23,389.0
42324,2020,Dodge,Challenger,Midsize Cars,Rear-Wheel Drive,Automatic 8-spd,8.0,6.4,Premium Gasoline,15,24,18,500.0
42325,2020,Dodge,Challenger,Midsize Cars,Rear-Wheel Drive,Manual 6-spd,8.0,6.4,Premium Gasoline,14,23,17,523.0
42387,2020,Dodge,Challenger,Midsize Cars,Rear-Wheel Drive,Automatic 8-spd,8.0,5.7,Midgrade Gasoline,16,25,19,466.0
42388,2020,Dodge,Challenger,Midsize Cars,Rear-Wheel Drive,Manual 6-spd,8.0,5.7,Premium Gasoline,15,23,18,494.0
42328,2020,Dodge,Challenger AWD,Midsize Cars,All-Wheel Drive,Automatic 8-spd,6.0,3.6,Regular Gasoline,18,27,21,415.0
42319,2020,Dodge,Challenger SRT,Midsize Cars,Rear-Wheel Drive,Automatic 8-spd,8.0,6.2,Premium Gasoline,13,22,16,546.0
42320,2020,Dodge,Challenger SRT,Midsize Cars,Rear-Wheel Drive,Manual 6-spd,8.0,6.2,Premium Gasoline,13,21,16,567.0
42321,2020,Dodge,Challenger SRT Widebody,Midsize Cars,Rear-Wheel Drive,Automatic 8-spd,8.0,6.2,Premium Gasoline,13,21,15,576.0
42322,2020,Dodge,Challenger SRT Widebody,Midsize Cars,Rear-Wheel Drive,Manual 6-spd,8.0,6.2,Premium Gasoline,13,21,16,567.0
42326,2020,Dodge,Challenger Widebody,Midsize Cars,Rear-Wheel Drive,Automatic 8-spd,8.0,6.4,Premium Gasoline,15,24,18,500.0
42327,2020,Dodge,Challenger Widebody,Midsize Cars,Rear-Wheel Drive,Manual 6-spd,8.0,6.4,Premium Gasoline,14,23,17,523.0
42332,2020,Dodge,Charger,Large Cars,Rear-Wheel Drive,Automatic 8-spd,6.0,3.6,Regular Gasoline,19,30,23,389.0
42333,2020,Dodge,Charger,Large Cars,Rear-Wheel Drive,Automatic 8-spd,8.0,6.4,Premium Gasoline,15,24,18,500.0
42391,2020,Dodge,Charger,Large Cars,Rear-Wheel Drive,Automatic 8-spd,8.0,5.7,Midgrade Gasoline,16,25,19,466.0
42335,2020,Dodge,Charger AWD,Large Cars,All-Wheel Drive,Automatic 8-spd,6.0,3.6,Regular Gasoline,18,27,21,415.0
42331,2020,Dodge,Charger SRT Widebody,Large Cars,Rear-Wheel Drive,Automatic 8-spd,8.0,6.2,Premium Gasoline,12,21,15,592.0
42334,2020,Dodge,Charger Widebody,Large Cars,Rear-Wheel Drive,Automatic 8-spd,8.0,6.4,Premium Gasoline,15,24,18,500.0
41778,2020,Dodge,Durango AWD,Standard Sport Utility Vehicle 4WD,All-Wheel Drive,Automatic 8-spd,6.0,3.6,Regular Gasoline,18,25,21,427.0
41779,2020,Dodge,Durango AWD,Standard Sport Utility Vehicle 4WD,All-Wheel Drive,Automatic 8-spd,8.0,5.7,Midgrade Gasoline,14,22,17,533.0
41770,2020,Dodge,Durango RWD,Standard Sport Utility Vehicle 2WD,Rear-Wheel Drive,Automatic 8-spd,6.0,3.6,Regular Gasoline,19,26,21,414.0
41771,2020,Dodge,Durango RWD,Standard Sport Utility Vehicle 2WD,Rear-Wheel Drive,Automatic 8-spd,8.0,5.7,Midgrade Gasoline,14,22,17,525.0
41971,2020,Dodge,Durango SRT AWD,Standard Sport Utility Vehicle 4WD,All-Wheel Drive,Automatic 8-spd,8.0,6.4,Premium Gasoline,13,19,15,584.0
42423,2020,Dodge,Grand Caravan,Minivan - 2WD,Front-Wheel Drive,Automatic 6-spd,6.0,3.6,Regular Gasoline,17,25,20,445.0
42442,2020,Dodge,Journey,Small Sport Utility Vehicle 2WD,Front-Wheel Drive,Automatic 4-spd,4.0,2.4,Regular Gasoline,19,25,21,420.0
41688,2020,Ferrari,488 Pista,Two Seaters,Rear-Wheel Drive,Automatic (AM7),8.0,3.9,Premium Gasoline,15,20,17,524.0
41689,2020,Ferrari,488 Pista Spider,Two Seaters,Rear-Wheel Drive,Automatic (AM7),8.0,3.9,Premium Gasoline,15,19,17,531.0
41690,2020,Ferrari,812 Superfast,Two Seaters,Rear-Wheel Drive,Automatic (AM7),12.0,6.5,Premium Gasoline,12,16,13,661.0
41883,2020,Ferrari,F8 Tributo,Two Seaters,Rear-Wheel Drive,Automatic (AM7),8.0,3.9,Premium Gasoline,15,19,16,539.0
41691,2020,Ferrari,GTC4Lusso,Minicompact Cars,Part-time 4-Wheel Drive,Automatic (AM7),12.0,6.3,Premium Gasoline,12,17,13,661.0
41692,2020,Ferrari,GTC4Lusso T,Minicompact Cars,Rear-Wheel Drive,Automatic (AM7),8.0,3.9,Premium Gasoline,15,21,17,524.0
41693,2020,Ferrari,Portofino,Minicompact Cars,Rear-Wheel Drive,Automatic (AM7),8.0,3.9,Premium Gasoline,16,22,18,485.0
41608,2020,Fiat,124 Spider,Two Seaters,Rear-Wheel Drive,Automatic 6-spd,4.0,1.4,Premium Gasoline,25,36,29,302.0
41609,2020,Fiat,124 Spider,Two Seaters,Rear-Wheel Drive,Manual 6-spd,4.0,1.4,Premium Gasoline,26,35,30,298.0
41650,2020,Fiat,500 L,Small Station Wagons,Front-Wheel Drive,Automatic 6-spd,4.0,1.4,Premium Gasoline,22,30,25,356.0
42205,2020,Fiat,500X AWD,Small Sport Utility Vehicle 4WD,All-Wheel Drive,Automatic 9-spd,4.0,1.3,Regular Gasoline,24,30,26,342.0
41630,2020,Ford,EcoSport AWD,Small Sport Utility Vehicle 4WD,All-Wheel Drive,Automatic (S6),4.0,2.0,Regular Gasoline,23,29,25,355.0
41629,2020,Ford,EcoSport FWD,Small Sport Utility Vehicle 2WD,Front-Wheel Drive,Automatic (S6),3.0,1.0,Regular Gasoline,27,29,28,318.0
42078,2020,Ford,Edge AWD,Small Sport Utility Vehicle 4WD,All-Wheel Drive,Automatic (S8),4.0,2.0,Regular Gasoline,21,28,23,384.0
42079,2020,Ford,Edge AWD,Small Sport Utility Vehicle 4WD,All-Wheel Drive,Automatic (S8),6.0,2.7,Regular Gasoline,19,26,21,417.0
42080,2020,Ford,Edge AWD,Small Sport Utility Vehicle 4WD,All-Wheel Drive,Automatic 8-spd,4.0,2.0,Regular Gasoline,21,28,23,384.0
42075,2020,Ford,Edge FWD,Small Sport Utility Vehicle 2WD,Front-Wheel Drive,Automatic 8-spd,4.0,2.0,Regular Gasoline,21,29,24,369.0
42256,2020,Ford,Escape AWD,Small Sport Utility Vehicle 4WD,All-Wheel Drive,Automatic (S8),4.0,2.0,Regular Gasoline,23,31,26,342.0
42257,2020,Ford,Escape AWD,Small Sport Utility Vehicle 4WD,All-Wheel Drive,Automatic 8-spd,3.0,1.5,Regular Gasoline,26,31,28,319.0
42074,2020,Ford,Escape FWD,Small Sport Utility Vehicle 2WD,Front-Wheel Drive,Automatic 8-spd,3.0,1.5,Regular Gasoline,27,33,30,297.0
42265,2020,Ford,Expedition 2WD,Standard Sport Utility Vehicle 2WD,Rear-Wheel Drive,Automatic (S10),6.0,3.5,Regular Gasoline,17,23,19,467.0
42269,2020,Ford,Expedition 4WD,Standard Sport Utility Vehicle 4WD,Part-time 4-Wheel Drive,Automatic (S10),6.0,3.5,Regular Gasoline,17,22,19,473.0
42266,2020,Ford,Expedition MAX 2WD,Standard Sport Utility Vehicle 2WD,Rear-Wheel Drive,Automatic (S10),6.0,3.5,Regular Gasoline,17,23,19,467.0
42270,2020,Ford,Expedition MAX 4WD,Standard Sport Utility Vehicle 4WD,Part-time 4-Wheel Drive,Automatic (S10),6.0,3.5,Regular Gasoline,16,21,18,494.0
41487,2020,Ford,Explorer AWD,Standard Sport Utility Vehicle 4WD,Part-time 4-Wheel Drive,Automatic (S10),4.0,2.3,Regular Gasoline,20,27,23,386.0
41511,2020,Ford,Explorer AWD,Standard Sport Utility Vehicle 4WD,Part-time 4-Wheel Drive,Automatic (S10),6.0,3.0,Regular Gasoline,18,24,20,446.0
41485,2020,Ford,Explorer RWD,Standard Sport Utility Vehicle 2WD,Rear-Wheel Drive,Automatic (S10),4.0,2.3,Regular Gasoline,21,28,24,370.0
42171,2020,Ford,F150 Pickup 2WD,Standard Pickup Trucks 2WD,Rear-Wheel Drive,Automatic (S10),6.0,3.5,Regular Gasoline,17,23,19,468.0
42173,2020,Ford,F150 Pickup 2WD,Standard Pickup Trucks 2WD,Rear-Wheel Drive,Automatic (S10),6.0,2.7,Regular Gasoline,20,26,22,402.0
42172,2020,Ford,F150 Pickup 2WD Limited,Standard Pickup Trucks 2WD,Rear-Wheel Drive,Automatic (S10),6.0,3.5,Regular Gasoline,17,22,19,466.0
42176,2020,Ford,F150 Pickup 4WD,Standard Pickup Trucks 4WD,Part-time 4-Wheel Drive,Automatic (S10),6.0,3.5,Regular Gasoline,16,22,18,488.0
42179,2020,Ford,F150 Pickup 4WD,Standard Pickup Trucks 4WD,Part-time 4-Wheel Drive,Automatic (S10),6.0,2.7,Regular Gasoline,18,23,20,444.0
42177,2020,Ford,F150 Pickup 4WD Limited,Standard Pickup Trucks 4WD,Part-time 4-Wheel Drive,Automatic (S10),6.0,3.5,Regular Gasoline,17,21,19,467.0
42178,2020,Ford,F150 RAPTOR 4WD,Standard Pickup Trucks 4WD,Part-time 4-Wheel Drive,Automatic (S10),6.0,3.5,Regular Gasoline,15,18,16,540.0
41799,2020,Ford,Fusion AWD,Midsize Cars,All-Wheel Drive,Automatic (S6),4.0,2.0,Regular Gasoline,20,29,23,384.0
41798,2020,Ford,Fusion FWD,Midsize Cars,Front-Wheel Drive,Automatic (S6),4.0,1.5,Regular Gasoline,23,34,27,327.0
41800,2020,Ford,Fusion FWD,Midsize Cars,Front-Wheel Drive,Automatic (S6),4.0,2.0,Regular Gasoline,21,31,25,355.0
41801,2020,Ford,Fusion FWD,Midsize Cars,Front-Wheel Drive,Automatic 6-spd,4.0,2.5,Regular Gasoline,21,31,24,364.0
42384,2020,Ford,GT,Two Seaters,Rear-Wheel Drive,Automatic (AM7),6.0,3.5,Premium Gasoline,12,18,14,632.0
41951,2020,Ford,Mustang,Subcompact Cars,Rear-Wheel Drive,Manual 6-spd,4.0,2.3,Regular Gasoline,21,30,24,364.0
41952,2020,Ford,Mustang,Subcompact Cars,Rear-Wheel Drive,Automatic (S10),4.0,2.3,Regular Gasoline,21,32,25,354.0
41953,2020,Ford,Mustang,Subcompact Cars,Rear-Wheel Drive,Manual 6-spd,8.0,5.0,Regular Gasoline,15,24,18,493.0
41956,2020,Ford,Mustang,Subcompact Cars,Rear-Wheel Drive,Automatic (S10),8.0,5.0,Regular Gasoline,16,25,19,472.0
41995,2020,Ford,Mustang Bullitt,Subcompact Cars,Rear-Wheel Drive,Manual 6-spd,8.0,5.0,Regular Gasoline,14,23,17,514.0
41954,2020,Ford,Mustang Convertible,Subcompact Cars,Rear-Wheel Drive,Manual 6-spd,4.0,2.3,Regular Gasoline,20,28,23,386.0
41955,2020,Ford,Mustang Convertible,Subcompact Cars,Rear-Wheel Drive,Automatic (S10),4.0,2.3,Regular Gasoline,20,28,23,387.0
41957,2020,Ford,Mustang Convertible,Subcompact Cars,Rear-Wheel Drive,Automatic (S10),8.0,5.0,Regular Gasoline,15,24,18,484.0
41959,2020,Ford,Mustang HO Convertible,Subcompact Cars,Rear-Wheel Drive,Automatic (S10),4.0,2.3,Regular Gasoline,20,27,23,386.0
41961,2020,Ford,Mustang HO Convertible,Subcompact Cars,Rear-Wheel Drive,Manual 6-spd,4.0,2.3,Regular Gasoline,19,26,22,406.0
41958,2020,Ford,Mustang HO Coupe,Subcompact Cars,Rear-Wheel Drive,Automatic (S10),4.0,2.3,Regular Gasoline,20,28,23,386.0
41960,2020,Ford,Mustang HO Coupe,Subcompact Cars,Rear-Wheel Drive,Manual 6-spd,4.0,2.3,Regular Gasoline,20,27,23,389.0
42338,2020,Ford,Ranger 2WD,Standard Pickup Trucks 2WD,Rear-Wheel Drive,Automatic (S10),4.0,2.3,Regular Gasoline,21,26,23,387.0
42342,2020,Ford,Ranger 2WD Incomplete,Special Purpose Vehicle 2WD,Rear-Wheel Drive,Automatic (S10),4.0,2.3,Regular Gasoline,19,18,18,485.0
42339,2020,Ford,Ranger 4WD,Standard Pickup Trucks 4WD,Part-time 4-Wheel Drive,Automatic (S10),4.0,2.3,Regular Gasoline,20,24,22,404.0
41994,2020,Ford,Shelby GT350 Mustang,Subcompact Cars,Rear-Wheel Drive,Manual 6-spd,8.0,5.2,Premium Gasoline,14,21,16,550.0
42139,2020,Ford,Shelby GT500 Mustang,Subcompact Cars,Rear-Wheel Drive,Automatic (AM7),8.0,5.2,Premium Gasoline,12,18,14,631.0
41474,2020,Ford,Transit Connect USPS,Special Purpose Vehicle 2WD,Front-Wheel Drive,Automatic (S6),4.0,2.5,Regular Gasoline,20,27,22,397.0
41468,2020,Ford,Transit Connect Van 2WD,Special Purpose Vehicle 2WD,Front-Wheel Drive,Automatic (S8),4.0,2.0,Regular Gasoline,24,27,25,353.0
41472,2020,Ford,Transit Connect Van 2WD,Special Purpose Vehicle 2WD,Front-Wheel Drive,Automatic (S6),4.0,2.5,Regular Gasoline,20,27,22,397.0
41470,2020,Ford,Transit Connect Wagon LWB FWD,Special Purpose Vehicle 2WD,Front-Wheel Drive,Automatic (S8),4.0,2.0,Regular Gasoline,24,29,26,344.0
41473,2020,Ford,Transit Connect Wagon LWB FWD,Special Purpose Vehicle 2WD,Front-Wheel Drive,Automatic (S6),4.0,2.5,Regular Gasoline,20,26,22,404.0
41881,2020,GMC,Acadia AWD,Standard Sport Utility Vehicle 4WD,All-Wheel Drive,Automatic 9-spd,6.0,3.6,Regular Gasoline,18,25,21,433.0
42351,2020,GMC,Acadia AWD,Standard Sport Utility Vehicle 4WD,All-Wheel Drive,Automatic 9-spd,4.0,2.0,Regular Gasoline,21,27,23,374.0
41878,2020,GMC,Acadia FWD,Standard Sport Utility Vehicle 2WD,Front-Wheel Drive,Automatic 9-spd,4.0,2.5,Regular Gasoline,21,27,23,382.0
41879,2020,GMC,Acadia FWD,Standard Sport Utility Vehicle 2WD,Front-Wheel Drive,Automatic 9-spd,6.0,3.6,Regular Gasoline,19,27,22,413.0
42350,2020,GMC,Acadia FWD,Standard Sport Utility Vehicle 2WD,Front-Wheel Drive,Automatic 9-spd,4.0,2.0,Regular Gasoline,21,28,24,362.0
41619,2020,GMC,Canyon 2WD,Small Pickup Trucks 2WD,Rear-Wheel Drive,Automatic 8-spd,6.0,3.6,Regular Gasoline,18,25,20,440.0
41620,2020,GMC,Canyon 2WD,Small Pickup Trucks 2WD,Rear-Wheel Drive,Automatic 6-spd,4.0,2.5,Regular Gasoline,20,26,22,406.0
41627,2020,GMC,Canyon 4WD,Small Pickup Trucks 4WD,4-Wheel Drive,Automatic 8-spd,6.0,3.6,Regular Gasoline,17,24,19,461.0
41628,2020,GMC,Canyon 4WD,Small Pickup Trucks 4WD,4-Wheel Drive,Automatic 6-spd,4.0,2.5,Regular Gasoline,19,24,21,428.0
41825,2020,GMC,Sierra 2WD,Standard Pickup Trucks 2WD,Rear-Wheel Drive,Automatic 6-spd,6.0,4.3,Regular Gasoline,16,21,17,523.0
41826,2020,GMC,Sierra 2WD,Standard Pickup Trucks 2WD,Rear-Wheel Drive,Automatic 8-spd,8.0,5.3,Regular Gasoline,17,23,19,463.0
41827,2020,GMC,Sierra 2WD,Standard Pickup Trucks 2WD,Rear-Wheel Drive,Automatic 8-spd,4.0,2.7,Regular Gasoline,19,22,20,421.0
41829,2020,GMC,Sierra 2WD,Standard Pickup Trucks 2WD,Rear-Wheel Drive,Automatic 6-spd,8.0,5.3,Regular Gasoline,15,21,17,524.0
41831,2020,GMC,Sierra 2WD,Standard Pickup Trucks 2WD,Rear-Wheel Drive,Automatic 8-spd,4.0,2.7,Regular Gasoline,20,23,21,421.0
41892,2020,GMC,Sierra 2WD,Standard Pickup Trucks 2WD,Rear-Wheel Drive,Automatic 8-spd,8.0,5.3,Regular Gasoline,17,24,20,448.0
41846,2020,GMC,Sierra 4WD,Standard Pickup Trucks 4WD,4-Wheel Drive,Automatic 8-spd,8.0,5.3,Regular Gasoline,16,22,18,490.0
41848,2020,GMC,Sierra 4WD,Standard Pickup Trucks 4WD,4-Wheel Drive,Automatic 10-spd,8.0,5.3,Regular Gasoline,16,22,19,479.0
41850,2020,GMC,Sierra 4WD,Standard Pickup Trucks 4WD,4-Wheel Drive,Automatic 8-spd,4.0,2.7,Regular Gasoline,19,22,20,442.0
41851,2020,GMC,Sierra 4WD,Standard Pickup Trucks 4WD,4-Wheel Drive,Automatic 10-spd,8.0,6.2,Premium Gasoline,15,20,17,525.0
41853,2020,GMC,Sierra 4WD,Standard Pickup Trucks 4WD,4-Wheel Drive,Automatic 6-spd,8.0,5.3,Regular Gasoline,15,20,17,530.0
41857,2020,GMC,Sierra 4WD,Standard Pickup Trucks 4WD,4-Wheel Drive,Automatic 8-spd,4.0,2.7,Regular Gasoline,19,22,20,442.0
41858,2020,GMC,Sierra 4WD,Standard Pickup Trucks 4WD,4-Wheel Drive,Automatic 6-spd,6.0,4.3,Regular Gasoline,15,20,17,532.0
41847,2020,GMC,Sierra 4WD AT4,Standard Pickup Trucks 4WD,4-Wheel Drive,Automatic 8-spd,8.0,5.3,Regular Gasoline,16,21,18,486.0
41849,2020,GMC,Sierra 4WD AT4,Standard Pickup Trucks 4WD,4-Wheel Drive,Automatic 10-spd,8.0,5.3,Regular Gasoline,16,21,18,494.0
41852,2020,GMC,Sierra 4WD AT4,Standard Pickup Trucks 4WD,4-Wheel Drive,Automatic 10-spd,8.0,6.2,Premium Gasoline,15,19,17,515.0
41854,2020,GMC,Sierra 4WD AT4,Standard Pickup Trucks 4WD,4-Wheel Drive,Automatic 6-spd,8.0,5.3,Regular Gasoline,14,18,16,556.0
41864,2020,GMC,Sierra Cab Chassis 2WD,Special Purpose Vehicle 2WD,Rear-Wheel Drive,Automatic 6-spd,6.0,4.3,Regular Gasoline,15,19,17,523.0
41867,2020,GMC,Sierra Cab Chassis 2WD,Special Purpose Vehicle 2WD,Rear-Wheel Drive,Automatic 6-spd,8.0,5.3,Regular Gasoline,14,18,15,582.0
41865,2020,GMC,Sierra Cab Chassis 4WD,Special Purpose Vehicle 4WD,4-Wheel Drive,Automatic 6-spd,6.0,4.3,Regular Gasoline,14,16,15,594.0
41866,2020,GMC,Sierra Cab Chassis 4WD,Special Purpose Vehicle 4WD,4-Wheel Drive,Automatic 6-spd,8.0,5.3,Regular Gasoline,14,17,15,593.0
41506,2020,GMC,Terrain AWD,Small Sport Utility Vehicle 4WD,All-Wheel Drive,Automatic 9-spd,4.0,1.5,Regular Gasoline,25,28,26,339.0
41507,2020,GMC,Terrain AWD,Small Sport Utility Vehicle 4WD,All-Wheel Drive,Automatic 9-spd,4.0,2.0,Premium Gasoline,21,26,23,386.0
41501,2020,GMC,Terrain FWD,Small Sport Utility Vehicle 2WD,Front-Wheel Drive,Automatic 9-spd,4.0,1.5,Regular Gasoline,26,30,27,325.0
41753,2020,GMC,Terrain FWD,Small Sport Utility Vehicle 2WD,Front-Wheel Drive,Automatic 9-spd,4.0,2.0,Premium Gasoline,22,28,24,350.0
41579,2020,GMC,Yukon C1500 2WD,Standard Sport Utility Vehicle 2WD,Rear-Wheel Drive,Automatic 6-spd,8.0,5.3,Regular Gasoline,15,22,18,505.0
41581,2020,GMC,Yukon C1500 2WD,Standard Sport Utility Vehicle 2WD,Rear-Wheel Drive,Automatic 10-spd,8.0,6.2,Premium Gasoline,14,23,17,517.0
41580,2020,GMC,Yukon C1500 XL 2WD,Standard Sport Utility Vehicle 2WD,Rear-Wheel Drive,Automatic 6-spd,8.0,5.3,Regular Gasoline,15,22,18,505.0
41582,2020,GMC,Yukon C1500 XL 2WD,Standard Sport Utility Vehicle 2WD,Rear-Wheel Drive,Automatic 10-spd,8.0,6.2,Premium Gasoline,14,23,17,517.0
41591,2020,GMC,Yukon K1500 4WD,Standard Sport Utility Vehicle 4WD,4-Wheel Drive,Automatic 10-spd,8.0,6.2,Premium Gasoline,14,22,17,527.0
41633,2020,GMC,Yukon K1500 4WD,Standard Sport Utility Vehicle 4WD,4-Wheel Drive,Automatic 6-spd,8.0,5.3,Regular Gasoline,15,21,17,525.0
41590,2020,GMC,Yukon K1500 XL 4WD,Standard Sport Utility Vehicle 4WD,4-Wheel Drive,Automatic 10-spd,8.0,6.2,Premium Gasoline,14,20,16,557.0
41632,2020,GMC,Yukon K1500 XL 4WD,Standard Sport Utility Vehicle 4WD,4-Wheel Drive,Automatic 6-spd,8.0,5.3,Regular Gasoline,14,21,16,547.0
41378,2020,Genesis,G70 AWD,Compact Cars,All-Wheel Drive,Automatic (S8),4.0,2.0,Premium Gasoline,20,27,23,385.0
41402,2020,Genesis,G70 AWD,Compact Cars,All-Wheel Drive,Automatic (S8),6.0,3.3,Premium Gasoline,17,25,20,457.0
41379,2020,Genesis,G70 RWD,Compact Cars,Rear-Wheel Drive,Automatic (S8),4.0,2.0,Premium Gasoline,22,30,25,357.0
41380,2020,Genesis,G70 RWD,Compact Cars,Rear-Wheel Drive,Manual 6-spd,4.0,2.0,Premium Gasoline,18,28,22,410.0
41403,2020,Genesis,G70 RWD,Compact Cars,Rear-Wheel Drive,Automatic (S8),6.0,3.3,Premium Gasoline,17,26,20,447.0
41426,2020,Genesis,G80 AWD,Large Cars,All-Wheel Drive,Automatic (S8),6.0,3.8,Regular Gasoline,18,24,20,445.0
41460,2020,Genesis,G80 AWD,Large Cars,All-Wheel Drive,Automatic (S8),6.0,3.3,Premium Gasoline,17,24,20,453.0
41462,2020,Genesis,G80 AWD,Large Cars,All-Wheel Drive,Automatic (S8),8.0,5.0,Premium Gasoline,15,23,18,503.0
41427,2020,Genesis,G80 RWD,Large Cars,Rear-Wheel Drive,Automatic (S8),6.0,3.8,Regular Gasoline,18,26,21,423.0
41461,2020,Genesis,G80 RWD,Large Cars,Rear-Wheel Drive,Automatic (S8),6.0,3.3,Premium Gasoline,17,25,20,442.0
41463,2020,Genesis,G80 RWD,Large Cars,Rear-Wheel Drive,Automatic (S8),8.0,5.0,Premium Gasoline,16,24,19,474.0
41611,2020,Genesis,G90 AWD,Large Cars,All-Wheel Drive,Automatic (S8),6.0,3.3,Premium Gasoline,17,25,20,451.0
41613,2020,Genesis,G90 AWD,Large Cars,All-Wheel Drive,Automatic (S8),8.0,5.0,Premium Gasoline,15,23,18,500.0
41612,2020,Genesis,G90 RWD,Large Cars,Rear-Wheel Drive,Automatic (S8),6.0,3.3,Premium Gasoline,17,25,20,446.0
41614,2020,Genesis,G90 RWD,Large Cars,Rear-Wheel Drive,Automatic (S8),8.0,5.0,Premium Gasoline,16,24,19,485.0
42069,2020,Honda,Accord,Large Cars,Front-Wheel Drive,Manual 6-spd,4.0,1.5,Regular Gasoline,26,35,30,298.0
42070,2020,Honda,Accord,Large Cars,Front-Wheel Drive,Automatic (variable gear ratios),4.0,1.5,Regular Gasoline,30,38,33,266.0
42071,2020,Honda,Accord,Large Cars,Front-Wheel Drive,Automatic (AV-S7),4.0,1.5,Regular Gasoline,29,35,31,282.0
42072,2020,Honda,Accord,Large Cars,Front-Wheel Drive,Manual 6-spd,4.0,2.0,Regular Gasoline,22,32,26,344.0
42073,2020,Honda,Accord,Large Cars,Front-Wheel Drive,Automatic (S10),4.0,2.0,Regular Gasoline,23,34,27,330.0
42064,2020,Honda,Accord 2.0T Sport/Touring,Midsize Cars,Front-Wheel Drive,Automatic (S10),4.0,2.0,Regular Gasoline,22,32,26,345.0
42299,2020,Honda,CR-V AWD,Small Sport Utility Vehicle 4WD,All-Wheel Drive,Automatic (variable gear ratios),4.0,1.5,Regular Gasoline,27,32,29,305.0
42298,2020,Honda,CR-V FWD,Small Sport Utility Vehicle 2WD,Front-Wheel Drive,Automatic (variable gear ratios),4.0,1.5,Regular Gasoline,28,34,30,294.0
41884,2020,Honda,Civic 2Dr,Compact Cars,Front-Wheel Drive,Manual 6-spd,4.0,1.5,Premium Gasoline,26,36,30,294.0
42140,2020,Honda,Civic 2Dr,Compact Cars,Front-Wheel Drive,Automatic (AV-S7),4.0,1.5,Regular Gasoline,30,37,33,269.0
42141,2020,Honda,Civic 2Dr,Compact Cars,Front-Wheel Drive,Automatic (variable gear ratios),4.0,1.5,Regular Gasoline,31,40,35,256.0
42142,2020,Honda,Civic 2Dr,Compact Cars,Front-Wheel Drive,Manual 6-spd,4.0,2.0,Regular Gasoline,25,35,29,304.0
42143,2020,Honda,Civic 2Dr,Compact Cars,Front-Wheel Drive,Automatic (AV-S7),4.0,2.0,Regular Gasoline,29,36,32,280.0
42144,2020,Honda,Civic 2Dr,Compact Cars,Front-Wheel Drive,Automatic (variable gear ratios),4.0,2.0,Regular Gasoline,30,38,33,264.0
41889,2020,Honda,Civic 4Dr,Midsize Cars,Front-Wheel Drive,Manual 6-spd,4.0,1.5,Premium Gasoline,26,36,30,294.0
42149,2020,Honda,Civic 4Dr,Midsize Cars,Front-Wheel Drive,Automatic (AV-S7),4.0,1.5,Regular Gasoline,30,38,33,266.0
42150,2020,Honda,Civic 4Dr,Midsize Cars,Front-Wheel Drive,Automatic (variable gear ratios),4.0,1.5,Regular Gasoline,32,42,36,248.0
42151,2020,Honda,Civic 4Dr,Midsize Cars,Front-Wheel Drive,Manual 6-spd,4.0,2.0,Regular Gasoline,25,36,29,300.0
42152,2020,Honda,Civic 4Dr,Midsize Cars,Front-Wheel Drive,Automatic (AV-S7),4.0,2.0,Regular Gasoline,29,37,32,276.0
42153,2020,Honda,Civic 4Dr,Midsize Cars,Front-Wheel Drive,Automatic (variable gear ratios),4.0,2.0,Regular Gasoline,30,38,33,268.0
41747,2020,Honda,Civic 5Dr,Large Cars,Front-Wheel Drive,Manual 6-spd,4.0,1.5,Premium Gasoline,29,37,32,274.0
41748,2020,Honda,Civic 5Dr,Large Cars,Front-Wheel Drive,Automatic (variable gear ratios),4.0,1.5,Regular Gasoline,31,40,34,259.0
41749,2020,Honda,Civic 5Dr,Large Cars,Front-Wheel Drive,Automatic (AV-S7),4.0,1.5,Premium Gasoline,29,35,32,279.0
42501,2020,Honda,Civic 5Dr,Large Cars,Front-Wheel Drive,Manual 6-spd,4.0,2.0,Premium Gasoline,22,28,25,358.0
42394,2020,Honda,Fit,Small Station Wagons,Front-Wheel Drive,Automatic (variable gear ratios),4.0,1.5,Regular Gasoline,33,40,36,246.0
42395,2020,Honda,Fit,Small Station Wagons,Front-Wheel Drive,Automatic (AV-S7),4.0,1.5,Regular Gasoline,31,36,33,267.0
42396,2020,Honda,Fit,Small Station Wagons,Front-Wheel Drive,Manual 6-spd,4.0,1.5,Regular Gasoline,29,36,31,286.0
42203,2020,Honda,HR-V AWD,Small Station Wagons,4-Wheel Drive,Automatic (variable gear ratios),4.0,1.8,Regular Gasoline,27,31,29,311.0
42204,2020,Honda,HR-V AWD,Small Station Wagons,4-Wheel Drive,Automatic (AV-S7),4.0,1.8,Regular Gasoline,26,31,28,314.0
42201,2020,Honda,HR-V FWD,Small Station Wagons,Front-Wheel Drive,Automatic (variable gear ratios),4.0,1.8,Regular Gasoline,28,34,30,292.0
42202,2020,Honda,HR-V FWD,Small Station Wagons,Front-Wheel Drive,Automatic (AV-S7),4.0,1.8,Regular Gasoline,28,34,30,292.0
41895,2020,Honda,Odyssey,Minivan - 2WD,Front-Wheel Drive,Automatic 10-spd,6.0,3.5,Regular Gasoline,19,28,22,394.0
42259,2020,Honda,Passport AWD,Small Sport Utility Vehicle 4WD,All-Wheel Drive,Automatic (S9),6.0,3.5,Regular Gasoline,19,24,21,427.0
42254,2020,Honda,Passport FWD,Small Sport Utility Vehicle 2WD,Front-Wheel Drive,Automatic (S9),6.0,3.5,Regular Gasoline,20,25,22,407.0
41761,2020,Honda,Pilot AWD,Small Sport Utility Vehicle 4WD,All-Wheel Drive,Automatic (S9),6.0,3.5,Regular Gasoline,19,26,22,407.0
41762,2020,Honda,Pilot AWD,Small Sport Utility Vehicle 4WD,All-Wheel Drive,Automatic 6-spd,6.0,3.5,Regular Gasoline,18,26,21,421.0
41754,2020,Honda,Pilot FWD,Small Sport Utility Vehicle 2WD,Front-Wheel Drive,Automatic (S9),6.0,3.5,Regular Gasoline,20,27,23,388.0
41755,2020,Honda,Pilot FWD,Small Sport Utility Vehicle 2WD,Front-Wheel Drive,Automatic 6-spd,6.0,3.5,Regular Gasoline,19,27,22,405.0
42400,2020,Honda,Ridgeline AWD,Standard Pickup Trucks 4WD,All-Wheel Drive,Automatic (S9),6.0,3.5,Regular Gasoline,19,24,21,433.0
42397,2020,Honda,Ridgeline FWD,Small Pickup Trucks 2WD,Front-Wheel Drive,Automatic (S9),6.0,3.5,Regular Gasoline,19,26,22,407.0
41404,2020,Hyundai,Accent,Compact Cars,Front-Wheel Drive,Automatic (variable gear ratios),4.0,1.6,Regular Gasoline,33,41,36,248.0
41405,2020,Hyundai,Accent,Compact Cars,Front-Wheel Drive,Manual 6-spd,4.0,1.6,Regular Gasoline,29,39,33,273.0
41298,2020,Hyundai,Elantra,Midsize Cars,Front-Wheel Drive,Automatic (variable gear ratios),4.0,2.0,Regular Gasoline,30,40,34,264.0
41406,2020,Hyundai,Elantra,Midsize Cars,Front-Wheel Drive,Automatic (AM7),4.0,1.4,Regular Gasoline,33,41,36,250.0
41436,2020,Hyundai,Elantra,Midsize Cars,Front-Wheel Drive,Manual 6-spd,4.0,2.0,Regular Gasoline,26,37,30,301.0
41454,2020,Hyundai,Elantra,Midsize Cars,Front-Wheel Drive,Automatic (AM7),4.0,1.6,Regular Gasoline,26,33,29,310.0
41559,2020,Hyundai,Elantra GT,Large Cars,Front-Wheel Drive,Automatic (S6),4.0,2.0,Regular Gasoline,25,32,27,327.0
41560,2020,Hyundai,Elantra GT,Large Cars,Front-Wheel Drive,Automatic (AM-S7),4.0,1.6,Regular Gasoline,25,32,28,322.0
41561,2020,Hyundai,Elantra GT,Large Cars,Front-Wheel Drive,Manual 6-spd,4.0,1.6,Regular Gasoline,23,30,26,352.0
41299,2020,Hyundai,Elantra SE,Midsize Cars,Front-Wheel Drive,Automatic (variable gear ratios),4.0,2.0,Regular Gasoline,31,41,35,259.0
41412,2020,Hyundai,Kona AWD,Small Sport Utility Vehicle 4WD,All-Wheel Drive,Automatic (AM7),4.0,1.6,Regular Gasoline,26,29,27,324.0
41422,2020,Hyundai,Kona AWD,Small Sport Utility Vehicle 4WD,All-Wheel Drive,Automatic (S6),4.0,2.0,Regular Gasoline,26,30,28,324.0
41420,2020,Hyundai,Kona FWD,Small Sport Utility Vehicle 2WD,Front-Wheel Drive,Automatic (AM7),4.0,1.6,Regular Gasoline,28,32,30,303.0
41421,2020,Hyundai,Kona FWD,Small Sport Utility Vehicle 2WD,Front-Wheel Drive,Automatic (S6),4.0,2.0,Regular Gasoline,27,33,30,300.0
41290,2020,Hyundai,Palisade AWD,Standard Sport Utility Vehicle 4WD,All-Wheel Drive,Automatic (S8),6.0,3.8,Regular Gasoline,19,24,21,426.0
41388,2020,Hyundai,Palisade FWD,Standard Sport Utility Vehicle 2WD,Front-Wheel Drive,Automatic (S8),6.0,3.8,Regular Gasoline,19,26,22,406.0
41479,2020,Hyundai,Santa Fe AWD,Small Sport Utility Vehicle 4WD,All-Wheel Drive,Automatic (S8),4.0,2.0,Regular Gasoline,20,26,22,411.0
41480,2020,Hyundai,Santa Fe AWD,Small Sport Utility Vehicle 4WD,All-Wheel Drive,Automatic (S8),4.0,2.4,Regular Gasoline,21,27,24,377.0
41475,2020,Hyundai,Santa Fe FWD,Small Sport Utility Vehicle 2WD,Front-Wheel Drive,Automatic (S8),4.0,2.0,Regular Gasoline,20,27,23,399.0
41476,2020,Hyundai,Santa Fe FWD,Small Sport Utility Vehicle 2WD,Front-Wheel Drive,Automatic (S8),4.0,2.4,Regular Gasoline,22,29,25,362.0
42244,2020,Hyundai,Sonata,Large Cars,Front-Wheel Drive,Automatic (S8),4.0,2.5,Regular Gasoline,27,37,31,293.0
42245,2020,Hyundai,Sonata,Large Cars,Front-Wheel Drive,Automatic (S8),4.0,2.5,Regular Gasoline,28,38,32,282.0
42246,2020,Hyundai,Sonata,Large Cars,Front-Wheel Drive,Automatic (S8),4.0,1.6,Regular Gasoline,27,36,31,291.0
41443,2020,Hyundai,Tucson AWD,Small Sport Utility Vehicle 4WD,All-Wheel Drive,Automatic (S6),4.0,2.0,Regular Gasoline,22,25,23,385.0
41444,2020,Hyundai,Tucson AWD,Small Sport Utility Vehicle 4WD,All-Wheel Drive,Automatic (S6),4.0,2.4,Regular Gasoline,21,26,23,387.0
41439,2020,Hyundai,Tucson FWD,Small Sport Utility Vehicle 2WD,Front-Wheel Drive,Automatic (S6),4.0,2.0,Regular Gasoline,23,28,25,358.0
41440,2020,Hyundai,Tucson FWD,Small Sport Utility Vehicle 2WD,Front-Wheel Drive,Automatic (S6),4.0,2.4,Regular Gasoline,22,28,25,363.0
41381,2020,Hyundai,Veloster,Compact Cars,Front-Wheel Drive,Automatic (S6),4.0,2.0,Regular Gasoline,27,34,30,300.0
41382,2020,Hyundai,Veloster,Compact Cars,Front-Wheel Drive,Manual 6-spd,4.0,2.0,Regular Gasoline,25,33,28,317.0
41383,2020,Hyundai,Veloster,Compact Cars,Front-Wheel Drive,Automatic (AM7),4.0,1.6,Regular Gasoline,28,34,30,296.0
41384,2020,Hyundai,Veloster,Compact Cars,Front-Wheel Drive,Manual 6-spd,4.0,1.6,Regular Gasoline,26,33,29,308.0
41385,2020,Hyundai,Veloster N,Compact Cars,Front-Wheel Drive,Manual 6-spd,4.0,2.0,Premium Gasoline,22,29,25,363.0
42095,2020,Hyundai,Venue,Midsize Cars,Front-Wheel Drive,Automatic (variable gear ratios),4.0,1.6,Regular Gasoline,30,34,32,284.0
42096,2020,Hyundai,Venue,Midsize Cars,Front-Wheel Drive,Manual 6-spd,4.0,1.6,Regular Gasoline,27,35,30,297.0
42065,2020,Infiniti,Q50,Midsize Cars,Rear-Wheel Drive,Automatic (S7),6.0,3.0,Premium Gasoline,20,29,23,387.0
42066,2020,Infiniti,Q50 AWD,Midsize Cars,All-Wheel Drive,Automatic (S7),6.0,3.0,Premium Gasoline,19,27,22,407.0
42067,2020,Infiniti,Q50 Red Sport,Midsize Cars,Rear-Wheel Drive,Automatic (S7),6.0,3.0,Premium Gasoline,20,26,22,404.0
42068,2020,Infiniti,Q50 Red Sport  AWD,Midsize Cars,All-Wheel Drive,Automatic (S7),6.0,3.0,Premium Gasoline,19,26,22,405.0
42162,2020,Infiniti,Q60,Subcompact Cars,Rear-Wheel Drive,Automatic (S7),6.0,3.0,Premium Gasoline,19,28,22,397.0
42165,2020,Infiniti,Q60 AWD,Subcompact Cars,All-Wheel Drive,Automatic (S7),6.0,3.0,Premium Gasoline,19,27,22,409.0
42163,2020,Infiniti,Q60 Red Sport,Subcompact Cars,Rear-Wheel Drive,Automatic (S7),6.0,3.0,Premium Gasoline,20,27,22,405.0
42164,2020,Infiniti,Q60 Red Sport AWD,Subcompact Cars,All-Wheel Drive,Automatic (S7),6.0,3.0,Premium Gasoline,19,26,21,424.0
42099,2020,Infiniti,QX50,Small Sport Utility Vehicle 2WD,Front-Wheel Drive,Automatic (AV-S8),4.0,2.0,Premium Gasoline,23,29,26,346.0
42103,2020,Infiniti,QX50 AWD,Small Sport Utility Vehicle 4WD,All-Wheel Drive,Automatic (AV-S8),4.0,2.0,Premium Gasoline,22,28,25,365.0
41542,2020,Infiniti,QX60 AWD,Small Sport Utility Vehicle 4WD,All-Wheel Drive,Automatic (AV-S7),6.0,3.5,Premium Gasoline,19,26,22,410.0
41540,2020,Infiniti,QX60 FWD,Small Sport Utility Vehicle 2WD,Front-Wheel Drive,Automatic (AV-S7),6.0,3.5,Premium Gasoline,20,27,22,399.0
42300,2020,Infiniti,QX80 2WD,Standard Sport Utility Vehicle 2WD,Rear-Wheel Drive,Automatic (S7),8.0,5.6,Premium Gasoline,14,20,16,551.0
42301,2020,Infiniti,QX80 4WD,Standard Sport Utility Vehicle 4WD,4-Wheel Drive,Automatic (S7),8.0,5.6,Premium Gasoline,13,19,15,579.0
41247,2020,Jaguar,E-Pace,Small Sport Utility Vehicle 4WD,All-Wheel Drive,Automatic (S9),4.0,2.0,Premium Gasoline,21,28,24,371.0
41248,2020,Jaguar,E-Pace P300,Small Sport Utility Vehicle 4WD,All-Wheel Drive,Automatic (S9),4.0,2.0,Premium Gasoline,21,27,23,379.0
41249,2020,Jaguar,F-Pace,Small Sport Utility Vehicle 4WD,All-Wheel Drive,Automatic (S8),4.0,2.0,Premium Gasoline,22,27,24,365.0
41286,2020,Jaguar,F-Pace,Small Sport Utility Vehicle 4WD,All-Wheel Drive,Automatic (S8),6.0,3.0,Premium Gasoline,18,23,20,446.0
41287,2020,Jaguar,F-Pace,Small Sport Utility Vehicle 4WD,All-Wheel Drive,Automatic (S8),8.0,5.0,Premium Gasoline,16,21,18,488.0
41250,2020,Jaguar,F-Pace 30t,Small Sport Utility Vehicle 4WD,All-Wheel Drive,Automatic (S8),4.0,2.0,Premium Gasoline,22,27,24,373.0
41448,2020,Jaguar,F-Type AWD Convertible,Two Seaters,All-Wheel Drive,Automatic (S8),8.0,5.0,Premium Gasoline,16,24,18,481.0
41447,2020,Jaguar,F-Type AWD Coupe,Two Seaters,All-Wheel Drive,Automatic (S8),8.0,5.0,Premium Gasoline,16,24,18,481.0
41237,2020,Jaguar,F-Type Convertible,Two Seaters,Rear-Wheel Drive,Automatic (S8),4.0,2.0,Premium Gasoline,23,30,26,346.0
41279,2020,Jaguar,F-Type Convertible,Two Seaters,Rear-Wheel Drive,Automatic (S8),6.0,3.0,Premium Gasoline,20,28,23,390.0
41236,2020,Jaguar,F-Type Coupe,Two Seaters,Rear-Wheel Drive,Automatic (S8),4.0,2.0,Premium Gasoline,23,30,26,346.0
41278,2020,Jaguar,F-Type Coupe,Two Seaters,Rear-Wheel Drive,Automatic (S8),6.0,3.0,Premium Gasoline,20,28,23,390.0
41283,2020,Jaguar,F-Type S AWD Convertible,Two Seaters,All-Wheel Drive,Automatic (S8),6.0,3.0,Premium Gasoline,18,26,21,426.0
41282,2020,Jaguar,F-Type S AWD Coupe,Two Seaters,All-Wheel Drive,Automatic (S8),6.0,3.0,Premium Gasoline,18,26,21,426.0
41281,2020,Jaguar,F-Type S Convertible,Two Seaters,Rear-Wheel Drive,Automatic (S8),6.0,3.0,Premium Gasoline,19,27,22,407.0
41280,2020,Jaguar,F-Type S Coupe,Two Seaters,Rear-Wheel Drive,Automatic (S8),6.0,3.0,Premium Gasoline,19,27,22,407.0
41644,2020,Jaguar,F-Type SVR AWD Convertible,Two Seaters,All-Wheel Drive,Automatic (S8),8.0,5.0,Premium Gasoline,16,24,18,481.0
41643,2020,Jaguar,F-Type SVR AWD Coupe,Two Seaters,All-Wheel Drive,Automatic (S8),8.0,5.0,Premium Gasoline,16,24,18,481.0
41238,2020,Jaguar,XE,Compact Cars,Rear-Wheel Drive,Automatic (S8),4.0,2.0,Premium Gasoline,25,34,28,312.0
41239,2020,Jaguar,XE 30t,Compact Cars,Rear-Wheel Drive,Automatic (S8),4.0,2.0,Premium Gasoline,24,32,27,333.0
41240,2020,Jaguar,XE AWD,Compact Cars,All-Wheel Drive,Automatic (S8),4.0,2.0,Premium Gasoline,24,34,28,321.0
41241,2020,Jaguar,XE AWD 30t,Compact Cars,All-Wheel Drive,Automatic (S8),4.0,2.0,Premium Gasoline,22,30,25,354.0
41242,2020,Jaguar,XF,Midsize Cars,Rear-Wheel Drive,Automatic (S8),4.0,2.0,Premium Gasoline,25,34,28,312.0
41243,2020,Jaguar,XF 30t,Midsize Cars,Rear-Wheel Drive,Automatic (S8),4.0,2.0,Premium Gasoline,23,31,26,335.0
41244,2020,Jaguar,XF AWD,Midsize Cars,All-Wheel Drive,Automatic (S8),4.0,2.0,Premium Gasoline,23,33,27,333.0
41284,2020,Jaguar,XF AWD,Midsize Cars,All-Wheel Drive,Automatic (S8),6.0,3.0,Premium Gasoline,20,28,23,390.0
41245,2020,Jaguar,XF AWD 30t,Midsize Cars,All-Wheel Drive,Automatic (S8),4.0,2.0,Premium Gasoline,22,31,25,349.0
41246,2020,Jaguar,XF Sportbrake AWD,Midsize Station Wagons,All-Wheel Drive,Automatic (S8),4.0,2.0,Premium Gasoline,21,28,24,370.0
41285,2020,Jaguar,XF Sportbrake AWD,Midsize Station Wagons,All-Wheel Drive,Automatic (S8),6.0,3.0,Premium Gasoline,18,25,21,428.0
41670,2020,Jeep,Cherokee 4WD,Small Sport Utility Vehicle 4WD,All-Wheel Drive,Automatic 9-spd,4.0,2.0,Regular Gasoline,21,29,24,369.0
41671,2020,Jeep,Cherokee 4WD,Small Sport Utility Vehicle 4WD,All-Wheel Drive,Automatic 9-spd,4.0,2.4,Regular Gasoline,21,29,24,370.0
41672,2020,Jeep,Cherokee 4WD,Small Sport Utility Vehicle 4WD,All-Wheel Drive,Automatic 9-spd,6.0,3.2,Regular Gasoline,19,27,22,400.0
41673,2020,Jeep,Cherokee 4WD Active Drive II,Small Sport Utility Vehicle 4WD,All-Wheel Drive,Automatic 9-spd,4.0,2.0,Regular Gasoline,20,27,23,387.0
41674,2020,Jeep,Cherokee 4WD Active Drive II,Small Sport Utility Vehicle 4WD,All-Wheel Drive,Automatic 9-spd,6.0,3.2,Regular Gasoline,18,26,21,416.0
41659,2020,Jeep,Cherokee FWD,Small Sport Utility Vehicle 2WD,Front-Wheel Drive,Automatic 9-spd,4.0,2.0,Regular Gasoline,23,31,26,345.0
41660,2020,Jeep,Cherokee FWD,Small Sport Utility Vehicle 2WD,Front-Wheel Drive,Automatic 9-spd,4.0,2.4,Regular Gasoline,22,31,25,352.0
41661,2020,Jeep,Cherokee FWD,Small Sport Utility Vehicle 2WD,Front-Wheel Drive,Automatic 9-spd,6.0,3.2,Regular Gasoline,20,29,23,387.0
41675,2020,Jeep,Cherokee Trailhawk 4WD,Small Sport Utility Vehicle 4WD,All-Wheel Drive,Automatic 9-spd,4.0,2.0,Regular Gasoline,20,26,22,400.0
41676,2020,Jeep,Cherokee Trailhawk 4WD,Small Sport Utility Vehicle 4WD,All-Wheel Drive,Automatic 9-spd,6.0,3.2,Regular Gasoline,18,24,21,432.0
41875,2020,Jeep,Compass 4WD,Small Sport Utility Vehicle 4WD,All-Wheel Drive,Automatic 9-spd,4.0,2.4,Regular Gasoline,22,30,25,358.0
41876,2020,Jeep,Compass 4WD,Small Sport Utility Vehicle 4WD,All-Wheel Drive,Manual 6-spd,4.0,2.4,Regular Gasoline,22,31,25,355.0
41870,2020,Jeep,Compass FWD,Small Sport Utility Vehicle 2WD,Front-Wheel Drive,Automatic 6-spd,4.0,2.4,Regular Gasoline,22,31,25,350.0
41871,2020,Jeep,Compass FWD,Small Sport Utility Vehicle 2WD,Front-Wheel Drive,Manual 6-spd,4.0,2.4,Regular Gasoline,23,32,26,339.0
41362,2020,Jeep,Gladiator Pickup 4WD,Standard Pickup Trucks 4WD,4-Wheel Drive,Automatic 8-spd,6.0,3.6,Regular Gasoline,17,22,19,466.0
41363,2020,Jeep,Gladiator Pickup 4WD,Standard Pickup Trucks 4WD,4-Wheel Drive,Manual 6-spd,6.0,3.6,Regular Gasoline,16,23,19,476.0
41772,2020,Jeep,Grand Cherokee 2WD,Standard Sport Utility Vehicle 4WD,Rear-Wheel Drive,Automatic 8-spd,6.0,3.6,Regular Gasoline,19,26,21,414.0
41780,2020,Jeep,Grand Cherokee 4WD,Standard Sport Utility Vehicle 4WD,All-Wheel Drive,Automatic 8-spd,6.0,3.6,Regular Gasoline,18,25,21,427.0
41781,2020,Jeep,Grand Cherokee 4WD,Standard Sport Utility Vehicle 4WD,All-Wheel Drive,Automatic 8-spd,8.0,5.7,Midgrade Gasoline,14,22,17,533.0
41972,2020,Jeep,Grand Cherokee SRT 4WD,Standard Sport Utility Vehicle 4WD,All-Wheel Drive,Automatic 8-spd,8.0,6.4,Premium Gasoline,13,19,15,592.0
41973,2020,Jeep,Grand Cherokee Trackhawk 4WD,Standard Sport Utility Vehicle 4WD,All-Wheel Drive,Automatic 8-spd,8.0,6.2,Premium Gasoline,11,17,13,664.0
42036,2020,Jeep,Renegade 2WD,Small Sport Utility Vehicle 2WD,Front-Wheel Drive,Automatic 9-spd,4.0,1.3,Regular Gasoline,24,32,27,328.0
42037,2020,Jeep,Renegade 2WD,Small Sport Utility Vehicle 2WD,Front-Wheel Drive,Automatic 9-spd,4.0,2.4,Regular Gasoline,22,30,25,357.0
42042,2020,Jeep,Renegade 4WD,Small Sport Utility Vehicle 4WD,All-Wheel Drive,Automatic 9-spd,4.0,1.3,Regular Gasoline,23,29,26,348.0
42043,2020,Jeep,Renegade 4WD,Small Sport Utility Vehicle 4WD,All-Wheel Drive,Automatic 9-spd,4.0,2.4,Regular Gasoline,21,29,24,371.0
42044,2020,Jeep,Renegade Trailhawk 4WD,Small Sport Utility Vehicle 4WD,All-Wheel Drive,Automatic 9-spd,4.0,1.3,Regular Gasoline,22,27,24,370.0
41677,2020,Jeep,Wrangler 4WD,Small Sport Utility Vehicle 4WD,4-Wheel Drive,Automatic 8-spd,6.0,3.6,Regular Gasoline,18,23,20,440.0
41763,2020,Jeep,Wrangler 4WD,Small Sport Utility Vehicle 4WD,4-Wheel Drive,Automatic 8-spd,4.0,2.0,Regular Gasoline,22,24,23,388.0
41764,2020,Jeep,Wrangler 4WD,Small Sport Utility Vehicle 4WD,4-Wheel Drive,Manual 6-spd,6.0,3.6,Regular Gasoline,17,25,20,446.0
41679,2020,Jeep,Wrangler Unlimited 4WD,Small Sport Utility Vehicle 4WD,4-Wheel Drive,Automatic 8-spd,6.0,3.6,Regular Gasoline,18,22,20,451.0
41766,2020,Jeep,Wrangler Unlimited 4WD,Small Sport Utility Vehicle 4WD,4-Wheel Drive,Automatic 8-spd,4.0,2.0,Regular Gasoline,21,22,21,423.0
41767,2020,Jeep,Wrangler Unlimited 4WD,Small Sport Utility Vehicle 4WD,4-Wheel Drive,Manual 6-spd,6.0,3.6,Regular Gasoline,17,23,19,459.0
42440,2020,Kia,Cadenza,Large Cars,Front-Wheel Drive,Automatic (S8),6.0,3.3,Regular Gasoline,20,28,23,385.0
41455,2020,Kia,Forte,Midsize Cars,Front-Wheel Drive,Automatic (AM7),4.0,1.6,Regular Gasoline,27,35,30,296.0
41456,2020,Kia,Forte,Midsize Cars,Front-Wheel Drive,Manual 6-spd,4.0,1.6,Regular Gasoline,25,32,28,326.0
41458,2020,Kia,Forte,Midsize Cars,Front-Wheel Drive,Automatic (variable gear ratios),4.0,2.0,Regular Gasoline,29,40,33,269.0
41459,2020,Kia,Forte,Midsize Cars,Front-Wheel Drive,Manual 6-spd,4.0,2.0,Regular Gasoline,27,37,31,290.0
41457,2020,Kia,Forte FE,Midsize Cars,Front-Wheel Drive,Automatic (variable gear ratios),4.0,2.0,Regular Gasoline,31,41,35,256.0
41537,2020,Kia,K900,Large Cars,All-Wheel Drive,Automatic (S8),6.0,3.3,Premium Gasoline,18,25,21,431.0
41464,2020,Kia,Optima,Large Cars,Front-Wheel Drive,Automatic (AM7),4.0,1.6,Regular Gasoline,27,37,31,292.0
41465,2020,Kia,Optima,Large Cars,Front-Wheel Drive,Automatic (S6),4.0,2.0,Regular Gasoline,21,30,24,371.0
41466,2020,Kia,Optima,Large Cars,Front-Wheel Drive,Automatic (S6),4.0,2.4,Regular Gasoline,24,32,27,330.0
41467,2020,Kia,Optima FE,Large Cars,Front-Wheel Drive,Automatic (S6),4.0,2.4,Regular Gasoline,25,35,29,311.0
41553,2020,Kia,Rio,Compact Cars,Front-Wheel Drive,Automatic (variable gear ratios),4.0,1.6,Regular Gasoline,33,41,36,249.0
41407,2020,Kia,Sedona,Minivan - 2WD,Front-Wheel Drive,Automatic (S8),6.0,3.3,Regular Gasoline,18,24,21,436.0
41603,2020,Kia,Sorento AWD,Small Sport Utility Vehicle 4WD,All-Wheel Drive,Automatic (S6),4.0,2.4,Regular Gasoline,21,26,23,389.0
41604,2020,Kia,Sorento AWD,Small Sport Utility Vehicle 4WD,All-Wheel Drive,Automatic (S8),6.0,3.3,Regular Gasoline,18,24,20,436.0
41601,2020,Kia,Sorento FWD,Small Sport Utility Vehicle 2WD,Front-Wheel Drive,Automatic (S6),4.0,2.4,Regular Gasoline,22,29,25,363.0
41602,2020,Kia,Sorento FWD,Small Sport Utility Vehicle 2WD,Front-Wheel Drive,Automatic (S8),6.0,3.3,Regular Gasoline,19,26,22,413.0
41220,2020,Kia,Soul,Small Station Wagons,Front-Wheel Drive,Automatic (variable gear ratios),4.0,2.0,Regular Gasoline,27,33,30,303.0
41222,2020,Kia,Soul,Small Station Wagons,Front-Wheel Drive,Manual 6-spd,4.0,2.0,Regular Gasoline,25,31,27,332.0
41223,2020,Kia,Soul,Small Station Wagons,Front-Wheel Drive,Automatic (AM-S7),4.0,1.6,Regular Gasoline,27,32,29,309.0
41221,2020,Kia,Soul Eco dynamics,Small Station Wagons,Front-Wheel Drive,Automatic (variable gear ratios),4.0,2.0,Regular Gasoline,29,35,31,287.0
41230,2020,Kia,Sportage AWD,Small Sport Utility Vehicle 4WD,All-Wheel Drive,Automatic (S6),4.0,2.4,Regular Gasoline,22,26,23,386.0
41231,2020,Kia,Sportage AWD,Small Sport Utility Vehicle 4WD,All-Wheel Drive,Automatic (S6),4.0,2.0,Regular Gasoline,19,24,21,421.0
41227,2020,Kia,Sportage FWD,Small Sport Utility Vehicle 2WD,Front-Wheel Drive,Automatic (S6),4.0,2.4,Regular Gasoline,23,30,26,351.0
41228,2020,Kia,Sportage FWD,Small Sport Utility Vehicle 2WD,Front-Wheel Drive,Automatic (S6),4.0,2.0,Regular Gasoline,20,28,23,392.0
41597,2020,Kia,Stinger AWD,Midsize Cars,All-Wheel Drive,Automatic (S8),4.0,2.0,Premium Gasoline,21,29,24,368.0
41599,2020,Kia,Stinger AWD,Midsize Cars,All-Wheel Drive,Automatic (S8),6.0,3.3,Premium Gasoline,17,25,20,449.0
41598,2020,Kia,Stinger RWD,Midsize Cars,Rear-Wheel Drive,Automatic (S8),4.0,2.0,Premium Gasoline,22,29,25,365.0
41600,2020,Kia,Stinger RWD,Midsize Cars,Rear-Wheel Drive,Automatic (S8),6.0,3.3,Premium Gasoline,17,25,20,446.0
41232,2020,Kia,Telluride AWD,Small Sport Utility Vehicle 4WD,All-Wheel Drive,Automatic (S8),6.0,3.8,Regular Gasoline,19,24,21,426.0
41229,2020,Kia,Telluride FWD,Small Sport Utility Vehicle 2WD,Front-Wheel Drive,Automatic (S8),6.0,3.8,Regular Gasoline,20,26,23,395.0
42160,2020,Lamborghini,Aventador Coupe,Two Seaters,All-Wheel Drive,Automatic (AM-S7),12.0,6.5,Premium Gasoline,9,15,11,787.0
42161,2020,Lamborghini,Aventador Roadster,Two Seaters,All-Wheel Drive,Automatic (AM-S7),12.0,6.5,Premium Gasoline,9,15,11,806.0
43410,2020,Lamborghini,Aventador Sian Coupe,Two Seaters,All-Wheel Drive,Automatic (AM-S7),12.0,6.5,Premium Gasoline,8,14,10,861.0
43409,2020,Lamborghini,Aventador Sian Roadster,Two Seaters,All-Wheel Drive,Automatic (AM-S7),12.0,6.5,Premium Gasoline,8,14,10,861.0
41396,2020,Lamborghini,Huracan,Two Seaters,All-Wheel Drive,Automatic (AM-S7),10.0,5.2,Premium Gasoline,13,18,15,596.0
42312,2020,Lamborghini,Huracan 2WD,Two Seaters,Rear-Wheel Drive,Automatic (AM-S7),10.0,5.2,Premium Gasoline,13,18,15,595.0
41397,2020,Lamborghini,Huracan Spyder,Two Seaters,All-Wheel Drive,Automatic (AM-S7),10.0,5.2,Premium Gasoline,13,18,15,596.0
42313,2020,Lamborghini,Huracan Spyder 2WD,Two Seaters,Rear-Wheel Drive,Automatic (AM-S7),10.0,5.2,Premium Gasoline,13,18,15,595.0
42058,2020,Lamborghini,Urus,Standard Sport Utility Vehicle 4WD,All-Wheel Drive,Automatic (S8),8.0,4.0,Premium Gasoline,12,17,14,617.0
42652,2020,Land Rover,Defender 110,Standard Sport Utility Vehicle 4WD,4-Wheel Drive,Automatic (S8),4.0,2.0,Premium Gasoline,17,20,18,492.0
42654,2020,Land Rover,Defender 90,Standard Sport Utility Vehicle 4WD,4-Wheel Drive,Automatic (S8),4.0,2.0,Premium Gasoline,18,21,19,466.0
41782,2020,Land Rover,Discovery,Standard Sport Utility Vehicle 4WD,4-Wheel Drive,Automatic (S8),6.0,3.0,Premium Gasoline,16,21,18,500.0
41968,2020,Land Rover,Discovery Sport,Small Sport Utility Vehicle 4WD,All-Wheel Drive,Automatic (S9),4.0,2.0,Premium Gasoline,19,24,21,427.0
41288,2020,Land Rover,Evoque,Small Sport Utility Vehicle 4WD,All-Wheel Drive,Automatic (S9),4.0,2.0,Premium Gasoline,20,27,23,394.0
41636,2020,Land Rover,Range Rover,Standard Sport Utility Vehicle 4WD,4-Wheel Drive,Automatic (S8),8.0,5.0,Premium Gasoline,16,21,18,487.0
41637,2020,Land Rover,Range Rover LWB,Standard Sport Utility Vehicle 4WD,4-Wheel Drive,Automatic (S8),8.0,5.0,Premium Gasoline,16,21,18,491.0
41639,2020,Land Rover,Range Rover LWB SVA,Standard Sport Utility Vehicle 4WD,4-Wheel Drive,Automatic (S8),8.0,5.0,Premium Gasoline,13,19,15,587.0
41638,2020,Land Rover,Range Rover SVA,Standard Sport Utility Vehicle 4WD,4-Wheel Drive,Automatic (S8),8.0,5.0,Premium Gasoline,14,19,16,569.0
41640,2020,Land Rover,Range Rover Sport,Standard Sport Utility Vehicle 4WD,4-Wheel Drive,Automatic (S8),8.0,5.0,Premium Gasoline,17,22,19,474.0
41641,2020,Land Rover,Range Rover Sport SVR,Standard Sport Utility Vehicle 4WD,4-Wheel Drive,Automatic (S8),8.0,5.0,Premium Gasoline,15,20,16,540.0
41251,2020,Land Rover,Range Rover Velar,Small Sport Utility Vehicle 4WD,All-Wheel Drive,Automatic (S8),4.0,2.0,Premium Gasoline,21,27,23,384.0
41364,2020,Land Rover,Range Rover Velar,Small Sport Utility Vehicle 4WD,All-Wheel Drive,Automatic (S8),8.0,5.0,Premium Gasoline,15,20,17,511.0
41446,2020,Land Rover,Range Rover Velar,Small Sport Utility Vehicle 4WD,All-Wheel Drive,Automatic (S8),6.0,3.0,Premium Gasoline,18,24,20,439.0
41252,2020,Land Rover,Range Rover Velar P300,Small Sport Utility Vehicle 4WD,All-Wheel Drive,Automatic (S8),4.0,2.0,Premium Gasoline,20,26,22,399.0
41445,2020,Land Rover,Range Rover Velar P380,Small Sport Utility Vehicle 4WD,All-Wheel Drive,Automatic (S8),6.0,3.0,Premium Gasoline,18,24,20,439.0
41911,2020,Lexus,ES 350,Midsize Cars,Front-Wheel Drive,Automatic (S8),6.0,3.5,Regular Gasoline,22,32,26,346.0
41912,2020,Lexus,ES 350 F Sport,Midsize Cars,Front-Wheel Drive,Automatic (S8),6.0,3.5,Regular Gasoline,22,31,25,352.0
42128,2020,Lexus,GS 350,Midsize Cars,Rear-Wheel Drive,Automatic (S8),6.0,3.5,Premium Gasoline,20,28,23,388.0
42129,2020,Lexus,GS 350 AWD,Midsize Cars,All-Wheel Drive,Automatic (S6),6.0,3.5,Premium Gasoline,19,26,21,422.0
42130,2020,Lexus,GS 350 F Sport,Midsize Cars,Rear-Wheel Drive,Automatic (S8),6.0,3.5,Premium Gasoline,19,27,22,405.0
42120,2020,Lexus,GS F,Compact Cars,Rear-Wheel Drive,Automatic (S8),8.0,5.0,Premium Gasoline,16,24,19,472.0
42106,2020,Lexus,GX 460,Standard Sport Utility Vehicle 4WD,4-Wheel Drive,Automatic (S6),8.0,4.6,Premium Gasoline,15,19,16,542.0
42121,2020,Lexus,IS 300,Compact Cars,Rear-Wheel Drive,Automatic (S8),4.0,2.0,Premium Gasoline,21,30,24,363.0
42117,2020,Lexus,IS 300 AWD,Compact Cars,All-Wheel Drive,Automatic (S6),6.0,3.5,Premium Gasoline,18,24,21,422.0
42118,2020,Lexus,IS 350,Compact Cars,Rear-Wheel Drive,Automatic (S8),6.0,3.5,Premium Gasoline,20,28,23,388.0
42119,2020,Lexus,IS 350 AWD,Compact Cars,All-Wheel Drive,Automatic (S6),6.0,3.5,Premium Gasoline,19,26,21,422.0
41551,2020,Lexus,LC 500,Subcompact Cars,Rear-Wheel Drive,Automatic (S10),8.0,5.0,Premium Gasoline,16,25,19,473.0
42133,2020,Lexus,LS 500,Midsize Cars,Rear-Wheel Drive,Automatic (S10),6.0,3.4,Premium Gasoline,19,30,23,389.0
42134,2020,Lexus,LS 500 AWD,Midsize Cars,All-Wheel Drive,Automatic (S10),6.0,3.4,Premium Gasoline,18,27,21,420.0
41976,2020,Lexus,LX 570,Standard Sport Utility Vehicle 4WD,4-Wheel Drive,Automatic (S8),8.0,5.7,Premium Gasoline,12,16,14,636.0
41477,2020,Lexus,NX 300,Small Sport Utility Vehicle 2WD,Front-Wheel Drive,Automatic (S6),4.0,2.0,Premium Gasoline,22,28,25,358.0
41482,2020,Lexus,NX 300 AWD,Small Sport Utility Vehicle 4WD,All-Wheel Drive,Automatic (S6),4.0,2.0,Premium Gasoline,22,28,24,362.0
41483,2020,Lexus,NX 300 AWD F Sport,Small Sport Utility Vehicle 4WD,All-Wheel Drive,Automatic (S6),4.0,2.0,Premium Gasoline,22,27,24,374.0
42317,2020,Lexus,RC 300,Subcompact Cars,Rear-Wheel Drive,Automatic (S8),4.0,2.0,Premium Gasoline,21,30,24,363.0
42314,2020,Lexus,RC 300 AWD,Subcompact Cars,All-Wheel Drive,Automatic (S6),6.0,3.5,Premium Gasoline,18,24,21,422.0
42315,2020,Lexus,RC 350,Subcompact Cars,Rear-Wheel Drive,Automatic (S8),6.0,3.5,Premium Gasoline,20,28,23,388.0
42316,2020,Lexus,RC 350 AWD,Subcompact Cars,All-Wheel Drive,Automatic (S6),6.0,3.5,Premium Gasoline,19,26,21,422.0
41453,2020,Lexus,RC F,Subcompact Cars,Rear-Wheel Drive,Automatic (S8),8.0,5.0,Premium Gasoline,16,24,19,459.0
41966,2020,Lexus,RX 350,Small Sport Utility Vehicle 2WD,Front-Wheel Drive,Automatic (S8),6.0,3.5,Regular Gasoline,20,27,23,391.0
41969,2020,Lexus,RX 350 AWD,Small Sport Utility Vehicle 4WD,All-Wheel Drive,Automatic (S8),6.0,3.5,Regular Gasoline,19,26,22,405.0
41965,2020,Lexus,RX 350 L,Small Sport Utility Vehicle 2WD,Front-Wheel Drive,Automatic (S8),6.0,3.5,Regular Gasoline,19,26,22,407.0
41970,2020,Lexus,RX 350 L AWD,Small Sport Utility Vehicle 4WD,All-Wheel Drive,Automatic (S8),6.0,3.5,Regular Gasoline,18,25,21,432.0
42239,2020,Lexus,UX 200,Midsize Cars,Front-Wheel Drive,Automatic (AV-S10),4.0,2.0,Regular Gasoline,29,37,33,271.0
41488,2020,Lincoln,Aviator AWD,Standard Sport Utility Vehicle 4WD,Part-time 4-Wheel Drive,Automatic (S10),6.0,3.0,Regular Gasoline,17,24,20,451.0
41486,2020,Lincoln,Aviator RWD,Standard Sport Utility Vehicle 2WD,Rear-Wheel Drive,Automatic (S10),6.0,3.0,Regular Gasoline,18,26,21,424.0
42247,2020,Lincoln,Continental  AWD,Large Cars,All-Wheel Drive,Automatic (S6),6.0,2.7,Regular Gasoline,17,25,20,452.0
42249,2020,Lincoln,Continental  AWD,Large Cars,All-Wheel Drive,Automatic (S6),6.0,3.0,Regular Gasoline,16,24,19,466.0
42250,2020,Lincoln,Continental  AWD,Large Cars,All-Wheel Drive,Automatic (S6),6.0,3.7,Regular Gasoline,16,24,19,462.0
42248,2020,Lincoln,Continental  FWD,Large Cars,Front-Wheel Drive,Automatic (S6),6.0,2.7,Regular Gasoline,18,27,21,424.0
42251,2020,Lincoln,Continental  FWD,Large Cars,Front-Wheel Drive,Automatic (S6),6.0,3.7,Regular Gasoline,17,26,20,440.0
42435,2020,Lincoln,Continental Coach,Large Cars,All-Wheel Drive,Automatic (S6),6.0,3.0,Regular Gasoline,16,24,19,478.0
42083,2020,Lincoln,Corsair AWD,Small Sport Utility Vehicle 4WD,All-Wheel Drive,Automatic (S8),4.0,2.3,Regular Gasoline,21,28,24,372.0
42262,2020,Lincoln,Corsair AWD,Small Sport Utility Vehicle 4WD,All-Wheel Drive,Automatic (S8),4.0,2.0,Regular Gasoline,21,29,24,369.0
42076,2020,Lincoln,Corsair FWD,Small Sport Utility Vehicle 2WD,Front-Wheel Drive,Automatic (S8),4.0,2.0,Regular Gasoline,22,29,25,361.0
41804,2020,Lincoln,MKZ AWD,Midsize Cars,All-Wheel Drive,Automatic (S6),4.0,2.0,Regular Gasoline,20,29,23,384.0
41806,2020,Lincoln,MKZ AWD,Midsize Cars,All-Wheel Drive,Automatic (S6),6.0,3.0,Regular Gasoline,17,26,20,447.0
41805,2020,Lincoln,MKZ FWD,Midsize Cars,Front-Wheel Drive,Automatic (S6),4.0,2.0,Regular Gasoline,20,31,24,373.0
41807,2020,Lincoln,MKZ FWD,Midsize Cars,Front-Wheel Drive,Automatic (S6),6.0,3.0,Regular Gasoline,18,27,21,425.0
42081,2020,Lincoln,Nautilus AWD,Small Sport Utility Vehicle 4WD,All-Wheel Drive,Automatic (S8),4.0,2.0,Regular Gasoline,20,25,22,401.0
42082,2020,Lincoln,Nautilus AWD,Small Sport Utility Vehicle 4WD,All-Wheel Drive,Automatic (S8),6.0,2.7,Regular Gasoline,19,26,21,417.0
42038,2020,Lincoln,Nautilus FWD,Small Sport Utility Vehicle 2WD,Front-Wheel Drive,Automatic (S8),4.0,2.0,Regular Gasoline,21,26,23,384.0
42267,2020,Lincoln,Navigator 2WD,Standard Sport Utility Vehicle 2WD,Rear-Wheel Drive,Automatic (S10),6.0,3.5,Regular Gasoline,16,22,19,478.0
42271,2020,Lincoln,Navigator 4WD,Standard Sport Utility Vehicle 4WD,Part-time 4-Wheel Drive,Automatic (S10),6.0,3.5,Regular Gasoline,16,21,18,506.0
42268,2020,Lincoln,Navigator L 2WD,Standard Sport Utility Vehicle 2WD,Rear-Wheel Drive,Automatic (S10),6.0,3.5,Regular Gasoline,16,21,18,501.0
41903,2020,Lotus,Evora,Minicompact Cars,Rear-Wheel Drive,Manual 6-spd,6.0,3.5,Premium Gasoline,16,24,19,468.0
41904,2020,Lotus,Evora,Minicompact Cars,Rear-Wheel Drive,Automatic (S6),6.0,3.5,Premium Gasoline,17,24,20,451.0
41905,2020,Lotus,Evora GT,Minicompact Cars,Rear-Wheel Drive,Manual 6-spd,6.0,3.5,Premium Gasoline,17,26,20,441.0
41906,2020,Lotus,Evora GT,Minicompact Cars,Rear-Wheel Drive,Automatic (S6),6.0,3.5,Premium Gasoline,17,24,20,438.0
41694,2020,MINI,Cooper Convertible,Minicompact Cars,Front-Wheel Drive,Automatic (AM-S7),3.0,1.5,Premium Gasoline,28,36,31,281.0
41736,2020,MINI,Cooper Countryman,Midsize Cars,Front-Wheel Drive,Automatic (AM-S7),3.0,1.5,Premium Gasoline,26,33,29,307.0
41737,2020,MINI,Cooper Countryman All4,Midsize Cars,All-Wheel Drive,Automatic (S8),3.0,1.5,Premium Gasoline,24,33,27,322.0
41705,2020,MINI,Cooper Hardtop 2 door,Subcompact Cars,Front-Wheel Drive,Automatic (AM-S7),3.0,1.5,Premium Gasoline,28,36,31,281.0
41706,2020,MINI,Cooper Hardtop 4 door,Subcompact Cars,Front-Wheel Drive,Automatic (AM-S7),3.0,1.5,Premium Gasoline,28,36,31,281.0
41738,2020,MINI,Cooper S Clubman,Midsize Cars,Front-Wheel Drive,Automatic (AM-S7),4.0,2.0,Premium Gasoline,26,34,29,304.0
41890,2020,MINI,Cooper S Clubman All4,Midsize Cars,All-Wheel Drive,Automatic (S8),4.0,2.0,Premium Gasoline,23,32,26,333.0
41695,2020,MINI,Cooper S Convertible,Minicompact Cars,Front-Wheel Drive,Automatic (AM-S7),4.0,2.0,Premium Gasoline,26,34,29,304.0
41810,2020,MINI,Cooper S Countryman,Midsize Cars,Front-Wheel Drive,Automatic (AM-S7),4.0,2.0,Premium Gasoline,24,33,28,321.0
41739,2020,MINI,Cooper S Countryman All4,Midsize Cars,All-Wheel Drive,Automatic (S8),4.0,2.0,Premium Gasoline,23,31,26,341.0
41707,2020,MINI,Cooper S Hardtop 2 door,Subcompact Cars,Front-Wheel Drive,Automatic (AM-S7),4.0,2.0,Premium Gasoline,26,35,30,297.0
41708,2020,MINI,Cooper S Hardtop 4 door,Subcompact Cars,Front-Wheel Drive,Automatic (AM-S7),4.0,2.0,Premium Gasoline,26,35,30,297.0
41741,2020,MINI,JCW Countryman All4,Midsize Cars,All-Wheel Drive,Automatic (S8),4.0,2.0,Premium Gasoline,23,30,26,343.0
41740,2020,MINI,John Cooper Works Clubman All4,Midsize Cars,All-Wheel Drive,Automatic (S8),4.0,2.0,Premium Gasoline,23,31,26,339.0
41696,2020,MINI,John Cooper Works Convertible,Minicompact Cars,Front-Wheel Drive,Automatic (S8),4.0,2.0,Premium Gasoline,25,33,28,313.0
41709,2020,MINI,John Cooper Works Hardtop,Subcompact Cars,Front-Wheel Drive,Automatic (S8),4.0,2.0,Premium Gasoline,26,34,29,305.0
41730,2020,Maserati,Ghibli,Midsize Cars,Rear-Wheel Drive,Automatic 8-spd,6.0,3.0,Premium Gasoline,17,24,19,460.0
41731,2020,Maserati,Ghibli S,Midsize Cars,Rear-Wheel Drive,Automatic 8-spd,6.0,3.0,Premium Gasoline,17,24,19,460.0
41729,2020,Maserati,Ghibli SQ4,Midsize Cars,All-Wheel Drive,Automatic 8-spd,6.0,3.0,Premium Gasoline,16,24,19,474.0
41785,2020,Maserati,Levante,Standard Sport Utility Vehicle 4WD,All-Wheel Drive,Automatic 8-spd,6.0,3.0,Premium Gasoline,15,21,17,521.0
41786,2020,Maserati,Levante GTS,Standard Sport Utility Vehicle 4WD,All-Wheel Drive,Automatic 8-spd,8.0,3.8,Premium Gasoline,14,18,15,580.0
41784,2020,Maserati,Levante S,Standard Sport Utility Vehicle 4WD,All-Wheel Drive,Automatic 8-spd,6.0,3.0,Premium Gasoline,15,21,17,521.0
41787,2020,Maserati,Levante Trofeo,Standard Sport Utility Vehicle 4WD,All-Wheel Drive,Automatic 8-spd,8.0,3.8,Premium Gasoline,14,18,15,580.0
41750,2020,Maserati,Quattroporte GTS,Large Cars,Rear-Wheel Drive,Automatic 8-spd,8.0,3.8,Premium Gasoline,15,22,17,517.0
41752,2020,Maserati,Quattroporte S,Large Cars,Rear-Wheel Drive,Automatic 8-spd,6.0,3.0,Premium Gasoline,17,24,19,460.0
41751,2020,Maserati,Quattroporte SQ4,Large Cars,All-Wheel Drive,Automatic 8-spd,6.0,3.0,Premium Gasoline,16,23,18,484.0
42449,2020,Mazda,2,Compact Cars,Front-Wheel Drive,Manual 6-spd,4.0,1.5,Regular Gasoline,30,39,34,264.0
42450,2020,Mazda,2,Compact Cars,Front-Wheel Drive,Automatic (S6),4.0,1.5,Regular Gasoline,32,40,35,253.0
41885,2020,Mazda,3 4-Door 2WD,Compact Cars,Front-Wheel Drive,Automatic (S6),4.0,2.5,Regular Gasoline,26,35,30,299.0
41886,2020,Mazda,3 4-Door 2WD,Compact Cars,Front-Wheel Drive,Automatic (S6),4.0,2.5,Regular Gasoline,27,36,30,295.0
41711,2020,Mazda,3 4-Door 4WD,Compact Cars,4-Wheel Drive,Automatic (S6),4.0,2.5,Regular Gasoline,25,33,28,313.0
41732,2020,Mazda,3 5-Door 2WD,Midsize Cars,Front-Wheel Drive,Manual 6-spd,4.0,2.5,Regular Gasoline,25,35,29,303.0
41733,2020,Mazda,3 5-Door 2WD,Midsize Cars,Front-Wheel Drive,Automatic (S6),4.0,2.5,Regular Gasoline,26,35,30,297.0
41734,2020,Mazda,3 5-Door 4WD,Midsize Cars,4-Wheel Drive,Automatic (S6),4.0,2.5,Regular Gasoline,24,32,27,328.0
42304,2020,Mazda,6,Midsize Cars,Front-Wheel Drive,Automatic (S6),4.0,2.5,Regular Gasoline,26,35,29,302.0
42305,2020,Mazda,6,Midsize Cars,Front-Wheel Drive,Automatic (S6),4.0,2.5,Regular Gasoline,23,31,26,335.0
42361,2020,Mazda,CX-3 2WD,Compact Cars,Front-Wheel Drive,Automatic (S6),4.0,2.0,Regular Gasoline,29,34,31,289.0
42362,2020,Mazda,CX-3 4WD,Compact Cars,4-Wheel Drive,Automatic (S6),4.0,2.0,Regular Gasoline,27,32,29,303.0
42366,2020,Mazda,CX-30 2WD,Small Sport Utility Vehicle 2WD,Front-Wheel Drive,Automatic (S6),4.0,2.5,Regular Gasoline,25,33,28,313.0
42367,2020,Mazda,CX-30 2WD,Small Sport Utility Vehicle 2WD,Front-Wheel Drive,Automatic (S6),4.0,2.5,Regular Gasoline,25,33,28,319.0
42424,2020,Mazda,CX-30 4WD,Small Sport Utility Vehicle 4WD,4-Wheel Drive,Automatic (S6),4.0,2.5,Regular Gasoline,24,31,26,334.0
42425,2020,Mazda,CX-30 4WD,Small Sport Utility Vehicle 4WD,4-Wheel Drive,Automatic (S6),4.0,2.5,Regular Gasoline,25,32,27,323.0
42344,2020,Mazda,CX-5 2WD,Small Sport Utility Vehicle 2WD,Front-Wheel Drive,Automatic (S6),4.0,2.5,Regular Gasoline,25,31,28,322.0
42347,2020,Mazda,CX-5 4WD,Small Sport Utility Vehicle 4WD,4-Wheel Drive,Automatic (S6),4.0,2.5,Regular Gasoline,24,30,26,335.0
42348,2020,Mazda,CX-5 4WD,Small Sport Utility Vehicle 4WD,4-Wheel Drive,Automatic (S6),4.0,2.5,Regular Gasoline,22,27,24,370.0
42345,2020,Mazda,CX-9 2WD,Small Sport Utility Vehicle 2WD,Front-Wheel Drive,Automatic (S6),4.0,2.5,Regular Gasoline,22,28,24,363.0
42349,2020,Mazda,CX-9 4WD,Small Sport Utility Vehicle 4WD,4-Wheel Drive,Automatic (S6),4.0,2.5,Regular Gasoline,20,26,23,391.0
42438,2020,Mazda,MX-5,Two Seaters,Rear-Wheel Drive,Manual 6-spd,4.0,2.0,Premium Gasoline,26,34,29,305.0
42439,2020,Mazda,MX-5,Two Seaters,Rear-Wheel Drive,Automatic (S6),4.0,2.0,Premium Gasoline,26,35,30,299.0
42669,2020,McLaren Automotive,570S Coupe,Two Seaters,Rear-Wheel Drive,Automatic (AM-S7),8.0,3.8,Premium Gasoline,15,22,18,503.0
42670,2020,McLaren Automotive,570S Spider,Two Seaters,Rear-Wheel Drive,Automatic (AM-S7),8.0,3.8,Premium Gasoline,15,22,18,503.0
42671,2020,McLaren Automotive,600LT Spider,Two Seaters,Rear-Wheel Drive,Automatic (AM-S7),8.0,3.8,Premium Gasoline,15,22,18,503.0
42672,2020,McLaren Automotive,620R Coupe,Two Seaters,Rear-Wheel Drive,Automatic (AM-S7),8.0,3.8,Premium Gasoline,15,22,18,503.0
42648,2020,McLaren Automotive,720S Coupe,Two Seaters,Rear-Wheel Drive,Automatic (AM-S7),8.0,4.0,Premium Gasoline,15,22,18,513.0
42649,2020,McLaren Automotive,720S Spider,Two Seaters,Rear-Wheel Drive,Automatic (AM-S7),8.0,4.0,Premium Gasoline,15,22,18,496.0
42650,2020,McLaren Automotive,GT,Two Seaters,Rear-Wheel Drive,Automatic (AM-S7),8.0,4.0,Premium Gasoline,15,22,18,513.0
43890,2020,McLaren Automotive,Sabre,Two Seaters,Rear-Wheel Drive,Automatic (AM-S7),8.0,4.0,Premium Gasoline,15,22,18,496.0
42116,2020,Mercedes-Benz,A220,Subcompact Cars,Front-Wheel Drive,Automatic 7-spd,4.0,2.0,Premium Gasoline,24,35,28,313.0
42115,2020,Mercedes-Benz,A220 4matic,Subcompact Cars,4-Wheel Drive,Automatic 7-spd,4.0,2.0,Premium Gasoline,24,34,28,324.0
42460,2020,Mercedes-Benz,AMG A35 4matic,Subcompact Cars,4-Wheel Drive,Automatic (AM7),4.0,2.0,Premium Gasoline,24,31,27,334.0
42226,2020,Mercedes-Benz,AMG C43 4matic,Compact Cars,4-Wheel Drive,Automatic 9-spd,6.0,3.0,Premium Gasoline,19,27,22,407.0
42219,2020,Mercedes-Benz,AMG C43 4matic Convertible,Subcompact Cars,4-Wheel Drive,Automatic 9-spd,6.0,3.0,Premium Gasoline,18,25,21,423.0
42218,2020,Mercedes-Benz,AMG C43 4matic Coupe,Subcompact Cars,4-Wheel Drive,Automatic 9-spd,6.0,3.0,Premium Gasoline,19,27,22,411.0
42224,2020,Mercedes-Benz,AMG C63,Compact Cars,Rear-Wheel Drive,Automatic 9-spd,8.0,4.0,Premium Gasoline,18,27,21,424.0
42215,2020,Mercedes-Benz,AMG C63 Convertible,Subcompact Cars,Rear-Wheel Drive,Automatic 9-spd,8.0,4.0,Premium Gasoline,17,24,20,452.0
42217,2020,Mercedes-Benz,AMG C63 Coupe,Subcompact Cars,Rear-Wheel Drive,Automatic 9-spd,8.0,4.0,Premium Gasoline,17,26,20,444.0
42225,2020,Mercedes-Benz,AMG C63 S,Compact Cars,Rear-Wheel Drive,Automatic 9-spd,8.0,4.0,Premium Gasoline,18,27,21,424.0
42214,2020,Mercedes-Benz,AMG C63 S Convertible,Subcompact Cars,Rear-Wheel Drive,Automatic 9-spd,8.0,4.0,Premium Gasoline,17,24,20,452.0
42216,2020,Mercedes-Benz,AMG C63 S Coupe,Subcompact Cars,Rear-Wheel Drive,Automatic 9-spd,8.0,4.0,Premium Gasoline,17,26,20,444.0
42417,2020,Mercedes-Benz,AMG CLA35 4matic,Compact Cars,4-Wheel Drive,Automatic (AM7),4.0,2.0,Premium Gasoline,23,29,25,352.0
42651,2020,Mercedes-Benz,AMG CLA45 4matic,Compact Cars,4-Wheel Drive,Automatic (AM8),4.0,2.0,Premium Gasoline,20,29,23,382.0
42240,2020,Mercedes-Benz,AMG E63 S 4matic Plus,Midsize Cars,4-Wheel Drive,Automatic 9-spd,8.0,4.0,Premium Gasoline,15,23,18,509.0
42252,2020,Mercedes-Benz,AMG E63 S 4matic Plus (wagon),Midsize Station Wagons,4-Wheel Drive,Automatic 9-spd,8.0,4.0,Premium Gasoline,16,23,19,480.0
42190,2020,Mercedes-Benz,AMG G63,Standard Sport Utility Vehicle 4WD,4-Wheel Drive,Automatic 9-spd,8.0,4.0,Premium Gasoline,13,15,14,637.0
42263,2020,Mercedes-Benz,AMG GLC43 4matic,Small Sport Utility Vehicle 4WD,4-Wheel Drive,Automatic 9-spd,6.0,3.0,Premium Gasoline,18,24,21,431.0
42264,2020,Mercedes-Benz,AMG GLC43 4matic Coupe,Small Sport Utility Vehicle 4WD,4-Wheel Drive,Automatic 9-spd,6.0,3.0,Premium Gasoline,18,24,21,432.0
42206,2020,Mercedes-Benz,AMG GLC63 4matic Plus,Small Sport Utility Vehicle 4WD,4-Wheel Drive,Automatic 9-spd,8.0,4.0,Premium Gasoline,16,22,18,489.0
42207,2020,Mercedes-Benz,AMG GLC63 4matic Plus Coupe,Small Sport Utility Vehicle 4WD,4-Wheel Drive,Automatic 9-spd,8.0,4.0,Premium Gasoline,16,22,18,489.0
42208,2020,Mercedes-Benz,AMG GLC63 S 4matic Plus Coupe,Small Sport Utility Vehicle 4WD,4-Wheel Drive,Automatic 9-spd,8.0,4.0,Premium Gasoline,16,22,18,489.0
42122,2020,Mercedes-Benz,AMG GT 63 4matic Plus,Compact Cars,4-Wheel Drive,Automatic 9-spd,8.0,4.0,Premium Gasoline,15,20,17,519.0
42123,2020,Mercedes-Benz,AMG GT 63 S 4matic Plus,Compact Cars,4-Wheel Drive,Automatic 9-spd,8.0,4.0,Premium Gasoline,15,20,17,521.0
41596,2020,Mercedes-Benz,AMG GT C Coupe,Two Seaters,Rear-Wheel Drive,Automatic (AM7),8.0,4.0,Premium Gasoline,15,21,17,506.0
42062,2020,Mercedes-Benz,AMG GT C Roadster,Two Seaters,Rear-Wheel Drive,Automatic (AM7),8.0,4.0,Premium Gasoline,15,20,17,525.0
41516,2020,Mercedes-Benz,AMG GT Coupe,Two Seaters,Rear-Wheel Drive,Automatic (AM7),8.0,4.0,Premium Gasoline,16,22,18,488.0
42090,2020,Mercedes-Benz,AMG GT R Coupe,Two Seaters,Rear-Wheel Drive,Automatic (AM7),8.0,4.0,Premium Gasoline,15,20,17,526.0
42091,2020,Mercedes-Benz,AMG GT R Roadster,Two Seaters,Rear-Wheel Drive,Automatic (AM7),8.0,4.0,Premium Gasoline,15,20,17,526.0
41517,2020,Mercedes-Benz,AMG GT Roadster,Two Seaters,Rear-Wheel Drive,Automatic (AM7),8.0,4.0,Premium Gasoline,16,22,18,488.0
42198,2020,Mercedes-Benz,AMG S63 4matic Plus,Large Cars,4-Wheel Drive,Automatic 9-spd,8.0,4.0,Premium Gasoline,17,26,20,443.0
42194,2020,Mercedes-Benz,AMG S63 4matic Plus Convertible,Subcompact Cars,4-Wheel Drive,Automatic 9-spd,8.0,4.0,Premium Gasoline,15,24,18,493.0
42196,2020,Mercedes-Benz,AMG S63 4matic Plus Coupe,Compact Cars,4-Wheel Drive,Automatic 9-spd,8.0,4.0,Premium Gasoline,17,27,20,437.0
42393,2020,Mercedes-Benz,AMG S65,Large Cars,Rear-Wheel Drive,Automatic 7-spd,12.0,6.0,Premium Gasoline,13,22,16,574.0
42211,2020,Mercedes-Benz,AMG SLC43,Two Seaters,Rear-Wheel Drive,Automatic 9-spd,6.0,3.0,Premium Gasoline,20,29,23,383.0
41888,2020,Mercedes-Benz,C300,Compact Cars,Rear-Wheel Drive,Automatic 9-spd,4.0,2.0,Premium Gasoline,24,35,28,315.0
41887,2020,Mercedes-Benz,C300 4matic,Compact Cars,4-Wheel Drive,Automatic 9-spd,4.0,2.0,Premium Gasoline,23,33,26,338.0
41909,2020,Mercedes-Benz,C300 4matic Convertible,Subcompact Cars,4-Wheel Drive,Automatic 9-spd,4.0,2.0,Premium Gasoline,21,29,24,374.0
41908,2020,Mercedes-Benz,C300 4matic Coupe,Subcompact Cars,4-Wheel Drive,Automatic 9-spd,4.0,2.0,Premium Gasoline,21,30,25,360.0
41910,2020,Mercedes-Benz,C300 Convertible,Subcompact Cars,Rear-Wheel Drive,Automatic 9-spd,4.0,2.0,Premium Gasoline,21,29,24,373.0
41907,2020,Mercedes-Benz,C300 Coupe,Subcompact Cars,Rear-Wheel Drive,Automatic 9-spd,4.0,2.0,Premium Gasoline,22,31,25,351.0
41997,2020,Mercedes-Benz,CLA250,Compact Cars,Front-Wheel Drive,Automatic (AM7),4.0,2.0,Premium Gasoline,25,35,28,310.0
41996,2020,Mercedes-Benz,CLA250 4matic,Compact Cars,4-Wheel Drive,Automatic (AM7),4.0,2.0,Premium Gasoline,23,33,27,329.0
41962,2020,Mercedes-Benz,E350,Midsize Cars,Rear-Wheel Drive,Automatic 9-spd,4.0,2.0,Premium Gasoline,23,32,26,336.0
42005,2020,Mercedes-Benz,E350 4matic,Midsize Cars,4-Wheel Drive,Automatic 9-spd,4.0,2.0,Premium Gasoline,22,30,25,354.0
41809,2020,Mercedes-Benz,E450 4matic,Midsize Cars,4-Wheel Drive,Automatic 9-spd,6.0,3.0,Premium Gasoline,20,28,23,392.0
41817,2020,Mercedes-Benz,E450 4matic (station wagon),Midsize Station Wagons,4-Wheel Drive,Automatic 9-spd,6.0,3.0,Premium Gasoline,19,26,22,408.0
41795,2020,Mercedes-Benz,E450 4matic Convertible,Subcompact Cars,4-Wheel Drive,Automatic 9-spd,6.0,3.0,Premium Gasoline,19,26,22,408.0
41793,2020,Mercedes-Benz,E450 4matic Coupe,Subcompact Cars,4-Wheel Drive,Automatic 9-spd,6.0,3.0,Premium Gasoline,19,26,22,409.0
41794,2020,Mercedes-Benz,E450 Convertible,Subcompact Cars,Rear-Wheel Drive,Automatic 9-spd,6.0,3.0,Premium Gasoline,20,27,23,393.0
41792,2020,Mercedes-Benz,E450 Coupe,Subcompact Cars,Rear-Wheel Drive,Automatic 9-spd,6.0,3.0,Premium Gasoline,20,28,23,388.0
42272,2020,Mercedes-Benz,G550,Standard Sport Utility Vehicle 4WD,4-Wheel Drive,Automatic 9-spd,8.0,4.0,Premium Gasoline,13,17,14,609.0
42039,2020,Mercedes-Benz,GLA250,Small Sport Utility Vehicle 2WD,Front-Wheel Drive,Automatic (AM7),4.0,2.0,Premium Gasoline,24,34,28,316.0
42046,2020,Mercedes-Benz,GLA250 4matic,Small Sport Utility Vehicle 4WD,4-Wheel Drive,Automatic (AM7),4.0,2.0,Premium Gasoline,22,30,25,349.0
42180,2020,Mercedes-Benz,GLB250,Small Sport Utility Vehicle 2WD,Front-Wheel Drive,Automatic (AM8),4.0,2.0,Premium Gasoline,23,30,26,344.0
42184,2020,Mercedes-Benz,GLB250 4matic,Small Sport Utility Vehicle 4WD,4-Wheel Drive,Automatic (AM8),4.0,2.0,Premium Gasoline,23,31,26,338.0
41872,2020,Mercedes-Benz,GLC300,Small Sport Utility Vehicle 2WD,Rear-Wheel Drive,Automatic 9-spd,4.0,2.0,Premium Gasoline,22,29,24,366.0
41877,2020,Mercedes-Benz,GLC300 4matic,Small Sport Utility Vehicle 4WD,4-Wheel Drive,Automatic 9-spd,4.0,2.0,Premium Gasoline,21,28,24,377.0
41896,2020,Mercedes-Benz,GLC300 4matic Coupe,Small Sport Utility Vehicle 4WD,4-Wheel Drive,Automatic 9-spd,4.0,2.0,Premium Gasoline,21,28,24,374.0
41680,2020,Mercedes-Benz,GLE350,Small Sport Utility Vehicle 4WD,Rear-Wheel Drive,Automatic 9-spd,4.0,2.0,Premium Gasoline,20,27,22,397.0
41233,2020,Mercedes-Benz,GLE350 4matic,Small Sport Utility Vehicle 4WD,4-Wheel Drive,Automatic 9-spd,4.0,2.0,Premium Gasoline,19,26,22,404.0
42392,2020,Mercedes-Benz,Maybach S650,Large Cars,Rear-Wheel Drive,Automatic 7-spd,12.0,6.0,Premium Gasoline,13,21,16,572.0
41931,2020,Mercedes-Benz,Metris (Cargo Van),Special Purpose Vehicle 2WD,Rear-Wheel Drive,Automatic 7-spd,4.0,2.0,Premium Gasoline,21,24,22,398.0
41934,2020,Mercedes-Benz,Metris (Cargo Van),Special Purpose Vehicle 2WD,Rear-Wheel Drive,Automatic 7-spd,4.0,2.0,Premium Gasoline,20,24,22,409.0
41932,2020,Mercedes-Benz,"Metris (Cargo Van, LWB)",Special Purpose Vehicle 2WD,Rear-Wheel Drive,Automatic 7-spd,4.0,2.0,Premium Gasoline,21,24,22,395.0
41935,2020,Mercedes-Benz,"Metris (Cargo Van, LWB)",Special Purpose Vehicle 2WD,Rear-Wheel Drive,Automatic 7-spd,4.0,2.0,Premium Gasoline,20,24,22,405.0
41930,2020,Mercedes-Benz,Metris (Passenger Van),Special Purpose Vehicle 2WD,Rear-Wheel Drive,Automatic 7-spd,4.0,2.0,Premium Gasoline,20,24,21,413.0
41933,2020,Mercedes-Benz,Metris (Passenger Van),Special Purpose Vehicle 2WD,Rear-Wheel Drive,Automatic 7-spd,4.0,2.0,Premium Gasoline,19,23,21,427.0
41815,2020,Mercedes-Benz,S450,Large Cars,Rear-Wheel Drive,Automatic 9-spd,6.0,3.0,Premium Gasoline,19,28,22,403.0
41816,2020,Mercedes-Benz,S450 4matic,Large Cars,4-Wheel Drive,Automatic 9-spd,6.0,3.0,Premium Gasoline,18,28,22,408.0
42197,2020,Mercedes-Benz,S560,Large Cars,Rear-Wheel Drive,Automatic 9-spd,8.0,4.0,Premium Gasoline,17,27,21,430.0
42199,2020,Mercedes-Benz,S560 4matic,Large Cars,4-Wheel Drive,Automatic 9-spd,8.0,4.0,Premium Gasoline,17,27,21,426.0
42195,2020,Mercedes-Benz,S560 4matic Coupe,Compact Cars,4-Wheel Drive,Automatic 9-spd,8.0,4.0,Premium Gasoline,17,26,20,439.0
42200,2020,Mercedes-Benz,S560 4matic Maybach,Large Cars,4-Wheel Drive,Automatic 9-spd,8.0,4.0,Premium Gasoline,16,25,19,455.0
42193,2020,Mercedes-Benz,S560 Convertible,Subcompact Cars,Rear-Wheel Drive,Automatic 9-spd,8.0,4.0,Premium Gasoline,17,26,20,439.0
41790,2020,Mercedes-Benz,SL450,Two Seaters,Rear-Wheel Drive,Automatic 9-spd,6.0,3.0,Premium Gasoline,20,28,22,395.0
41789,2020,Mercedes-Benz,SL550,Two Seaters,Rear-Wheel Drive,Automatic 9-spd,8.0,4.7,Premium Gasoline,17,25,20,435.0
42385,2020,Mercedes-Benz,SLC300,Two Seaters,Rear-Wheel Drive,Automatic 9-spd,4.0,2.0,Premium Gasoline,23,32,27,332.0
41565,2020,Mitsubishi,Eclipse Cross 2WD,Small Sport Utility Vehicle 2WD,Front-Wheel Drive,Automatic (AV-S8),4.0,1.5,Regular Gasoline,25,28,26,338.0
41769,2020,Mitsubishi,Eclipse Cross 4WD,Small Sport Utility Vehicle 4WD,4-Wheel Drive,Automatic (AV-S8),4.0,1.5,Regular Gasoline,25,26,25,347.0
41566,2020,Mitsubishi,Eclipse Cross ES 2WD,Small Sport Utility Vehicle 2WD,Front-Wheel Drive,Automatic (AV-S8),4.0,1.5,Regular Gasoline,26,29,27,327.0
41567,2020,Mitsubishi,Eclipse Cross ES 4WD,Small Sport Utility Vehicle 4WD,4-Wheel Drive,Automatic (AV-S8),4.0,1.5,Regular Gasoline,25,28,26,337.0
42227,2020,Mitsubishi,Mirage,Compact Cars,Front-Wheel Drive,Manual 5-spd,3.0,1.2,Regular Gasoline,33,41,36,242.0
42228,2020,Mitsubishi,Mirage,Compact Cars,Front-Wheel Drive,Automatic (variable gear ratios),3.0,1.2,Regular Gasoline,36,43,39,228.0
42229,2020,Mitsubishi,Mirage G4,Compact Cars,Front-Wheel Drive,Manual 5-spd,3.0,1.2,Regular Gasoline,33,40,35,252.0
42230,2020,Mitsubishi,Mirage G4,Compact Cars,Front-Wheel Drive,Automatic (variable gear ratios),3.0,1.2,Regular Gasoline,35,41,37,236.0
41478,2020,Mitsubishi,Outlander 2WD,Small Sport Utility Vehicle 2WD,Front-Wheel Drive,Automatic (AV-S6),4.0,2.4,Regular Gasoline,25,30,27,326.0
41484,2020,Mitsubishi,Outlander 4WD,Small Sport Utility Vehicle 4WD,4-Wheel Drive,Automatic (AV-S6),4.0,2.4,Regular Gasoline,24,29,26,341.0
42047,2020,Mitsubishi,Outlander 4WD,Small Sport Utility Vehicle 4WD,4-Wheel Drive,Automatic (S6),6.0,3.0,Premium Gasoline,20,27,22,402.0
41756,2020,Mitsubishi,Outlander Sport 2WD,Small Sport Utility Vehicle 2WD,Front-Wheel Drive,Automatic (AV-S6),4.0,2.0,Regular Gasoline,24,30,27,331.0
42040,2020,Mitsubishi,Outlander Sport 2WD,Small Sport Utility Vehicle 2WD,Front-Wheel Drive,Automatic (AV-S6),4.0,2.4,Regular Gasoline,23,29,25,354.0
41768,2020,Mitsubishi,Outlander Sport 4WD,Small Sport Utility Vehicle 4WD,4-Wheel Drive,Automatic (AV-S6),4.0,2.0,Regular Gasoline,23,29,26,344.0
42048,2020,Mitsubishi,Outlander Sport 4WD,Small Sport Utility Vehicle 4WD,4-Wheel Drive,Automatic (AV-S6),4.0,2.4,Regular Gasoline,23,28,25,353.0
41375,2020,Nissan,370Z,Two Seaters,Rear-Wheel Drive,Automatic (S7),6.0,3.7,Premium Gasoline,19,26,22,406.0
41376,2020,Nissan,370Z,Two Seaters,Rear-Wheel Drive,Manual 6-spd,6.0,3.7,Premium Gasoline,17,26,20,445.0
41377,2020,Nissan,370Z Roadster,Two Seaters,Rear-Wheel Drive,Automatic (S7),6.0,3.7,Premium Gasoline,18,25,21,429.0
41532,2020,Nissan,Altima,Midsize Cars,Front-Wheel Drive,Automatic (variable gear ratios),4.0,2.5,Regular Gasoline,28,39,32,278.0
41534,2020,Nissan,Altima AWD,Midsize Cars,All-Wheel Drive,Automatic (variable gear ratios),4.0,2.5,Regular Gasoline,26,35,30,300.0
41535,2020,Nissan,Altima AWD SR/Platinum,Midsize Cars,All-Wheel Drive,Automatic (variable gear ratios),4.0,2.5,Regular Gasoline,26,34,29,307.0
41533,2020,Nissan,Altima SR/Platinum,Midsize Cars,Front-Wheel Drive,Automatic (variable gear ratios),4.0,2.5,Regular Gasoline,27,37,31,288.0
41536,2020,Nissan,Altima SR/Platinum,Midsize Cars,Front-Wheel Drive,Automatic (variable gear ratios),4.0,2.0,Regular Gasoline,25,34,29,311.0
42051,2020,Nissan,Armada 2WD,Standard Sport Utility Vehicle 2WD,Rear-Wheel Drive,Automatic (S7),8.0,5.6,Regular Gasoline,14,19,16,553.0
42060,2020,Nissan,Armada 4WD,Standard Sport Utility Vehicle 4WD,4-Wheel Drive,Automatic (S7),8.0,5.6,Regular Gasoline,13,18,15,593.0
42612,2020,Nissan,Frontier 2WD,Standard Pickup Trucks 2WD,Rear-Wheel Drive,Automatic (S9),6.0,3.8,Regular Gasoline,18,24,20,445.0
42613,2020,Nissan,Frontier 4WD,Standard Pickup Trucks 4WD,Part-time 4-Wheel Drive,Automatic (S9),6.0,3.8,Regular Gasoline,17,23,19,469.0
41610,2020,Nissan,GT-R,Subcompact Cars,All-Wheel Drive,Automatic (AM-S6),6.0,3.8,Premium Gasoline,16,22,18,482.0
42389,2020,Nissan,Kicks,Midsize Cars,Front-Wheel Drive,Automatic (variable gear ratios),4.0,1.6,Regular Gasoline,31,36,33,268.0
41914,2020,Nissan,Maxima,Midsize Cars,Front-Wheel Drive,Automatic (AV-S7),6.0,3.5,Premium Gasoline,20,30,24,378.0
42098,2020,Nissan,Murano AWD,Midsize Station Wagons,All-Wheel Drive,Automatic (AV-S7),6.0,3.5,Regular Gasoline,20,28,23,388.0
42097,2020,Nissan,Murano FWD,Midsize Station Wagons,Front-Wheel Drive,Automatic (AV-S7),6.0,3.5,Regular Gasoline,20,28,23,386.0
42156,2020,Nissan,NV200 Cargo Van,Special Purpose Vehicle 2WD,Front-Wheel Drive,Automatic (variable gear ratios),4.0,2.0,Regular Gasoline,24,26,25,356.0
42077,2020,Nissan,Pathfinder 2WD,Small Sport Utility Vehicle 2WD,Front-Wheel Drive,Automatic (variable gear ratios),6.0,3.5,Regular Gasoline,20,27,23,392.0
42084,2020,Nissan,Pathfinder 4WD,Small Sport Utility Vehicle 4WD,4-Wheel Drive,Automatic (variable gear ratios),6.0,3.5,Regular Gasoline,20,27,22,401.0
42085,2020,Nissan,Pathfinder 4WD Platinum,Small Sport Utility Vehicle 4WD,4-Wheel Drive,Automatic (variable gear ratios),6.0,3.5,Regular Gasoline,19,26,21,414.0
41681,2020,Nissan,Rogue AWD,Small Sport Utility Vehicle 4WD,All-Wheel Drive,Automatic (variable gear ratios),4.0,2.5,Regular Gasoline,25,31,27,324.0
41662,2020,Nissan,Rogue FWD,Small Sport Utility Vehicle 2WD,Front-Wheel Drive,Automatic (variable gear ratios),4.0,2.5,Regular Gasoline,26,33,29,312.0
42336,2020,Nissan,Rogue Sport,Small Station Wagons,Front-Wheel Drive,Automatic (AV-S8),4.0,2.0,Regular Gasoline,26,30,28,317.0
42337,2020,Nissan,Rogue Sport AWD,Small Station Wagons,All-Wheel Drive,Automatic (AV-S8),4.0,2.0,Regular Gasoline,26,30,27,329.0
42472,2020,Nissan,Sentra,Midsize Cars,Front-Wheel Drive,Automatic (variable gear ratios),4.0,2.0,Regular Gasoline,29,39,33,268.0
42473,2020,Nissan,Sentra SR,Midsize Cars,Front-Wheel Drive,Automatic (variable gear ratios),4.0,2.0,Regular Gasoline,28,37,32,280.0
42451,2020,Nissan,Titan 2WD,Standard Pickup Trucks 2WD,Rear-Wheel Drive,Automatic (S9),8.0,5.6,Premium Gasoline,16,22,18,490.0
42452,2020,Nissan,Titan 4WD,Standard Pickup Trucks 4WD,Part-time 4-Wheel Drive,Automatic (S9),8.0,5.6,Premium Gasoline,15,21,18,514.0
42453,2020,Nissan,Titan 4WD PRO4X,Standard Pickup Trucks 4WD,Part-time 4-Wheel Drive,Automatic (S9),8.0,5.6,Premium Gasoline,15,21,17,524.0
41796,2020,Nissan,Versa,Compact Cars,Front-Wheel Drive,Automatic (variable gear ratios),4.0,1.6,Regular Gasoline,32,40,35,253.0
41797,2020,Nissan,Versa,Compact Cars,Front-Wheel Drive,Manual 5-spd,4.0,1.6,Regular Gasoline,27,35,30,296.0
43171,2020,Pagani,Huayra Roadster BC,Two Seaters,Rear-Wheel Drive,Automatic (AM7),12.0,6.0,Premium Gasoline,10,15,12,707.0
42578,2020,Porsche,718 Cayman GT4,Two Seaters,Rear-Wheel Drive,Manual 6-spd,6.0,4.0,Premium Gasoline,16,23,19,473.0
42577,2020,Porsche,718 Spyder,Two Seaters,Rear-Wheel Drive,Manual 6-spd,6.0,4.0,Premium Gasoline,16,23,19,473.0
42408,2020,Porsche,911 Carrera,Minicompact Cars,Rear-Wheel Drive,Automatic (AM-S8),6.0,3.0,Premium Gasoline,18,24,20,440.0
42412,2020,Porsche,911 Carrera 4,Minicompact Cars,All-Wheel Drive,Automatic (AM-S8),6.0,3.0,Premium Gasoline,18,24,20,442.0
42413,2020,Porsche,911 Carrera 4 Cabriolet,Minicompact Cars,All-Wheel Drive,Automatic (AM-S8),6.0,3.0,Premium Gasoline,18,24,20,443.0
41983,2020,Porsche,911 Carrera 4S,Minicompact Cars,All-Wheel Drive,Automatic (AM-S8),6.0,3.0,Premium Gasoline,18,23,20,445.0
42414,2020,Porsche,911 Carrera 4S,Minicompact Cars,All-Wheel Drive,Manual 7-spd,6.0,3.0,Premium Gasoline,17,24,20,443.0
42063,2020,Porsche,911 Carrera 4S Cabriolet,Minicompact Cars,All-Wheel Drive,Automatic (AM-S8),6.0,3.0,Premium Gasoline,18,23,20,445.0
42415,2020,Porsche,911 Carrera 4S Cabriolet,Minicompact Cars,All-Wheel Drive,Manual 7-spd,6.0,3.0,Premium Gasoline,17,24,20,451.0
42409,2020,Porsche,911 Carrera Cabriolet,Minicompact Cars,Rear-Wheel Drive,Automatic (AM-S8),6.0,3.0,Premium Gasoline,17,24,20,453.0
41981,2020,Porsche,911 Carrera S,Minicompact Cars,Rear-Wheel Drive,Automatic (AM-S8),6.0,3.0,Premium Gasoline,18,24,20,444.0
42410,2020,Porsche,911 Carrera S,Minicompact Cars,Rear-Wheel Drive,Manual 7-spd,6.0,3.0,Premium Gasoline,17,25,20,443.0
41982,2020,Porsche,911 Carrera S Cabriolet,Minicompact Cars,Rear-Wheel Drive,Automatic (AM-S8),6.0,3.0,Premium Gasoline,18,23,20,444.0
42411,2020,Porsche,911 Carrera S Cabriolet,Minicompact Cars,Rear-Wheel Drive,Manual 7-spd,6.0,3.0,Premium Gasoline,17,25,20,443.0
42731,2020,Porsche,Boxster,Two Seaters,Rear-Wheel Drive,Manual 6-spd,4.0,2.0,Premium Gasoline,20,26,22,394.0
42732,2020,Porsche,Boxster,Two Seaters,Rear-Wheel Drive,Automatic (AM-S7),4.0,2.0,Premium Gasoline,21,27,24,375.0
42735,2020,Porsche,Boxster S,Two Seaters,Rear-Wheel Drive,Manual 6-spd,4.0,2.5,Premium Gasoline,19,24,21,423.0
42736,2020,Porsche,Boxster S,Two Seaters,Rear-Wheel Drive,Automatic (AM-S7),4.0,2.5,Premium Gasoline,19,25,22,410.0
42739,2020,Porsche,Boxster T,Two Seaters,Rear-Wheel Drive,Manual 6-spd,4.0,2.0,Premium Gasoline,20,26,22,394.0
42740,2020,Porsche,Boxster T,Two Seaters,Rear-Wheel Drive,Automatic (AM-S7),4.0,2.0,Premium Gasoline,21,27,23,380.0
41684,2020,Porsche,Cayenne,Standard Sport Utility Vehicle 4WD,All-Wheel Drive,Automatic (S8),6.0,3.0,Premium Gasoline,19,23,20,432.0
42490,2020,Porsche,Cayenne Coupe,Standard Sport Utility Vehicle 4WD,All-Wheel Drive,Automatic (S8),6.0,3.0,Premium Gasoline,19,23,20,437.0
41685,2020,Porsche,Cayenne S,Standard Sport Utility Vehicle 4WD,All-Wheel Drive,Automatic (S8),6.0,2.9,Premium Gasoline,18,22,20,448.0
42491,2020,Porsche,Cayenne S Coupe,Standard Sport Utility Vehicle 4WD,All-Wheel Drive,Automatic (S8),6.0,2.9,Premium Gasoline,18,22,19,460.0
41607,2020,Porsche,Cayenne Turbo,Standard Sport Utility Vehicle 4WD,All-Wheel Drive,Automatic (S8),8.0,4.0,Premium Gasoline,15,19,17,529.0
42492,2020,Porsche,Cayenne Turbo Coupe,Standard Sport Utility Vehicle 4WD,All-Wheel Drive,Automatic (S8),8.0,4.0,Premium Gasoline,15,19,17,535.0
42733,2020,Porsche,Cayman,Two Seaters,Rear-Wheel Drive,Manual 6-spd,4.0,2.0,Premium Gasoline,20,26,22,394.0
42734,2020,Porsche,Cayman,Two Seaters,Rear-Wheel Drive,Automatic (AM-S7),4.0,2.0,Premium Gasoline,21,27,24,375.0
42737,2020,Porsche,Cayman S,Two Seaters,Rear-Wheel Drive,Manual 6-spd,4.0,2.5,Premium Gasoline,19,24,21,423.0
42738,2020,Porsche,Cayman S,Two Seaters,Rear-Wheel Drive,Automatic (AM-S7),4.0,2.5,Premium Gasoline,19,25,22,410.0
42741,2020,Porsche,Cayman T,Two Seaters,Rear-Wheel Drive,Manual 6-spd,4.0,2.0,Premium Gasoline,20,26,22,394.0
42742,2020,Porsche,Cayman T,Two Seaters,Rear-Wheel Drive,Automatic (AM-S7),4.0,2.0,Premium Gasoline,21,27,23,380.0
41682,2020,Porsche,Macan,Small Sport Utility Vehicle 4WD,All-Wheel Drive,Automatic (AM-S7),4.0,2.0,Premium Gasoline,19,23,21,426.0
42503,2020,Porsche,Macan GTS,Small Sport Utility Vehicle 4WD,All-Wheel Drive,Automatic (AM-S7),6.0,2.9,Premium Gasoline,17,22,19,459.0
41683,2020,Porsche,Macan S,Small Sport Utility Vehicle 4WD,All-Wheel Drive,Automatic (AM-S7),6.0,3.0,Premium Gasoline,18,23,20,438.0
42504,2020,Porsche,Macan Turbo,Small Sport Utility Vehicle 4WD,All-Wheel Drive,Automatic (AM-S7),6.0,2.9,Premium Gasoline,17,22,19,463.0
41918,2020,Porsche,Panamera,Large Cars,Rear-Wheel Drive,Automatic (AM-S8),6.0,3.0,Premium Gasoline,19,27,22,401.0
41919,2020,Porsche,Panamera 4,Large Cars,4-Wheel Drive,Automatic (AM-S8),6.0,3.0,Premium Gasoline,19,26,22,407.0
41920,2020,Porsche,Panamera 4 Executive,Large Cars,4-Wheel Drive,Automatic (AM-S8),6.0,3.0,Premium Gasoline,19,26,22,407.0
41921,2020,Porsche,Panamera 4 ST,Large Cars,4-Wheel Drive,Automatic (AM-S8),6.0,3.0,Premium Gasoline,19,26,22,403.0
41922,2020,Porsche,Panamera 4S,Large Cars,4-Wheel Drive,Automatic (AM-S8),6.0,2.9,Premium Gasoline,18,26,21,419.0
41923,2020,Porsche,Panamera 4S Executive,Large Cars,4-Wheel Drive,Automatic (AM-S8),6.0,2.9,Premium Gasoline,18,26,21,419.0
41924,2020,Porsche,Panamera 4S ST,Large Cars,4-Wheel Drive,Automatic (AM-S8),6.0,2.9,Premium Gasoline,18,24,20,440.0
41925,2020,Porsche,Panamera GTS,Large Cars,All-Wheel Drive,Automatic (AM-S8),8.0,4.0,Premium Gasoline,16,23,19,474.0
41926,2020,Porsche,Panamera GTS ST,Large Cars,All-Wheel Drive,Automatic (AM-S8),8.0,4.0,Premium Gasoline,15,22,18,503.0
41927,2020,Porsche,Panamera Turbo,Large Cars,All-Wheel Drive,Automatic (AM-S8),8.0,4.0,Premium Gasoline,18,25,21,420.0
41928,2020,Porsche,Panamera Turbo Exec,Large Cars,All-Wheel Drive,Automatic (AM-S8),8.0,4.0,Premium Gasoline,18,25,21,420.0
41929,2020,Porsche,Panamera Turbo ST,Large Cars,All-Wheel Drive,Automatic (AM-S8),8.0,4.0,Premium Gasoline,18,23,20,449.0
43411,2020,RUF Automobile,TURBO12/CTR3/CTR ANNIVERSARY,Two Seaters,Rear-Wheel Drive,Manual 7-spd,6.0,3.8,Premium Gasoline,16,20,18,497.0
41653,2020,Ram,1500 2WD,Standard Pickup Trucks 2WD,Rear-Wheel Drive,Automatic 8-spd,8.0,5.7,Midgrade Gasoline,15,22,17,514.0
41657,2020,Ram,1500 4WD,Standard Pickup Trucks 4WD,4-Wheel Drive,Automatic 8-spd,8.0,5.7,Midgrade Gasoline,15,21,17,523.0
42398,2020,Ram,1500 Classic 2WD,Standard Pickup Trucks 2WD,Rear-Wheel Drive,Automatic 8-spd,6.0,3.6,Regular Gasoline,17,25,20,450.0
42399,2020,Ram,1500 Classic 2WD,Standard Pickup Trucks 2WD,Rear-Wheel Drive,Automatic 8-spd,8.0,5.7,Midgrade Gasoline,15,22,17,513.0
42401,2020,Ram,1500 Classic 4WD,Standard Pickup Trucks 4WD,4-Wheel Drive,Automatic 8-spd,6.0,3.6,Regular Gasoline,16,23,19,475.0
42402,2020,Ram,1500 Classic 4WD,Standard Pickup Trucks 4WD,4-Wheel Drive,Automatic 8-spd,8.0,5.7,Midgrade Gasoline,15,21,17,526.0
41936,2020,Ram,Promaster City,Special Purpose Vehicle 2WD,Front-Wheel Drive,Automatic 9-spd,4.0,2.4,Regular Gasoline,21,28,24,374.0
42028,2020,Rolls-Royce,Cullinan,Midsize Station Wagons,All-Wheel Drive,Automatic (S8),12.0,6.7,Premium Gasoline,12,20,14,619.0
42029,2020,Rolls-Royce,Cullinan Black Badge,Midsize Station Wagons,All-Wheel Drive,Automatic (S8),12.0,6.7,Premium Gasoline,12,20,14,619.0
41998,2020,Rolls-Royce,Dawn,Compact Cars,Rear-Wheel Drive,Automatic (S8),12.0,6.6,Premium Gasoline,12,18,14,637.0
43891,2020,Rolls-Royce,Dawn Black Badge,Compact Cars,Rear-Wheel Drive,Automatic (S8),12.0,6.6,Premium Gasoline,12,18,14,637.0
42022,2020,Rolls-Royce,Ghost,Large Cars,Rear-Wheel Drive,Automatic (S8),12.0,6.6,Premium Gasoline,12,18,14,637.0
43893,2020,Rolls-Royce,Ghost Black Badge,Large Cars,Rear-Wheel Drive,Automatic (S8),12.0,6.6,Premium Gasoline,12,18,14,637.0
42023,2020,Rolls-Royce,Ghost EWB,Large Cars,Rear-Wheel Drive,Automatic (S8),12.0,6.6,Premium Gasoline,12,18,14,637.0
42020,2020,Rolls-Royce,Phantom,Large Cars,Rear-Wheel Drive,Automatic (S8),12.0,6.7,Premium Gasoline,12,20,14,615.0
42021,2020,Rolls-Royce,Phantom EWB,Large Cars,Rear-Wheel Drive,Automatic (S8),12.0,6.7,Premium Gasoline,12,20,14,615.0
42006,2020,Rolls-Royce,Wraith,Midsize Cars,Rear-Wheel Drive,Automatic (S8),12.0,6.6,Premium Gasoline,12,18,14,624.0
43892,2020,Rolls-Royce,Wraith Black Badge,Midsize Cars,Rear-Wheel Drive,Automatic (S8),12.0,6.6,Premium Gasoline,12,18,14,624.0
42421,2020,Roush Performance,F150 Pickup 2WD,Standard Pickup Trucks 2WD,Rear-Wheel Drive,Automatic (S10),8.0,5.0,Premium Gasoline,11,15,13,689.0
43894,2020,Roush Performance,F150 Pickup 4WD,Standard Pickup Trucks 4WD,4-Wheel Drive,Automatic (S10),8.0,5.0,Premium Gasoline,11,16,13,696.0
42318,2020,Roush Performance,Stage 3 Mustang,Subcompact Cars,Rear-Wheel Drive,Manual 6-spd,8.0,5.0,Premium Gasoline,13,20,15,570.0
42386,2020,Roush Performance,Stage 3 Mustang,Subcompact Cars,Rear-Wheel Drive,Automatic (S10),8.0,5.0,Premium Gasoline,12,18,14,618.0
41430,2020,Subaru,Ascent,Standard Sport Utility Vehicle 4WD,All-Wheel Drive,Automatic (AV-S8),4.0,2.4,Regular Gasoline,21,27,23,386.0
41431,2020,Subaru,Ascent Limited/Touring,Standard Sport Utility Vehicle 4WD,All-Wheel Drive,Automatic (AV-S8),4.0,2.4,Regular Gasoline,20,26,22,401.0
41543,2020,Subaru,BRZ,Minicompact Cars,Rear-Wheel Drive,Manual 6-spd,4.0,2.0,Premium Gasoline,21,29,24,372.0
41544,2020,Subaru,BRZ,Minicompact Cars,Rear-Wheel Drive,Automatic (S6),4.0,2.0,Premium Gasoline,24,33,27,322.0
41545,2020,Subaru,BRZ tS,Minicompact Cars,Rear-Wheel Drive,Manual 6-spd,4.0,2.0,Premium Gasoline,20,27,23,384.0
42049,2020,Subaru,Crosstrek AWD,Small Sport Utility Vehicle 4WD,All-Wheel Drive,Manual 6-spd,4.0,2.0,Regular Gasoline,22,29,25,355.0
42050,2020,Subaru,Crosstrek AWD,Small Sport Utility Vehicle 4WD,All-Wheel Drive,Automatic (AV-S8),4.0,2.0,Regular Gasoline,27,33,30,298.0
41568,2020,Subaru,Forester AWD,Small Sport Utility Vehicle 4WD,All-Wheel Drive,Automatic (AV-S7),4.0,2.5,Regular Gasoline,26,33,29,309.0
42007,2020,Subaru,Impreza 4-Door,Midsize Cars,All-Wheel Drive,Manual 5-spd,4.0,2.0,Regular Gasoline,23,31,26,337.0
42008,2020,Subaru,Impreza 4-Door,Midsize Cars,All-Wheel Drive,Automatic (AV-S7),4.0,2.0,Regular Gasoline,28,36,31,282.0
42024,2020,Subaru,Impreza 5-Door,Small Station Wagons,All-Wheel Drive,Manual 5-spd,4.0,2.0,Regular Gasoline,24,31,26,335.0
42025,2020,Subaru,Impreza 5-Door,Small Station Wagons,All-Wheel Drive,Automatic (AV-S7),4.0,2.0,Regular Gasoline,28,36,31,288.0
42009,2020,Subaru,Impreza Sport 4-Door,Midsize Cars,All-Wheel Drive,Manual 5-spd,4.0,2.0,Regular Gasoline,23,31,26,337.0
42010,2020,Subaru,Impreza Sport 4-Door,Midsize Cars,All-Wheel Drive,Automatic (AV-S7),4.0,2.0,Regular Gasoline,27,36,30,291.0
42026,2020,Subaru,Impreza Sport 5-Door,Small Station Wagons,All-Wheel Drive,Manual 5-spd,4.0,2.0,Regular Gasoline,22,30,25,351.0
42027,2020,Subaru,Impreza Sport 5-Door,Small Station Wagons,All-Wheel Drive,Automatic (AV-S7),4.0,2.0,Regular Gasoline,27,35,30,292.0
41562,2020,Subaru,Legacy AWD,Large Cars,All-Wheel Drive,Automatic (AV-S8),4.0,2.5,Regular Gasoline,27,35,30,295.0
41563,2020,Subaru,Legacy AWD,Large Cars,All-Wheel Drive,Automatic (AV-S8),4.0,2.4,Regular Gasoline,24,32,27,330.0
41569,2020,Subaru,Outback AWD,Small Sport Utility Vehicle 4WD,All-Wheel Drive,Automatic (AV-S8),4.0,2.5,Regular Gasoline,26,33,29,308.0
41570,2020,Subaru,Outback AWD,Small Sport Utility Vehicle 4WD,All-Wheel Drive,Automatic (AV-S8),4.0,2.4,Regular Gasoline,23,30,26,343.0
41554,2020,Subaru,WRX,Compact Cars,All-Wheel Drive,Manual 6-spd,4.0,2.0,Premium Gasoline,21,27,23,382.0
41555,2020,Subaru,WRX,Compact Cars,All-Wheel Drive,Automatic (AV-S8),4.0,2.0,Premium Gasoline,18,24,21,422.0
41556,2020,Subaru,WRX,Compact Cars,All-Wheel Drive,Manual 6-spd,4.0,2.5,Premium Gasoline,16,22,19,485.0
41938,2020,Toyota,4Runner 2WD,Standard Sport Utility Vehicle 2WD,Rear-Wheel Drive,Automatic (S5),6.0,4.0,Regular Gasoline,16,19,17,503.0
41940,2020,Toyota,4Runner 4WD,Standard Sport Utility Vehicle 4WD,Part-time 4-Wheel Drive,Automatic (S5),6.0,4.0,Regular Gasoline,16,19,17,515.0
41942,2020,Toyota,4Runner 4WD,Standard Sport Utility Vehicle 4WD,All-Wheel Drive,Automatic (S5),6.0,4.0,Regular Gasoline,16,19,17,515.0
41949,2020,Toyota,86,Minicompact Cars,Rear-Wheel Drive,Automatic (S6),4.0,2.0,Premium Gasoline,24,32,27,328.0
41950,2020,Toyota,86,Minicompact Cars,Rear-Wheel Drive,Manual 6-spd,4.0,2.0,Premium Gasoline,21,28,24,373.0
41812,2020,Toyota,Avalon,Midsize Cars,Front-Wheel Drive,Automatic (S8),6.0,3.5,Regular Gasoline,22,31,25,354.0
41811,2020,Toyota,Avalon XLE,Midsize Cars,Front-Wheel Drive,Automatic (S8),6.0,3.5,Regular Gasoline,22,32,26,341.0
42145,2020,Toyota,C-HR,Compact Cars,Front-Wheel Drive,Automatic (AV-S7),4.0,2.0,Regular Gasoline,27,31,29,305.0
42011,2020,Toyota,Camry,Midsize Cars,Front-Wheel Drive,Automatic (S8),6.0,3.5,Regular Gasoline,22,33,26,338.0
42015,2020,Toyota,Camry,Midsize Cars,Front-Wheel Drive,Automatic (S8),4.0,2.5,Regular Gasoline,29,41,34,264.0
42510,2020,Toyota,Camry AWD LE/SE,Midsize Cars,All-Wheel Drive,Automatic (S8),4.0,2.5,Regular Gasoline,25,34,29,309.0
42511,2020,Toyota,Camry AWD XLE/XSE,Midsize Cars,All-Wheel Drive,Automatic (S8),4.0,2.5,Regular Gasoline,25,34,28,315.0
42013,2020,Toyota,Camry LE/SE,Midsize Cars,Front-Wheel Drive,Automatic (S8),4.0,2.5,Regular Gasoline,28,39,32,279.0
42018,2020,Toyota,Camry TRD,Midsize Cars,Front-Wheel Drive,Automatic (S8),6.0,3.5,Regular Gasoline,22,31,25,354.0
42014,2020,Toyota,Camry XLE/XSE,Midsize Cars,Front-Wheel Drive,Automatic (S8),4.0,2.5,Regular Gasoline,27,38,31,284.0
42012,2020,Toyota,Camry XSE,Midsize Cars,Front-Wheel Drive,Automatic (S8),6.0,3.5,Regular Gasoline,22,32,26,345.0
41213,2020,Toyota,Corolla,Compact Cars,Front-Wheel Drive,Automatic (AV-S10),4.0,2.0,Regular Gasoline,31,40,34,257.0
41215,2020,Toyota,Corolla,Compact Cars,Front-Wheel Drive,Manual 6-spd,4.0,2.0,Regular Gasoline,29,36,32,277.0
41217,2020,Toyota,Corolla,Compact Cars,Front-Wheel Drive,Automatic (variable gear ratios),4.0,1.8,Regular Gasoline,30,38,33,267.0
41218,2020,Toyota,Corolla,Compact Cars,Front-Wheel Drive,Manual 6-spd,4.0,1.8,Regular Gasoline,29,39,33,266.0
42092,2020,Toyota,Corolla Hatchback,Compact Cars,Front-Wheel Drive,Manual 6-spd,4.0,2.0,Regular Gasoline,28,37,31,280.0
42093,2020,Toyota,Corolla Hatchback,Compact Cars,Front-Wheel Drive,Automatic (AV-S10),4.0,2.0,Regular Gasoline,32,41,35,250.0
42094,2020,Toyota,Corolla Hatchback XSE,Compact Cars,Front-Wheel Drive,Automatic (AV-S10),4.0,2.0,Regular Gasoline,30,38,33,266.0
41219,2020,Toyota,Corolla XLE,Compact Cars,Front-Wheel Drive,Automatic (variable gear ratios),4.0,1.8,Regular Gasoline,29,37,32,274.0
41216,2020,Toyota,Corolla XSE,Compact Cars,Front-Wheel Drive,Automatic (AV-S10),4.0,2.0,Regular Gasoline,31,38,34,265.0
41309,2020,Toyota,GR Supra,Two Seaters,Rear-Wheel Drive,Automatic (S8),6.0,3.0,Premium Gasoline,24,31,26,334.0
42379,2020,Toyota,Highlander,Small Sport Utility Vehicle 2WD,Front-Wheel Drive,Automatic (S8),6.0,3.5,Regular Gasoline,20,28,23,386.0
42380,2020,Toyota,Highlander,Small Sport Utility Vehicle 2WD,Front-Wheel Drive,Automatic (S8),6.0,3.5,Regular Gasoline,21,29,24,372.0
42381,2020,Toyota,Highlander AWD,Small Sport Utility Vehicle 4WD,All-Wheel Drive,Automatic (S8),6.0,3.5,Regular Gasoline,20,27,23,387.0
41941,2020,Toyota,Land Cruiser Wagon 4WD,Standard Sport Utility Vehicle 4WD,4-Wheel Drive,Automatic (S8),8.0,5.7,Regular Gasoline,13,17,14,618.0
42181,2020,Toyota,RAV4,Small Sport Utility Vehicle 2WD,Front-Wheel Drive,Automatic (S8),4.0,2.5,Regular Gasoline,27,35,30,296.0
42182,2020,Toyota,RAV4,Small Sport Utility Vehicle 2WD,Front-Wheel Drive,Automatic (S8),4.0,2.5,Regular Gasoline,28,35,30,290.0
42185,2020,Toyota,RAV4 AWD,Small Sport Utility Vehicle 4WD,All-Wheel Drive,Automatic (S8),4.0,2.5,Regular Gasoline,25,33,28,315.0
42186,2020,Toyota,RAV4 AWD,Small Sport Utility Vehicle 4WD,All-Wheel Drive,Automatic (S8),4.0,2.5,Regular Gasoline,27,33,29,301.0
42189,2020,Toyota,RAV4 AWD LE,Small Sport Utility Vehicle 4WD,All-Wheel Drive,Automatic (S8),4.0,2.5,Regular Gasoline,27,34,30,296.0
42188,2020,Toyota,RAV4 AWD TRD OFFROAD,Small Sport Utility Vehicle 4WD,All-Wheel Drive,Automatic (S8),4.0,2.5,Regular Gasoline,25,32,27,321.0
41880,2020,Toyota,Sequoia 2WD,Standard Sport Utility Vehicle 2WD,Rear-Wheel Drive,Automatic (S6),8.0,5.7,Regular Gasoline,13,17,15,609.0
41882,2020,Toyota,Sequoia 4WD,Standard Sport Utility Vehicle 4WD,Part-time 4-Wheel Drive,Automatic (S6),8.0,5.7,Regular Gasoline,13,17,14,618.0
41386,2020,Toyota,Sienna 2WD,Minivan - 2WD,Front-Wheel Drive,Automatic (S8),6.0,3.5,Regular Gasoline,19,26,21,417.0
41387,2020,Toyota,Sienna AWD,Minivan - 4WD,All-Wheel Drive,Automatic (S8),6.0,3.5,Regular Gasoline,18,24,20,441.0
42030,2020,Toyota,Tacoma 2WD,Small Pickup Trucks 2WD,Rear-Wheel Drive,Automatic (S6),6.0,3.5,Regular Gasoline,19,24,21,431.0
42031,2020,Toyota,Tacoma 2WD,Small Pickup Trucks 2WD,Rear-Wheel Drive,Automatic (S6),4.0,2.7,Regular Gasoline,20,23,21,423.0
42032,2020,Toyota,Tacoma 4WD,Small Pickup Trucks 4WD,Part-time 4-Wheel Drive,Automatic (S6),6.0,3.5,Regular Gasoline,18,22,20,448.0
42033,2020,Toyota,Tacoma 4WD,Small Pickup Trucks 4WD,Part-time 4-Wheel Drive,Manual 6-spd,6.0,3.5,Regular Gasoline,17,21,18,481.0
42034,2020,Toyota,Tacoma 4WD,Small Pickup Trucks 4WD,Part-time 4-Wheel Drive,Automatic (S6),4.0,2.7,Regular Gasoline,19,22,20,441.0
42035,2020,Toyota,Tacoma 4WD D-CAB MT TRD-ORP/PRO,Small Pickup Trucks 4WD,Part-time 4-Wheel Drive,Manual 6-spd,6.0,3.5,Regular Gasoline,17,20,18,483.0
41832,2020,Toyota,Tundra 2WD,Standard Pickup Trucks 2WD,Rear-Wheel Drive,Automatic (S6),8.0,5.7,Regular Gasoline,13,18,15,595.0
41859,2020,Toyota,Tundra 4WD,Standard Pickup Trucks 4WD,Part-time 4-Wheel Drive,Automatic (S6),8.0,5.7,Regular Gasoline,13,17,14,614.0
41999,2020,Toyota,Yaris,Compact Cars,Front-Wheel Drive,Manual 6-spd,4.0,1.5,Regular Gasoline,30,39,34,264.0
42000,2020,Toyota,Yaris,Compact Cars,Front-Wheel Drive,Automatic (S6),4.0,1.5,Regular Gasoline,32,40,35,252.0
42419,2020,Volkswagen,Arteon,Large Cars,Front-Wheel Drive,Automatic (S8),4.0,2.0,Premium Gasoline,22,29,25,354.0
42420,2020,Volkswagen,Arteon 4motion,Large Cars,All-Wheel Drive,Automatic (S8),4.0,2.0,Premium Gasoline,20,29,23,377.0
42183,2020,Volkswagen,Atlas,Small Sport Utility Vehicle 2WD,Front-Wheel Drive,Automatic (S8),4.0,2.0,Regular Gasoline,20,24,22,408.0
42454,2020,Volkswagen,Atlas,Small Sport Utility Vehicle 2WD,Front-Wheel Drive,Automatic (S8),6.0,3.6,Regular Gasoline,17,23,19,461.0
42458,2020,Volkswagen,Atlas 4motion,Standard Sport Utility Vehicle 4WD,All-Wheel Drive,Automatic (S8),6.0,3.6,Regular Gasoline,16,22,19,480.0
42100,2020,Volkswagen,Atlas Cross Sport,Small Sport Utility Vehicle 2WD,Front-Wheel Drive,Automatic (S8),4.0,2.0,Regular Gasoline,21,24,22,401.0
42455,2020,Volkswagen,Atlas Cross Sport,Small Sport Utility Vehicle 2WD,Front-Wheel Drive,Automatic (S8),6.0,3.6,Regular Gasoline,17,23,19,461.0
42159,2020,Volkswagen,Atlas Cross Sport 4motion,Small Sport Utility Vehicle 4WD,All-Wheel Drive,Automatic (S8),4.0,2.0,Regular Gasoline,18,23,20,439.0
42457,2020,Volkswagen,Atlas Cross Sport 4motion,Small Sport Utility Vehicle 4WD,All-Wheel Drive,Automatic (S8),6.0,3.6,Regular Gasoline,16,22,19,480.0
42124,2020,Volkswagen,GTI,Compact Cars,Front-Wheel Drive,Manual 6-spd,4.0,2.0,Regular Gasoline,24,32,27,326.0
42231,2020,Volkswagen,GTI,Compact Cars,Front-Wheel Drive,Automatic (AM-S7),4.0,2.0,Regular Gasoline,24,32,27,327.0
42433,2020,Volkswagen,Golf,Compact Cars,Front-Wheel Drive,Automatic (S8),4.0,1.4,Regular Gasoline,29,35,32,280.0
42434,2020,Volkswagen,Golf,Compact Cars,Front-Wheel Drive,Manual 6-spd,4.0,1.4,Regular Gasoline,28,36,31,285.0
42125,2020,Volkswagen,Jetta,Compact Cars,Front-Wheel Drive,Manual 6-spd,4.0,2.0,Regular Gasoline,25,33,28,319.0
42126,2020,Volkswagen,Jetta,Compact Cars,Front-Wheel Drive,Automatic (AM-S7),4.0,2.0,Regular Gasoline,25,32,28,315.0
42431,2020,Volkswagen,Jetta,Compact Cars,Front-Wheel Drive,Automatic (S8),4.0,1.4,Regular Gasoline,30,40,34,263.0
42432,2020,Volkswagen,Jetta,Compact Cars,Front-Wheel Drive,Manual 6-spd,4.0,1.4,Regular Gasoline,30,40,34,262.0
42297,2020,Volkswagen,Passat,Midsize Cars,Front-Wheel Drive,Automatic (S6),4.0,2.0,Regular Gasoline,23,34,27,330.0
42101,2020,Volkswagen,Tiguan,Small Sport Utility Vehicle 2WD,Front-Wheel Drive,Automatic (S8),4.0,2.0,Regular Gasoline,22,29,25,356.0
42104,2020,Volkswagen,Tiguan 4motion,Small Sport Utility Vehicle 4WD,All-Wheel Drive,Automatic (S8),4.0,2.0,Regular Gasoline,20,27,23,388.0
41491,2020,Volvo,S60 AWD,Compact Cars,All-Wheel Drive,Automatic (S8),4.0,2.0,Premium Gasoline,21,32,25,352.0
41490,2020,Volvo,S60 FWD,Compact Cars,Front-Wheel Drive,Automatic (S8),4.0,2.0,Premium Gasoline,23,34,27,322.0
41493,2020,Volvo,S90 AWD,Midsize Cars,All-Wheel Drive,Automatic (S8),4.0,2.0,Premium Gasoline,21,31,25,357.0
41495,2020,Volvo,V60 CC AWD,Small Station Wagons,All-Wheel Drive,Automatic (S8),4.0,2.0,Premium Gasoline,22,31,25,354.0
41494,2020,Volvo,V60 FWD,Small Station Wagons,Front-Wheel Drive,Automatic (S8),4.0,2.0,Premium Gasoline,23,34,27,322.0
41497,2020,Volvo,V90 AWD,Midsize Station Wagons,All-Wheel Drive,Automatic (S8),4.0,2.0,Premium Gasoline,21,31,25,357.0
41498,2020,Volvo,V90 CC AWD,Midsize Station Wagons,All-Wheel Drive,Automatic (S8),4.0,2.0,Premium Gasoline,20,30,24,373.0
41496,2020,Volvo,V90 FWD,Midsize Station Wagons,Front-Wheel Drive,Automatic (S8),4.0,2.0,Premium Gasoline,22,33,26,339.0
41509,2020,Volvo,XC40 AWD,Small Sport Utility Vehicle 4WD,All-Wheel Drive,Automatic (S8),4.0,2.0,Premium Gasoline,22,30,25,352.0
41503,2020,Volvo,XC40 FWD,Small Sport Utility Vehicle 2WD,Front-Wheel Drive,Automatic (S8),4.0,2.0,Regular Gasoline,23,33,27,331.0
41508,2020,Volvo,XC60 AWD,Small Sport Utility Vehicle 4WD,All-Wheel Drive,Automatic (S8),4.0,2.0,Premium Gasoline,20,27,23,386.0
41522,2020,Volvo,XC60 AWD,Small Sport Utility Vehicle 4WD,All-Wheel Drive,Automatic (S8),4.0,2.0,Premium Gasoline,20,27,23,387.0
41502,2020,Volvo,XC60 FWD,Small Sport Utility Vehicle 2WD,Front-Wheel Drive,Automatic (S8),4.0,2.0,Premium Gasoline,22,29,24,362.0
41528,2020,Volvo,XC90 AWD,Standard Sport Utility Vehicle 4WD,All-Wheel Drive,Automatic (S8),4.0,2.0,Premium Gasoline,20,27,23,387.0
41897,2020,Volvo,XC90 AWD,Standard Sport Utility Vehicle 4WD,All-Wheel Drive,Automatic (S8),4.0,2.0,Premium Gasoline,18,26,21,429.0
41510,2020,Volvo,XC90 FWD,Standard Sport Utility Vehicle 2WD,Front-Wheel Drive,Automatic (S8),4.0,2.0,Premium Gasoline,21,30,25,361.0
43297,2021,Acura,ILX,Compact Cars,Front-Wheel Drive,Automatic (AM-S8),4.0,2.4,Premium Gasoline,24,34,28,316.0
42801,2021,Acura,RDX AWD,Small Sport Utility Vehicle 4WD,All-Wheel Drive,Automatic (S10),4.0,2.0,Premium Gasoline,21,27,23,385.0
42802,2021,Acura,RDX AWD A-SPEC,Small Sport Utility Vehicle 4WD,All-Wheel Drive,Automatic (S10),4.0,2.0,Premium Gasoline,21,26,23,387.0
42798,2021,Acura,RDX FWD,Small Sport Utility Vehicle 2WD,Front-Wheel Drive,Automatic (S10),4.0,2.0,Premium Gasoline,22,28,24,370.0
42799,2021,Acura,RDX FWD A-SPEC,Small Sport Utility Vehicle 2WD,Front-Wheel Drive,Automatic (S10),4.0,2.0,Premium Gasoline,22,27,24,375.0
43236,2021,Acura,TLX AWD,Compact Cars,All-Wheel Drive,Automatic (S10),4.0,2.0,Premium Gasoline,21,29,24,369.0
43235,2021,Acura,TLX AWD A-SPEC,Compact Cars,All-Wheel Drive,Automatic (S10),4.0,2.0,Premium Gasoline,21,29,24,371.0
43238,2021,Acura,TLX FWD,Compact Cars,Front-Wheel Drive,Automatic (S10),4.0,2.0,Premium Gasoline,22,31,25,352.0
43237,2021,Acura,TLX FWD A-SPEC,Compact Cars,Front-Wheel Drive,Automatic (S10),4.0,2.0,Premium Gasoline,22,30,25,357.0
43966,2021,Acura,TLX Type-S,Compact Cars,All-Wheel Drive,Automatic (S10),6.0,3.0,Premium Gasoline,19,25,21,420.0
43967,2021,Acura,TLX Type-S Perf Tire,Compact Cars,All-Wheel Drive,Automatic (S10),6.0,3.0,Premium Gasoline,19,24,21,421.0
43352,2021,Alfa Romeo,Giulia,Midsize Cars,Rear-Wheel Drive,Automatic 8-spd,4.0,2.0,Premium Gasoline,24,33,27,330.0
43611,2021,Alfa Romeo,Giulia,Midsize Cars,Rear-Wheel Drive,Automatic 8-spd,6.0,2.9,Premium Gasoline,17,25,20,436.0
43353,2021,Alfa Romeo,Giulia AWD,Midsize Cars,All-Wheel Drive,Automatic 8-spd,4.0,2.0,Premium Gasoline,23,31,26,348.0
43367,2021,Alfa Romeo,Stelvio,Small Sport Utility Vehicle 2WD,Rear-Wheel Drive,Automatic 8-spd,4.0,2.0,Premium Gasoline,22,29,25,359.0
43372,2021,Alfa Romeo,Stelvio AWD,Small Sport Utility Vehicle 4WD,All-Wheel Drive,Automatic 8-spd,4.0,2.0,Premium Gasoline,22,28,24,364.0
43622,2021,Alfa Romeo,Stelvio AWD,Small Sport Utility Vehicle 4WD,All-Wheel Drive,Automatic 8-spd,6.0,2.9,Premium Gasoline,17,23,19,463.0
42991,2021,Aston Martin,DB11 V12,Minicompact Cars,Rear-Wheel Drive,Automatic (S8),12.0,5.2,Premium Gasoline,15,22,18,497.0
42992,2021,Aston Martin,DB11 V8,Minicompact Cars,Rear-Wheel Drive,Automatic (S8),8.0,4.0,Premium Gasoline,18,24,20,431.0
42990,2021,Aston Martin,DBS,Minicompact Cars,Rear-Wheel Drive,Automatic (S8),12.0,5.2,Premium Gasoline,14,22,17,522.0
43287,2021,Aston Martin,DBX V8,Standard Sport Utility Vehicle 4WD,4-Wheel Drive,Automatic 9-spd,8.0,4.0,Premium Gasoline,14,18,15,572.0
43215,2021,Aston Martin,Vantage Manual,Two Seaters,Rear-Wheel Drive,Manual 7-spd,8.0,4.0,Premium Gasoline,14,21,17,541.0
42987,2021,Aston Martin,Vantage V8,Two Seaters,Rear-Wheel Drive,Automatic (S8),8.0,4.0,Premium Gasoline,18,24,20,435.0
43020,2021,Audi,Q3 S-line quattro,Small Sport Utility Vehicle 4WD,All-Wheel Drive,Automatic (S8),4.0,2.0,Regular Gasoline,20,28,23,384.0
43277,2021,Audi,Q3 quattro,Small Sport Utility Vehicle 4WD,All-Wheel Drive,Automatic (S8),4.0,2.0,Regular Gasoline,22,30,25,350.0
43024,2021,Audi,Q7,Standard Sport Utility Vehicle 4WD,All-Wheel Drive,Automatic (S8),4.0,2.0,Premium Gasoline,19,23,21,425.0
42757,2021,Audi,R8,Two Seaters,All-Wheel Drive,Automatic (AM-S7),10.0,5.2,Premium Gasoline,13,20,16,567.0
43323,2021,Audi,R8 2WD,Two Seaters,Rear-Wheel Drive,Automatic (AM-S7),10.0,5.2,Premium Gasoline,14,23,17,528.0
42758,2021,Audi,R8 Spyder,Two Seaters,All-Wheel Drive,Automatic (AM-S7),10.0,5.2,Premium Gasoline,13,20,16,567.0
43324,2021,Audi,R8 Spyder 2WD,Two Seaters,Rear-Wheel Drive,Automatic (AM-S7),10.0,5.2,Premium Gasoline,14,23,17,528.0
42772,2021,Audi,RS 5,Subcompact Cars,All-Wheel Drive,Automatic (S8),6.0,2.9,Premium Gasoline,18,25,20,432.0
42776,2021,Audi,RS 5 Sportback,Midsize Cars,All-Wheel Drive,Automatic (S8),6.0,2.9,Premium Gasoline,18,25,21,428.0
42997,2021,Audi,S4,Compact Cars,All-Wheel Drive,Automatic (S8),6.0,3.0,Premium Gasoline,20,28,23,380.0
42993,2021,Audi,S5,Subcompact Cars,All-Wheel Drive,Automatic (S8),6.0,3.0,Premium Gasoline,20,28,23,380.0
42994,2021,Audi,S5 Cabriolet,Subcompact Cars,All-Wheel Drive,Automatic (S8),6.0,3.0,Premium Gasoline,20,26,22,393.0
42999,2021,Audi,S5 Sportback,Midsize Cars,All-Wheel Drive,Automatic (S8),6.0,3.0,Premium Gasoline,20,28,23,380.0
42665,2021,Audi,SQ5,Small Sport Utility Vehicle 4WD,All-Wheel Drive,Automatic (S8),6.0,3.0,Premium Gasoline,18,24,20,441.0
43648,2021,Audi,SQ5 Sportback,Small Sport Utility Vehicle 4WD,All-Wheel Drive,Automatic (S8),6.0,3.0,Premium Gasoline,18,24,20,441.0
43028,2021,Audi,SQ7,Standard Sport Utility Vehicle 4WD,All-Wheel Drive,Automatic (S8),8.0,4.0,Premium Gasoline,15,21,17,522.0
43029,2021,Audi,SQ8,Standard Sport Utility Vehicle 4WD,All-Wheel Drive,Automatic (S8),8.0,4.0,Premium Gasoline,15,21,17,522.0
43326,2021,Audi,TT Coupe quattro,Subcompact Cars,All-Wheel Drive,Automatic (AM-S7),4.0,2.0,Regular Gasoline,23,31,26,344.0
43327,2021,Audi,TT RS,Subcompact Cars,All-Wheel Drive,Automatic (AM-S7),5.0,2.5,Premium Gasoline,20,30,24,373.0
43325,2021,Audi,TT Roadster quattro,Two Seaters,All-Wheel Drive,Automatic (AM-S7),4.0,2.0,Regular Gasoline,23,31,26,344.0
43487,2021,Audi,TTS Coupe,Subcompact Cars,All-Wheel Drive,Automatic (AM-S7),4.0,2.0,Premium Gasoline,23,29,25,354.0
43561,2021,BMW,228i Gran Coupe,Compact Cars,Front-Wheel Drive,Automatic (S8),4.0,2.0,Premium Gasoline,24,33,28,319.0
42818,2021,BMW,228i xDrive Gran Coupe,Compact Cars,All-Wheel Drive,Automatic (S8),4.0,2.0,Premium Gasoline,23,33,27,332.0
42918,2021,BMW,230i Convertible,Subcompact Cars,Rear-Wheel Drive,Automatic (S8),4.0,2.0,Premium Gasoline,23,33,27,333.0
42874,2021,BMW,230i Coupe,Subcompact Cars,Rear-Wheel Drive,Manual 6-spd,4.0,2.0,Premium Gasoline,21,32,25,356.0
42995,2021,BMW,230i Coupe,Subcompact Cars,Rear-Wheel Drive,Automatic (S8),4.0,2.0,Premium Gasoline,25,32,28,321.0
43609,2021,BMW,230i xDrive Convertible,Subcompact Cars,All-Wheel Drive,Automatic (S8),4.0,2.0,Premium Gasoline,21,30,24,366.0
42817,2021,BMW,230i xDrive Coupe,Subcompact Cars,All-Wheel Drive,Automatic (S8),4.0,2.0,Premium Gasoline,21,30,24,366.0
43038,2021,BMW,330i,Compact Cars,Rear-Wheel Drive,Automatic (S8),4.0,2.0,Premium Gasoline,26,36,30,298.0
43039,2021,BMW,330i xDrive,Compact Cars,All-Wheel Drive,Automatic (S8),4.0,2.0,Premium Gasoline,25,34,28,313.0
43814,2021,BMW,430i Convertible,Subcompact Cars,Rear-Wheel Drive,Automatic (S8),4.0,2.0,Premium Gasoline,24,33,27,326.0
43034,2021,BMW,430i Coupe,Subcompact Cars,Rear-Wheel Drive,Automatic (S8),4.0,2.0,Premium Gasoline,26,34,29,304.0
43035,2021,BMW,430i xDrive Coupe,Subcompact Cars,All-Wheel Drive,Automatic (S8),4.0,2.0,Premium Gasoline,24,33,27,325.0
42890,2021,BMW,530i,Midsize Cars,Rear-Wheel Drive,Automatic (S8),4.0,2.0,Premium Gasoline,25,33,28,313.0
42935,2021,BMW,540i xDrive,Midsize Cars,All-Wheel Drive,Automatic (S8),6.0,3.0,Premium Gasoline,23,31,26,337.0
42787,2021,BMW,740i,Large Cars,Rear-Wheel Drive,Automatic (S8),6.0,3.0,Premium Gasoline,22,29,25,360.0
42748,2021,BMW,740i xDrive,Large Cars,All-Wheel Drive,Automatic (S8),6.0,3.0,Premium Gasoline,20,27,23,387.0
42543,2021,BMW,750i xDrive,Large Cars,All-Wheel Drive,Automatic (S8),8.0,4.4,Premium Gasoline,17,24,19,456.0
42996,2021,BMW,840i Convertible,Subcompact Cars,Rear-Wheel Drive,Automatic (S8),6.0,3.0,Premium Gasoline,22,29,25,360.0
42920,2021,BMW,840i Coupe,Subcompact Cars,Rear-Wheel Drive,Automatic (S8),6.0,3.0,Premium Gasoline,23,30,25,347.0
43002,2021,BMW,840i Gran Coupe,Midsize Cars,Rear-Wheel Drive,Automatic (S8),6.0,3.0,Premium Gasoline,22,29,25,360.0
42922,2021,BMW,840i xDrive Convertible,Subcompact Cars,All-Wheel Drive,Automatic (S8),6.0,3.0,Premium Gasoline,20,27,23,387.0
42921,2021,BMW,840i xDrive Coupe,Subcompact Cars,All-Wheel Drive,Automatic (S8),6.0,3.0,Premium Gasoline,20,27,23,387.0
42938,2021,BMW,840i xDrive Gran Coupe,Midsize Cars,All-Wheel Drive,Automatic (S8),6.0,3.0,Premium Gasoline,20,27,23,387.0
42544,2021,BMW,Alpina B7,Large Cars,All-Wheel Drive,Automatic (S8),8.0,4.4,Premium Gasoline,17,24,19,456.0
42872,2021,BMW,Alpina XB7,Standard Sport Utility Vehicle 4WD,All-Wheel Drive,Automatic (S8),8.0,4.4,Premium Gasoline,15,21,17,514.0
42881,2021,BMW,M2 Competition Coupe,Subcompact Cars,Rear-Wheel Drive,Manual 6-spd,6.0,3.0,Premium Gasoline,18,24,20,440.0
42919,2021,BMW,M2 Competition Coupe,Subcompact Cars,Rear-Wheel Drive,Automatic (AM-S7),6.0,3.0,Premium Gasoline,16,23,19,472.0
42819,2021,BMW,M235i xDrive Gran Coupe,Compact Cars,All-Wheel Drive,Automatic (S8),4.0,2.0,Premium Gasoline,23,32,26,335.0
42878,2021,BMW,M240i Convertible,Subcompact Cars,Rear-Wheel Drive,Automatic (S8),6.0,3.0,Premium Gasoline,21,30,24,366.0
42879,2021,BMW,M240i Convertible,Subcompact Cars,Rear-Wheel Drive,Manual 6-spd,6.0,3.0,Premium Gasoline,19,27,21,410.0
42875,2021,BMW,M240i Coupe,Subcompact Cars,Rear-Wheel Drive,Automatic (S8),6.0,3.0,Premium Gasoline,21,30,24,366.0
42876,2021,BMW,M240i Coupe,Subcompact Cars,Rear-Wheel Drive,Manual 6-spd,6.0,3.0,Premium Gasoline,19,27,21,410.0
42880,2021,BMW,M240i xDrive Convertible,Subcompact Cars,All-Wheel Drive,Automatic (S8),6.0,3.0,Premium Gasoline,21,30,24,366.0
42877,2021,BMW,M240i xDrive Coupe,Subcompact Cars,All-Wheel Drive,Automatic (S8),6.0,3.0,Premium Gasoline,21,30,24,366.0
43562,2021,BMW,M3,Compact Cars,Rear-Wheel Drive,Manual 6-spd,6.0,3.0,Premium Gasoline,16,23,19,472.0
43563,2021,BMW,M3 Competition,Compact Cars,Rear-Wheel Drive,Automatic (S8),6.0,3.0,Premium Gasoline,16,23,19,470.0
43560,2021,BMW,M4 Competition Coupe,Subcompact Cars,Rear-Wheel Drive,Automatic (S8),6.0,3.0,Premium Gasoline,16,23,19,470.0
43559,2021,BMW,M4 Coupe,Subcompact Cars,Rear-Wheel Drive,Manual 6-spd,6.0,3.0,Premium Gasoline,16,23,19,472.0
42936,2021,BMW,M5,Midsize Cars,All-Wheel Drive,Automatic (S8),8.0,4.4,Premium Gasoline,15,21,17,520.0
42937,2021,BMW,M5 Competition,Midsize Cars,All-Wheel Drive,Automatic (S8),8.0,4.4,Premium Gasoline,15,21,17,520.0
42891,2021,BMW,M550i xDrive,Midsize Cars,All-Wheel Drive,Automatic (S8),8.0,4.4,Premium Gasoline,17,25,20,439.0
42574,2021,BMW,M760i xDrive,Large Cars,All-Wheel Drive,Automatic (S8),12.0,6.6,Premium Gasoline,13,20,16,570.0
42923,2021,BMW,M8 Competition Convertible,Subcompact Cars,All-Wheel Drive,Automatic (S8),8.0,4.4,Premium Gasoline,15,21,17,520.0
42940,2021,BMW,M8 Competition Gran Coupe,Midsize Cars,All-Wheel Drive,Automatic (S8),8.0,4.4,Premium Gasoline,15,21,17,520.0
43759,2021,BMW,M8 Convertible,Subcompact Cars,All-Wheel Drive,Automatic (S8),8.0,4.4,Premium Gasoline,15,21,17,520.0
42939,2021,BMW,M8 Gran Coupe,Midsize Cars,All-Wheel Drive,Automatic (S8),8.0,4.4,Premium Gasoline,15,21,17,520.0
43147,2021,BMW,M850i xDrive Convertible,Subcompact Cars,All-Wheel Drive,Automatic (S8),8.0,4.4,Premium Gasoline,17,24,19,453.0
43641,2021,BMW,M850i xDrive Coupe,Subcompact Cars,All-Wheel Drive,Automatic (S8),8.0,4.4,Premium Gasoline,17,25,20,439.0
43155,2021,BMW,M850i xDrive Gran Coupe,Midsize Cars,All-Wheel Drive,Automatic (S8),8.0,4.4,Premium Gasoline,17,24,19,453.0
42894,2021,BMW,X1 sDrive28i,Large Cars,Front-Wheel Drive,Automatic (S8),4.0,2.0,Premium Gasoline,24,33,27,327.0
42893,2021,BMW,X1 xDrive28i,Large Cars,All-Wheel Drive,Automatic (S8),4.0,2.0,Premium Gasoline,23,31,26,342.0
42933,2021,BMW,X2 M35i,Midsize Cars,All-Wheel Drive,Automatic (S8),4.0,2.0,Premium Gasoline,23,30,26,339.0
43045,2021,BMW,X2 sDrive28i,Midsize Cars,Front-Wheel Drive,Automatic (S8),4.0,2.0,Premium Gasoline,24,32,27,330.0
42932,2021,BMW,X2 xDrive28i,Midsize Cars,All-Wheel Drive,Automatic (S8),4.0,2.0,Premium Gasoline,24,31,27,331.0
42597,2021,BMW,X3 M,Small Sport Utility Vehicle 4WD,All-Wheel Drive,Automatic (S8),6.0,3.0,Premium Gasoline,14,19,16,546.0
42598,2021,BMW,X3 M Competition,Small Sport Utility Vehicle 4WD,All-Wheel Drive,Automatic (S8),6.0,3.0,Premium Gasoline,14,19,16,546.0
42900,2021,BMW,X3 M40i,Small Sport Utility Vehicle 4WD,All-Wheel Drive,Automatic (S8),6.0,3.0,Premium Gasoline,21,27,23,379.0
42849,2021,BMW,X3 sDrive30i,Small Sport Utility Vehicle 2WD,Rear-Wheel Drive,Automatic (S8),4.0,2.0,Premium Gasoline,25,29,27,332.0
42899,2021,BMW,X3 xDrive30i,Small Sport Utility Vehicle 4WD,All-Wheel Drive,Automatic (S8),4.0,2.0,Premium Gasoline,23,29,25,351.0
42599,2021,BMW,X4 M,Small Sport Utility Vehicle 4WD,All-Wheel Drive,Automatic (S8),6.0,3.0,Premium Gasoline,14,19,16,546.0
42600,2021,BMW,X4 M Competition,Small Sport Utility Vehicle 4WD,All-Wheel Drive,Automatic (S8),6.0,3.0,Premium Gasoline,14,19,16,546.0
42902,2021,BMW,X4 M40i,Small Sport Utility Vehicle 4WD,All-Wheel Drive,Automatic (S8),6.0,3.0,Premium Gasoline,21,27,23,379.0
42901,2021,BMW,X4 xDrive30i,Small Sport Utility Vehicle 4WD,All-Wheel Drive,Automatic (S8),4.0,2.0,Premium Gasoline,23,29,25,351.0
42864,2021,BMW,X5 M,Standard Sport Utility Vehicle 4WD,All-Wheel Drive,Automatic (S8),8.0,4.4,Premium Gasoline,13,18,15,586.0
42865,2021,BMW,X5 M Competition,Standard Sport Utility Vehicle 4WD,All-Wheel Drive,Automatic (S8),8.0,4.4,Premium Gasoline,13,18,15,586.0
42863,2021,BMW,X5 M50i,Standard Sport Utility Vehicle 4WD,All-Wheel Drive,Automatic (S8),8.0,4.4,Premium Gasoline,16,22,18,488.0
42868,2021,BMW,X6 M,Standard Sport Utility Vehicle 4WD,All-Wheel Drive,Automatic (S8),8.0,4.4,Premium Gasoline,13,18,15,586.0
42869,2021,BMW,X6 M Competition,Standard Sport Utility Vehicle 4WD,All-Wheel Drive,Automatic (S8),8.0,4.4,Premium Gasoline,13,18,15,586.0
42867,2021,BMW,X6 M50i,Standard Sport Utility Vehicle 4WD,All-Wheel Drive,Automatic (S8),8.0,4.4,Premium Gasoline,16,22,18,488.0
42871,2021,BMW,X7 M50i,Standard Sport Utility Vehicle 4WD,All-Wheel Drive,Automatic (S8),8.0,4.4,Premium Gasoline,15,21,17,514.0
42917,2021,BMW,Z4 M40i,Two Seaters,Rear-Wheel Drive,Automatic (S8),6.0,3.0,Premium Gasoline,22,30,25,355.0
42988,2021,BMW,Z4 sDrive30i,Two Seaters,Rear-Wheel Drive,Automatic (S8),4.0,2.0,Premium Gasoline,25,32,28,321.0
42975,2021,Bentley,Bentayga,Standard Sport Utility Vehicle 4WD,All-Wheel Drive,Automatic (S8),8.0,4.0,Premium Gasoline,15,24,18,497.0
43659,2021,Bentley,Bentayga,Standard Sport Utility Vehicle 4WD,All-Wheel Drive,Automatic (S8),12.0,6.0,Premium Gasoline,12,18,14,616.0
43173,2021,Bentley,Continental GT,Subcompact Cars,All-Wheel Drive,Automatic (AM-S8),12.0,6.0,Premium Gasoline,12,20,15,586.0
43414,2021,Bentley,Continental GT,Subcompact Cars,All-Wheel Drive,Automatic (AM-S8),8.0,4.0,Premium Gasoline,16,26,19,468.0
42769,2021,Bentley,Continental GT Convertible,Minicompact Cars,All-Wheel Drive,Automatic (AM-S8),8.0,4.0,Premium Gasoline,16,26,19,468.0
43172,2021,Bentley,Continental GT Convertible,Minicompact Cars,All-Wheel Drive,Automatic (AM-S8),12.0,6.0,Premium Gasoline,12,19,15,601.0
43176,2021,Bentley,Flying Spur,Midsize Cars,All-Wheel Drive,Automatic (AM-S8),12.0,6.0,Premium Gasoline,12,19,15,601.0
43642,2021,Bentley,Flying Spur,Midsize Cars,All-Wheel Drive,Automatic (AM-S8),8.0,4.0,Premium Gasoline,15,20,17,520.0
43483,2021,Bugatti,Chiron,Two Seaters,All-Wheel Drive,Automatic (AM-S7),16.0,8.0,Premium Gasoline,9,14,11,840.0
43484,2021,Bugatti,Chiron Pur Sport,Two Seaters,All-Wheel Drive,Automatic (AM-S7),16.0,8.0,Premium Gasoline,8,13,10,893.0
43205,2021,Buick,Enclave AWD,Standard Sport Utility Vehicle 4WD,All-Wheel Drive,Automatic 9-spd,6.0,3.6,Regular Gasoline,17,25,20,440.0
43202,2021,Buick,Enclave FWD,Standard Sport Utility Vehicle 2WD,Front-Wheel Drive,Automatic 9-spd,6.0,3.6,Regular Gasoline,18,26,21,420.0
42639,2021,Buick,Encore AWD,Small Sport Utility Vehicle 4WD,All-Wheel Drive,Automatic (S6),4.0,1.4,Regular Gasoline,24,29,26,344.0
43576,2021,Buick,Encore AWD,Small Sport Utility Vehicle 4WD,All-Wheel Drive,Automatic (S6),4.0,1.4,Regular Gasoline,23,30,26,338.0
42637,2021,Buick,Encore FWD,Small Sport Utility Vehicle 2WD,Front-Wheel Drive,Automatic (S6),4.0,1.4,Regular Gasoline,25,30,27,329.0
43574,2021,Buick,Encore FWD,Small Sport Utility Vehicle 2WD,Front-Wheel Drive,Automatic (S6),4.0,1.4,Regular Gasoline,24,32,27,325.0
42686,2021,Buick,Encore GX AWD,Small Sport Utility Vehicle 4WD,All-Wheel Drive,Automatic 9-spd,3.0,1.3,Regular Gasoline,26,29,28,330.0
42521,2021,Buick,Encore GX FWD,Small Sport Utility Vehicle 2WD,Front-Wheel Drive,Automatic (variable gear ratios),3.0,1.2,Regular Gasoline,28,31,29,302.0
42683,2021,Buick,Encore GX FWD,Small Sport Utility Vehicle 2WD,Front-Wheel Drive,Automatic (variable gear ratios),3.0,1.3,Regular Gasoline,30,32,31,288.0
43201,2021,Buick,Envision AWD,Small Sport Utility Vehicle 4WD,All-Wheel Drive,Automatic (S9),4.0,2.0,Regular Gasoline,22,29,25,352.0
43368,2021,Buick,Envision FWD,Small Sport Utility Vehicle 2WD,Front-Wheel Drive,Automatic (S9),4.0,2.0,Regular Gasoline,24,31,26,341.0
43149,2021,Cadillac,CT4,Compact Cars,Rear-Wheel Drive,Automatic (S10),4.0,2.7,Premium Gasoline,21,31,25,356.0
43240,2021,Cadillac,CT4,Compact Cars,Rear-Wheel Drive,Automatic (S8),4.0,2.0,Premium Gasoline,23,34,27,327.0
43151,2021,Cadillac,CT4 AWD,Compact Cars,All-Wheel Drive,Automatic (S10),4.0,2.7,Premium Gasoline,21,29,24,374.0
43241,2021,Cadillac,CT4 AWD,Compact Cars,All-Wheel Drive,Automatic (S8),4.0,2.0,Premium Gasoline,23,32,26,343.0
43150,2021,Cadillac,CT4 V,Compact Cars,Rear-Wheel Drive,Automatic (S10),4.0,2.7,Premium Gasoline,20,29,23,384.0
43152,2021,Cadillac,CT4 V AWD,Compact Cars,All-Wheel Drive,Automatic (S10),4.0,2.7,Premium Gasoline,20,28,23,385.0
43253,2021,Cadillac,CT5,Midsize Cars,Rear-Wheel Drive,Automatic (S10),6.0,3.0,Premium Gasoline,19,28,22,404.0
43257,2021,Cadillac,CT5,Midsize Cars,Rear-Wheel Drive,Automatic (S10),4.0,2.0,Premium Gasoline,23,32,26,337.0
43255,2021,Cadillac,CT5 AWD,Midsize Cars,All-Wheel Drive,Automatic (S10),6.0,3.0,Premium Gasoline,18,26,21,419.0
43258,2021,Cadillac,CT5 AWD,Midsize Cars,All-Wheel Drive,Automatic (S10),4.0,2.0,Premium Gasoline,21,31,25,389.0
43254,2021,Cadillac,CT5 V,Midsize Cars,Rear-Wheel Drive,Automatic (S10),6.0,3.0,Premium Gasoline,18,27,21,423.0
43256,2021,Cadillac,CT5 V AWD,Midsize Cars,All-Wheel Drive,Automatic (S10),6.0,3.0,Premium Gasoline,18,26,21,419.0
42616,2021,Cadillac,Escalade 2WD,Standard Sport Utility Vehicle 2WD,Rear-Wheel Drive,Automatic 10-spd,8.0,6.2,Premium Gasoline,15,20,17,530.0
44033,2021,Cadillac,Escalade 2WD,Standard Sport Utility Vehicle 2WD,Rear-Wheel Drive,Automatic 10-spd,8.0,6.2,Premium Gasoline,14,20,16,552.0
42625,2021,Cadillac,Escalade 4WD,Standard Sport Utility Vehicle 4WD,4-Wheel Drive,Automatic 10-spd,8.0,6.2,Premium Gasoline,14,19,16,558.0
44042,2021,Cadillac,Escalade 4WD,Standard Sport Utility Vehicle 4WD,4-Wheel Drive,Automatic 10-spd,8.0,6.2,Premium Gasoline,13,19,16,570.0
42963,2021,Cadillac,XT4 AWD,Small Sport Utility Vehicle 4WD,All-Wheel Drive,Automatic (S9),4.0,2.0,Premium Gasoline,22,29,24,369.0
42895,2021,Cadillac,XT4 FWD,Small Sport Utility Vehicle 2WD,Front-Wheel Drive,Automatic (S9),4.0,2.0,Premium Gasoline,24,30,26,336.0
42903,2021,Cadillac,XT5 AWD,Small Sport Utility Vehicle 4WD,All-Wheel Drive,Automatic (S9),4.0,2.0,Premium Gasoline,21,27,23,386.0
42961,2021,Cadillac,XT5 AWD,Small Sport Utility Vehicle 4WD,All-Wheel Drive,Automatic (S9),6.0,3.6,Regular Gasoline,18,26,21,424.0
42954,2021,Cadillac,XT5 FWD,Small Sport Utility Vehicle 2WD,Front-Wheel Drive,Automatic (S9),6.0,3.6,Regular Gasoline,19,26,21,418.0
42956,2021,Cadillac,XT5 FWD,Small Sport Utility Vehicle 2WD,Front-Wheel Drive,Automatic (S9),4.0,2.0,Premium Gasoline,22,29,24,370.0
43271,2021,Cadillac,XT5 Hearse AWD,Special Purpose Vehicle 4WD,All-Wheel Drive,Automatic (S9),4.0,2.0,Premium Gasoline,20,23,21,425.0
43263,2021,Cadillac,XT5 Hearse FWD,Special Purpose Vehicle 2WD,Front-Wheel Drive,Automatic (S9),4.0,2.0,Premium Gasoline,20,23,21,425.0
43637,2021,Cadillac,XT5 Limo AWD,Special Purpose Vehicle 4WD,All-Wheel Drive,Automatic (S9),4.0,2.0,Premium Gasoline,20,23,21,425.0
43636,2021,Cadillac,XT5 Limo FWD,Special Purpose Vehicle 2WD,Front-Wheel Drive,Automatic (S9),4.0,2.0,Premium Gasoline,20,23,21,425.0
42904,2021,Cadillac,XT6 AWD,Small Sport Utility Vehicle 4WD,All-Wheel Drive,Automatic (S9),4.0,2.0,Premium Gasoline,21,26,23,386.0
42962,2021,Cadillac,XT6 AWD,Small Sport Utility Vehicle 4WD,All-Wheel Drive,Automatic (S9),6.0,3.6,Regular Gasoline,18,25,21,433.0
42896,2021,Cadillac,XT6 FWD,Small Sport Utility Vehicle 2WD,Front-Wheel Drive,Automatic (S9),4.0,2.0,Premium Gasoline,21,27,23,386.0
42955,2021,Cadillac,XT6 FWD,Small Sport Utility Vehicle 2WD,Front-Wheel Drive,Automatic (S9),6.0,3.6,Regular Gasoline,19,26,21,418.0
42905,2021,Chevrolet,Blazer AWD,Small Sport Utility Vehicle 4WD,All-Wheel Drive,Automatic 9-spd,4.0,2.0,Regular Gasoline,22,27,24,362.0
42964,2021,Chevrolet,Blazer AWD,Small Sport Utility Vehicle 4WD,All-Wheel Drive,Automatic 9-spd,6.0,3.6,Regular Gasoline,19,26,21,413.0
42897,2021,Chevrolet,Blazer FWD,Small Sport Utility Vehicle 2WD,Front-Wheel Drive,Automatic (S9),4.0,2.5,Regular Gasoline,21,27,23,382.0
42898,2021,Chevrolet,Blazer FWD,Small Sport Utility Vehicle 2WD,Front-Wheel Drive,Automatic 9-spd,4.0,2.0,Regular Gasoline,22,29,25,349.0
42957,2021,Chevrolet,Blazer FWD,Small Sport Utility Vehicle 2WD,Front-Wheel Drive,Automatic 9-spd,6.0,3.6,Regular Gasoline,20,27,22,404.0
42882,2021,Chevrolet,Camaro,Subcompact Cars,Rear-Wheel Drive,Automatic (S10),6.0,3.6,Regular Gasoline,18,29,22,404.0
42883,2021,Chevrolet,Camaro,Subcompact Cars,Rear-Wheel Drive,Manual 6-spd,6.0,3.6,Regular Gasoline,16,26,20,453.0
42884,2021,Chevrolet,Camaro,Subcompact Cars,Rear-Wheel Drive,Manual 6-spd,8.0,6.2,Premium Gasoline,14,20,16,564.0
42885,2021,Chevrolet,Camaro,Subcompact Cars,Rear-Wheel Drive,Automatic (S10),8.0,6.2,Premium Gasoline,13,21,16,571.0
42886,2021,Chevrolet,Camaro,Subcompact Cars,Rear-Wheel Drive,Automatic (S10),8.0,6.2,Premium Gasoline,16,26,20,452.0
42887,2021,Chevrolet,Camaro,Subcompact Cars,Rear-Wheel Drive,Manual 6-spd,8.0,6.2,Premium Gasoline,16,24,19,477.0
42888,2021,Chevrolet,Camaro,Subcompact Cars,Rear-Wheel Drive,Manual 6-spd,4.0,2.0,Premium Gasoline,19,29,22,397.0
42889,2021,Chevrolet,Camaro,Subcompact Cars,Rear-Wheel Drive,Automatic (S8),4.0,2.0,Premium Gasoline,22,30,25,358.0
42545,2021,Chevrolet,Colorado 2WD,Small Pickup Trucks 2WD,Rear-Wheel Drive,Automatic 6-spd,4.0,2.5,Regular Gasoline,19,25,22,413.0
42546,2021,Chevrolet,Colorado 2WD,Small Pickup Trucks 2WD,Rear-Wheel Drive,Automatic 8-spd,6.0,3.6,Regular Gasoline,18,25,21,424.0
42549,2021,Chevrolet,Colorado 4WD,Small Pickup Trucks 4WD,4-Wheel Drive,Automatic 6-spd,4.0,2.5,Regular Gasoline,19,24,21,431.0
42550,2021,Chevrolet,Colorado 4WD,Small Pickup Trucks 4WD,4-Wheel Drive,Automatic 8-spd,6.0,3.6,Regular Gasoline,17,24,19,465.0
42551,2021,Chevrolet,Colorado ZR2 4WD,Small Pickup Trucks 4WD,4-Wheel Drive,Automatic 8-spd,6.0,3.6,Regular Gasoline,16,18,17,510.0
43425,2021,Chevrolet,Corvette,Two Seaters,Rear-Wheel Drive,Automatic (S8),8.0,6.2,Premium Gasoline,15,27,19,467.0
43397,2021,Chevrolet,Equinox AWD,Small Sport Utility Vehicle 4WD,All-Wheel Drive,Automatic 6-spd,4.0,1.5,Regular Gasoline,25,30,27,330.0
43200,2021,Chevrolet,Equinox FWD,Small Sport Utility Vehicle 2WD,Front-Wheel Drive,Automatic 6-spd,4.0,1.5,Regular Gasoline,26,31,28,318.0
42822,2021,Chevrolet,Malibu,Midsize Cars,Front-Wheel Drive,Automatic (variable gear ratios),4.0,1.5,Regular Gasoline,29,36,32,273.0
42941,2021,Chevrolet,Malibu,Midsize Cars,Front-Wheel Drive,Automatic 9-spd,4.0,2.0,Regular Gasoline,22,33,26,342.0
43088,2021,Chevrolet,Silverado 2WD,Standard Pickup Trucks 2WD,Rear-Wheel Drive,Automatic 6-spd,8.0,5.3,Regular Gasoline,15,21,17,523.0
43090,2021,Chevrolet,Silverado 2WD,Standard Pickup Trucks 2WD,Rear-Wheel Drive,Automatic 8-spd,8.0,5.3,Regular Gasoline,17,23,19,460.0
43185,2021,Chevrolet,Silverado 2WD,Standard Pickup Trucks 2WD,Rear-Wheel Drive,Automatic 6-spd,6.0,4.3,Regular Gasoline,16,21,17,523.0
43186,2021,Chevrolet,Silverado 2WD,Standard Pickup Trucks 2WD,Rear-Wheel Drive,Automatic 8-spd,4.0,2.7,Regular Gasoline,20,23,21,423.0
43187,2021,Chevrolet,Silverado 2WD,Standard Pickup Trucks 2WD,Rear-Wheel Drive,Automatic 8-spd,4.0,2.7,Regular Gasoline,20,23,21,421.0
43816,2021,Chevrolet,Silverado 2WD,Standard Pickup Trucks 2WD,Rear-Wheel Drive,Automatic 6-spd,8.0,5.3,Regular Gasoline,14,21,16,541.0
43868,2021,Chevrolet,Silverado 2WD,Standard Pickup Trucks 2WD,Rear-Wheel Drive,Automatic 8-spd,8.0,5.3,Regular Gasoline,15,22,17,513.0
43096,2021,Chevrolet,Silverado 4WD,Standard Pickup Trucks 4WD,4-Wheel Drive,Automatic 10-spd,8.0,6.2,Premium Gasoline,16,21,18,493.0
43099,2021,Chevrolet,Silverado 4WD,Standard Pickup Trucks 4WD,4-Wheel Drive,Automatic 8-spd,8.0,5.3,Regular Gasoline,16,22,18,482.0
43101,2021,Chevrolet,Silverado 4WD,Standard Pickup Trucks 4WD,4-Wheel Drive,Automatic 10-spd,8.0,5.3,Regular Gasoline,16,22,19,481.0
43104,2021,Chevrolet,Silverado 4WD,Standard Pickup Trucks 4WD,4-Wheel Drive,Automatic 6-spd,6.0,4.3,Regular Gasoline,15,20,17,530.0
43192,2021,Chevrolet,Silverado 4WD,Standard Pickup Trucks 4WD,4-Wheel Drive,Automatic 8-spd,4.0,2.7,Regular Gasoline,19,22,20,442.0
43194,2021,Chevrolet,Silverado 4WD,Standard Pickup Trucks 4WD,4-Wheel Drive,Automatic 8-spd,4.0,2.7,Regular Gasoline,19,22,20,443.0
43366,2021,Chevrolet,Silverado 4WD,Standard Pickup Trucks 4WD,4-Wheel Drive,Automatic 6-spd,8.0,5.3,Regular Gasoline,15,20,17,533.0
43870,2021,Chevrolet,Silverado 4WD,Standard Pickup Trucks 4WD,4-Wheel Drive,Automatic 8-spd,8.0,5.3,Regular Gasoline,14,21,16,545.0
43872,2021,Chevrolet,Silverado 4WD,Standard Pickup Trucks 4WD,4-Wheel Drive,Automatic 6-spd,8.0,5.3,Regular Gasoline,14,20,16,560.0
44025,2021,Chevrolet,Silverado 4WD,Standard Pickup Trucks 4WD,4-Wheel Drive,Automatic 10-spd,8.0,6.2,Premium Gasoline,15,20,17,522.0
44027,2021,Chevrolet,Silverado 4WD,Standard Pickup Trucks 4WD,4-Wheel Drive,Automatic 10-spd,8.0,5.3,Regular Gasoline,15,21,18,506.0
43097,2021,Chevrolet,Silverado 4WD TrailBoss,Standard Pickup Trucks 4WD,4-Wheel Drive,Automatic 6-spd,8.0,5.3,Regular Gasoline,14,18,16,560.0
43102,2021,Chevrolet,Silverado 4WD TrailBoss,Standard Pickup Trucks 4WD,4-Wheel Drive,Automatic 10-spd,8.0,5.3,Regular Gasoline,16,21,18,494.0
43103,2021,Chevrolet,Silverado 4WD TrailBoss,Standard Pickup Trucks 4WD,4-Wheel Drive,Automatic 6-spd,6.0,4.3,Regular Gasoline,14,18,16,560.0
43191,2021,Chevrolet,Silverado 4WD TrailBoss,Standard Pickup Trucks 4WD,4-Wheel Drive,Automatic 10-spd,8.0,6.2,Premium Gasoline,15,19,17,522.0
43193,2021,Chevrolet,Silverado 4WD TrailBoss,Standard Pickup Trucks 4WD,4-Wheel Drive,Automatic 10-spd,8.0,6.2,Premium Gasoline,15,19,17,533.0
43871,2021,Chevrolet,Silverado 4WD TrailBoss,Standard Pickup Trucks 4WD,4-Wheel Drive,Automatic 6-spd,8.0,5.3,Regular Gasoline,13,18,15,593.0
44026,2021,Chevrolet,Silverado 4WD TrailBoss,Standard Pickup Trucks 4WD,4-Wheel Drive,Automatic 10-spd,8.0,6.2,Premium Gasoline,14,19,16,555.0
44028,2021,Chevrolet,Silverado 4WD TrailBoss,Standard Pickup Trucks 4WD,4-Wheel Drive,Automatic 10-spd,8.0,5.3,Regular Gasoline,15,21,17,523.0
43117,2021,Chevrolet,Silverado Cab Chassis 2WD,Special Purpose Vehicle 2WD,Rear-Wheel Drive,Automatic 6-spd,6.0,4.3,Regular Gasoline,15,19,17,523.0
43197,2021,Chevrolet,Silverado Cab Chassis 2WD,Special Purpose Vehicle 2WD,Rear-Wheel Drive,Automatic 6-spd,8.0,5.3,Regular Gasoline,14,18,15,590.0
43876,2021,Chevrolet,Silverado Cab Chassis 2WD,Special Purpose Vehicle 2WD,Rear-Wheel Drive,Automatic 6-spd,8.0,5.3,Regular Gasoline,13,18,14,634.0
43116,2021,Chevrolet,Silverado Cab Chassis 4WD,Special Purpose Vehicle 4WD,4-Wheel Drive,Automatic 6-spd,8.0,5.3,Regular Gasoline,14,17,15,593.0
43118,2021,Chevrolet,Silverado Cab Chassis 4WD,Special Purpose Vehicle 4WD,4-Wheel Drive,Automatic 6-spd,6.0,4.3,Regular Gasoline,14,16,15,592.0
43875,2021,Chevrolet,Silverado Cab Chassis 4WD,Special Purpose Vehicle 4WD,4-Wheel Drive,Automatic 6-spd,8.0,5.3,Regular Gasoline,13,17,14,635.0
42656,2021,Chevrolet,Spark,Subcompact Cars,Front-Wheel Drive,Manual 5-spd,4.0,1.4,Regular Gasoline,29,38,33,273.0
42659,2021,Chevrolet,Spark,Subcompact Cars,Front-Wheel Drive,Automatic (variable gear ratios),4.0,1.4,Regular Gasoline,30,38,33,266.0
42657,2021,Chevrolet,Spark ACTIV,Subcompact Cars,Front-Wheel Drive,Manual 5-spd,4.0,1.4,Regular Gasoline,29,37,32,278.0
42658,2021,Chevrolet,Spark ACTIV,Subcompact Cars,Front-Wheel Drive,Automatic (variable gear ratios),4.0,1.4,Regular Gasoline,30,37,33,266.0
42618,2021,Chevrolet,Suburban 2WD,Standard Sport Utility Vehicle 2WD,Rear-Wheel Drive,Automatic 10-spd,8.0,6.2,Premium Gasoline,15,20,17,525.0
42620,2021,Chevrolet,Suburban 2WD,Standard Sport Utility Vehicle 2WD,Rear-Wheel Drive,Automatic 10-spd,8.0,5.3,Regular Gasoline,16,20,18,492.0
44035,2021,Chevrolet,Suburban 2WD,Standard Sport Utility Vehicle 2WD,Rear-Wheel Drive,Automatic 10-spd,8.0,6.2,Premium Gasoline,14,20,16,544.0
44037,2021,Chevrolet,Suburban 2WD,Standard Sport Utility Vehicle 2WD,Rear-Wheel Drive,Automatic 10-spd,8.0,5.3,Regular Gasoline,15,20,17,523.0
42627,2021,Chevrolet,Suburban 4WD,Standard Sport Utility Vehicle 4WD,4-Wheel Drive,Automatic 10-spd,8.0,6.2,Premium Gasoline,14,19,16,558.0
42629,2021,Chevrolet,Suburban 4WD,Standard Sport Utility Vehicle 4WD,4-Wheel Drive,Automatic 10-spd,8.0,5.3,Regular Gasoline,15,19,17,515.0
44044,2021,Chevrolet,Suburban 4WD,Standard Sport Utility Vehicle 4WD,4-Wheel Drive,Automatic 10-spd,8.0,6.2,Premium Gasoline,13,19,16,570.0
44046,2021,Chevrolet,Suburban 4WD,Standard Sport Utility Vehicle 4WD,4-Wheel Drive,Automatic 10-spd,8.0,5.3,Regular Gasoline,15,19,16,555.0
42617,2021,Chevrolet,Tahoe 2WD,Standard Sport Utility Vehicle 2WD,Rear-Wheel Drive,Automatic 10-spd,8.0,6.2,Premium Gasoline,15,20,17,525.0
42619,2021,Chevrolet,Tahoe 2WD,Standard Sport Utility Vehicle 2WD,Rear-Wheel Drive,Automatic 10-spd,8.0,5.3,Regular Gasoline,16,20,18,492.0
44034,2021,Chevrolet,Tahoe 2WD,Standard Sport Utility Vehicle 2WD,Rear-Wheel Drive,Automatic 10-spd,8.0,6.2,Premium Gasoline,14,20,16,544.0
44036,2021,Chevrolet,Tahoe 2WD,Standard Sport Utility Vehicle 2WD,Rear-Wheel Drive,Automatic 10-spd,8.0,5.3,Regular Gasoline,15,20,17,523.0
42626,2021,Chevrolet,Tahoe 4WD,Standard Sport Utility Vehicle 4WD,4-Wheel Drive,Automatic 10-spd,8.0,6.2,Premium Gasoline,14,19,16,558.0
42628,2021,Chevrolet,Tahoe 4WD,Standard Sport Utility Vehicle 4WD,4-Wheel Drive,Automatic 10-spd,8.0,5.3,Regular Gasoline,16,20,18,496.0
44043,2021,Chevrolet,Tahoe 4WD,Standard Sport Utility Vehicle 4WD,4-Wheel Drive,Automatic 10-spd,8.0,6.2,Premium Gasoline,13,19,16,570.0
44045,2021,Chevrolet,Tahoe 4WD,Standard Sport Utility Vehicle 4WD,4-Wheel Drive,Automatic 10-spd,8.0,5.3,Regular Gasoline,15,20,17,523.0
42509,2021,Chevrolet,Trailblazer AWD,Small Sport Utility Vehicle 4WD,All-Wheel Drive,Automatic 9-spd,3.0,1.3,Regular Gasoline,26,30,28,314.0
42522,2021,Chevrolet,Trailblazer FWD,Small Sport Utility Vehicle 2WD,Front-Wheel Drive,Automatic (variable gear ratios),3.0,1.3,Regular Gasoline,29,33,31,288.0
42523,2021,Chevrolet,Trailblazer FWD,Small Sport Utility Vehicle 2WD,Front-Wheel Drive,Automatic (variable gear ratios),3.0,1.2,Regular Gasoline,28,31,29,302.0
43206,2021,Chevrolet,Traverse AWD,Standard Sport Utility Vehicle 4WD,All-Wheel Drive,Automatic 9-spd,6.0,3.6,Regular Gasoline,17,25,20,439.0
43203,2021,Chevrolet,Traverse FWD,Standard Sport Utility Vehicle 2WD,Front-Wheel Drive,Automatic 9-spd,6.0,3.6,Regular Gasoline,18,27,21,420.0
42640,2021,Chevrolet,Trax AWD,Small Sport Utility Vehicle 4WD,All-Wheel Drive,Automatic (S6),4.0,1.4,Regular Gasoline,24,29,26,344.0
43577,2021,Chevrolet,Trax AWD,Small Sport Utility Vehicle 4WD,All-Wheel Drive,Automatic (S6),4.0,1.4,Regular Gasoline,23,30,26,338.0
42638,2021,Chevrolet,Trax FWD,Small Sport Utility Vehicle 2WD,Front-Wheel Drive,Automatic (S6),4.0,1.4,Regular Gasoline,26,31,28,316.0
43575,2021,Chevrolet,Trax FWD,Small Sport Utility Vehicle 2WD,Front-Wheel Drive,Automatic (S6),4.0,1.4,Regular Gasoline,24,32,27,325.0
43448,2021,Chrysler,300,Large Cars,Rear-Wheel Drive,Automatic 8-spd,6.0,3.6,Regular Gasoline,19,30,23,389.0
43449,2021,Chrysler,300,Large Cars,Rear-Wheel Drive,Automatic 8-spd,8.0,5.7,Midgrade Gasoline,16,25,19,466.0
43450,2021,Chrysler,300 AWD,Large Cars,All-Wheel Drive,Automatic 8-spd,6.0,3.6,Regular Gasoline,18,27,21,415.0
43417,2021,Chrysler,Pacifica,Minivan - 2WD,Front-Wheel Drive,Automatic 9-spd,6.0,3.6,Regular Gasoline,19,28,22,401.0
43419,2021,Chrysler,Pacifica AWD,Minivan - 4WD,All-Wheel Drive,Automatic 9-spd,6.0,3.6,Regular Gasoline,17,25,20,450.0
43418,2021,Chrysler,Voyager,Minivan - 2WD,Front-Wheel Drive,Automatic 9-spd,6.0,3.6,Regular Gasoline,19,28,22,401.0
43434,2021,Dodge,Challenger,Midsize Cars,Rear-Wheel Drive,Automatic 8-spd,6.0,3.6,Regular Gasoline,19,30,23,389.0
43435,2021,Dodge,Challenger,Midsize Cars,Rear-Wheel Drive,Automatic 8-spd,8.0,5.7,Midgrade Gasoline,16,25,19,466.0
43436,2021,Dodge,Challenger,Midsize Cars,Rear-Wheel Drive,Manual 6-spd,8.0,5.7,Premium Gasoline,15,23,18,494.0
43437,2021,Dodge,Challenger,Midsize Cars,Rear-Wheel Drive,Automatic 8-spd,8.0,6.4,Premium Gasoline,15,24,18,496.0
43438,2021,Dodge,Challenger,Midsize Cars,Rear-Wheel Drive,Manual 6-spd,8.0,6.4,Premium Gasoline,14,23,17,523.0
43443,2021,Dodge,Challenger AWD,Midsize Cars,All-Wheel Drive,Automatic 8-spd,6.0,3.6,Regular Gasoline,18,27,21,415.0
43439,2021,Dodge,Challenger SRT,Midsize Cars,Rear-Wheel Drive,Automatic 8-spd,8.0,6.2,Premium Gasoline,13,22,16,546.0
43440,2021,Dodge,Challenger SRT,Midsize Cars,Rear-Wheel Drive,Manual 6-spd,8.0,6.2,Premium Gasoline,13,21,16,567.0
43444,2021,Dodge,Challenger SRT Widebody,Midsize Cars,Rear-Wheel Drive,Automatic 8-spd,8.0,6.2,Premium Gasoline,13,21,15,575.0
43445,2021,Dodge,Challenger SRT Widebody,Midsize Cars,Rear-Wheel Drive,Manual 6-spd,8.0,6.2,Premium Gasoline,13,21,16,567.0
43441,2021,Dodge,Challenger Widebody,Midsize Cars,Rear-Wheel Drive,Automatic 8-spd,8.0,6.4,Premium Gasoline,15,24,18,496.0
43442,2021,Dodge,Challenger Widebody,Midsize Cars,Rear-Wheel Drive,Manual 6-spd,8.0,6.4,Premium Gasoline,14,23,17,523.0
43396,2021,Dodge,Charger,Large Cars,Rear-Wheel Drive,Automatic 8-spd,8.0,5.7,Midgrade Gasoline,16,25,19,466.0
43451,2021,Dodge,Charger,Large Cars,Rear-Wheel Drive,Automatic 8-spd,6.0,3.6,Regular Gasoline,19,30,23,389.0
43452,2021,Dodge,Charger,Large Cars,Rear-Wheel Drive,Automatic 8-spd,8.0,6.4,Premium Gasoline,15,24,18,496.0
43453,2021,Dodge,Charger AWD,Large Cars,All-Wheel Drive,Automatic 8-spd,6.0,3.6,Regular Gasoline,18,27,21,415.0
43454,2021,Dodge,Charger SRT Widebody,Large Cars,Rear-Wheel Drive,Automatic 8-spd,8.0,6.2,Premium Gasoline,12,21,15,592.0
43455,2021,Dodge,Charger Widebody,Large Cars,Rear-Wheel Drive,Automatic 8-spd,8.0,6.4,Premium Gasoline,15,24,18,496.0
43166,2021,Dodge,Durango AWD,Standard Sport Utility Vehicle 4WD,All-Wheel Drive,Automatic 8-spd,6.0,3.6,Regular Gasoline,18,25,21,427.0
43320,2021,Dodge,Durango AWD,Standard Sport Utility Vehicle 4WD,All-Wheel Drive,Automatic 8-spd,8.0,5.7,Midgrade Gasoline,14,22,17,533.0
43164,2021,Dodge,Durango RWD,Standard Sport Utility Vehicle 2WD,Rear-Wheel Drive,Automatic 8-spd,6.0,3.6,Regular Gasoline,19,26,21,414.0
43319,2021,Dodge,Durango RWD,Standard Sport Utility Vehicle 2WD,Rear-Wheel Drive,Automatic 8-spd,8.0,5.7,Midgrade Gasoline,14,22,17,525.0
43399,2021,Dodge,Durango SRT AWD,Standard Sport Utility Vehicle 4WD,All-Wheel Drive,Automatic 8-spd,8.0,6.4,Premium Gasoline,13,19,15,584.0
43660,2021,Dodge,Durango SRT AWD,Standard Sport Utility Vehicle 4WD,All-Wheel Drive,Automatic 8-spd,8.0,6.2,Premium Gasoline,12,17,13,659.0
42764,2021,Ferrari,812 GTS,Two Seaters,Rear-Wheel Drive,Automatic (AM7),12.0,6.5,Premium Gasoline,12,15,13,665.0
42761,2021,Ferrari,812 Superfast,Two Seaters,Rear-Wheel Drive,Automatic (AM7),12.0,6.5,Premium Gasoline,12,16,13,661.0
42763,2021,Ferrari,F8 Spider,Two Seaters,Rear-Wheel Drive,Automatic (AM7),8.0,3.9,Premium Gasoline,15,18,16,552.0
42762,2021,Ferrari,F8 Tributo,Two Seaters,Rear-Wheel Drive,Automatic (AM7),8.0,3.9,Premium Gasoline,15,19,16,541.0
42770,2021,Ferrari,Portofino,Minicompact Cars,Rear-Wheel Drive,Automatic (AM7),8.0,3.9,Premium Gasoline,16,22,18,485.0
42771,2021,Ferrari,Portofino M,Minicompact Cars,Rear-Wheel Drive,Automatic (AM8),8.0,3.9,Premium Gasoline,16,23,19,471.0
42773,2021,Ferrari,Roma,Subcompact Cars,Rear-Wheel Drive,Automatic (AM8),8.0,3.9,Premium Gasoline,17,22,19,472.0
43373,2021,Fiat,500X AWD,Small Sport Utility Vehicle 4WD,All-Wheel Drive,Automatic 9-spd,4.0,1.3,Regular Gasoline,24,30,26,356.0
43995,2021,Ford,Bronco 4WD,Small Sport Utility Vehicle 4WD,Part-time 4-Wheel Drive,Automatic (S10),4.0,2.3,Regular Gasoline,20,22,21,424.0
43996,2021,Ford,Bronco 4WD,Small Sport Utility Vehicle 4WD,Part-time 4-Wheel Drive,Manual 7-spd,4.0,2.3,Regular Gasoline,20,22,21,426.0
43997,2021,Ford,Bronco 4WD,Small Sport Utility Vehicle 4WD,Part-time 4-Wheel Drive,Automatic (S10),6.0,2.7,Regular Gasoline,18,20,19,462.0
43998,2021,Ford,Bronco Badlands 4WD,Small Sport Utility Vehicle 4WD,Part-time 4-Wheel Drive,Automatic (S10),6.0,2.7,Regular Gasoline,17,18,17,509.0
43999,2021,Ford,Bronco Badlands 4WD,Small Sport Utility Vehicle 4WD,Part-time 4-Wheel Drive,Manual 7-spd,4.0,2.3,Regular Gasoline,16,18,17,533.0
44000,2021,Ford,Bronco Badlands 4WD,Small Sport Utility Vehicle 4WD,Part-time 4-Wheel Drive,Automatic (S10),4.0,2.3,Regular Gasoline,18,17,17,513.0
44003,2021,Ford,Bronco Black Diamond 4WD,Small Sport Utility Vehicle 4WD,Part-time 4-Wheel Drive,Manual 7-spd,4.0,2.3,Regular Gasoline,17,19,18,496.0
44004,2021,Ford,Bronco Black Diamond 4WD,Small Sport Utility Vehicle 4WD,Part-time 4-Wheel Drive,Automatic (S10),4.0,2.3,Regular Gasoline,18,18,18,494.0
44001,2021,Ford,Bronco Sasquatch 4WD,Small Sport Utility Vehicle 4WD,Part-time 4-Wheel Drive,Automatic (S10),6.0,2.7,Regular Gasoline,17,17,17,527.0
44002,2021,Ford,Bronco Sasquatch 4WD,Small Sport Utility Vehicle 4WD,Part-time 4-Wheel Drive,Automatic (S10),4.0,2.3,Regular Gasoline,18,18,18,494.0
43543,2021,Ford,Bronco Sport 4WD,Small Sport Utility Vehicle 4WD,All-Wheel Drive,Automatic 8-spd,3.0,1.5,Regular Gasoline,25,28,26,342.0
43544,2021,Ford,Bronco Sport 4WD,Small Sport Utility Vehicle 4WD,Part-time 4-Wheel Drive,Automatic (S8),4.0,2.0,Regular Gasoline,21,26,23,387.0
43160,2021,Ford,EcoSport AWD,Small Sport Utility Vehicle 4WD,All-Wheel Drive,Automatic (S6),4.0,2.0,Regular Gasoline,23,29,25,355.0
43157,2021,Ford,EcoSport FWD,Small Sport Utility Vehicle 2WD,Front-Wheel Drive,Automatic (S6),3.0,1.0,Regular Gasoline,27,29,28,318.0
43714,2021,Ford,Edge AWD,Small Sport Utility Vehicle 4WD,All-Wheel Drive,Automatic 8-spd,4.0,2.0,Regular Gasoline,21,28,23,380.0
43715,2021,Ford,Edge AWD,Small Sport Utility Vehicle 4WD,All-Wheel Drive,Automatic (S8),4.0,2.0,Regular Gasoline,20,28,23,383.0
43716,2021,Ford,Edge AWD,Small Sport Utility Vehicle 4WD,All-Wheel Drive,Automatic (S8),6.0,2.7,Regular Gasoline,19,25,21,423.0
43711,2021,Ford,Edge FWD,Small Sport Utility Vehicle 2WD,Front-Wheel Drive,Automatic 8-spd,4.0,2.0,Regular Gasoline,21,29,24,369.0
43650,2021,Ford,Escape AWD,Small Sport Utility Vehicle 4WD,All-Wheel Drive,Automatic 8-spd,3.0,1.5,Regular Gasoline,26,31,28,318.0
43651,2021,Ford,Escape AWD,Small Sport Utility Vehicle 4WD,All-Wheel Drive,Automatic 8-spd,4.0,2.0,Regular Gasoline,23,31,26,342.0
43645,2021,Ford,Escape FWD,Small Sport Utility Vehicle 2WD,Front-Wheel Drive,Automatic 8-spd,3.0,1.5,Regular Gasoline,28,34,30,293.0
43589,2021,Ford,Expedition 2WD,Standard Sport Utility Vehicle 2WD,Rear-Wheel Drive,Automatic (S10),6.0,3.5,Regular Gasoline,17,23,19,456.0
43597,2021,Ford,Expedition 4WD,Standard Sport Utility Vehicle 4WD,Part-time 4-Wheel Drive,Automatic (S10),6.0,3.5,Regular Gasoline,17,22,19,476.0
43590,2021,Ford,Expedition MAX 2WD,Standard Sport Utility Vehicle 2WD,Rear-Wheel Drive,Automatic (S10),6.0,3.5,Regular Gasoline,17,23,19,456.0
43598,2021,Ford,Expedition MAX 4WD,Standard Sport Utility Vehicle 4WD,Part-time 4-Wheel Drive,Automatic (S10),6.0,3.5,Regular Gasoline,16,21,18,494.0
43288,2021,Ford,Explorer AWD,Standard Sport Utility Vehicle 4WD,Part-time 4-Wheel Drive,Automatic (S10),4.0,2.3,Regular Gasoline,20,27,23,386.0
43289,2021,Ford,Explorer AWD,Standard Sport Utility Vehicle 4WD,Part-time 4-Wheel Drive,Automatic (S10),6.0,3.0,Regular Gasoline,18,24,20,445.0
43292,2021,Ford,Explorer AWD,Standard Sport Utility Vehicle 4WD,Part-time 4-Wheel Drive,Automatic 10-spd,4.0,2.3,Regular Gasoline,20,27,23,386.0
43283,2021,Ford,Explorer RWD,Standard Sport Utility Vehicle 2WD,Rear-Wheel Drive,Automatic (S10),4.0,2.3,Regular Gasoline,21,28,24,373.0
43284,2021,Ford,Explorer RWD,Standard Sport Utility Vehicle 2WD,Rear-Wheel Drive,Automatic 10-spd,4.0,2.3,Regular Gasoline,21,28,24,373.0
43285,2021,Ford,Explorer RWD,Standard Sport Utility Vehicle 2WD,Rear-Wheel Drive,Automatic (S10),6.0,3.0,Regular Gasoline,18,26,21,431.0
44164,2021,Ford,Explorer Timberline AWD,Standard Sport Utility Vehicle 4WD,Part-time 4-Wheel Drive,Automatic (S10),4.0,2.3,Regular Gasoline,19,23,21,431.0
43457,2021,Ford,F150 Pickup 2WD,Standard Pickup Trucks 2WD,Rear-Wheel Drive,Automatic (S10),6.0,3.5,Regular Gasoline,18,24,20,437.0
43458,2021,Ford,F150 Pickup 2WD,Standard Pickup Trucks 2WD,Rear-Wheel Drive,Automatic (S10),6.0,2.7,Regular Gasoline,20,26,22,406.0
44364,2021,Ford,F150 Pickup 2WD,Standard Pickup Trucks 2WD,Rear-Wheel Drive,Automatic (S10),6.0,3.5,Regular Gasoline,17,24,20,444.0
43463,2021,Ford,F150 Pickup 4WD,Standard Pickup Trucks 4WD,Part-time 4-Wheel Drive,Automatic (S10),6.0,3.5,Regular Gasoline,18,23,20,445.0
43464,2021,Ford,F150 Pickup 4WD,Standard Pickup Trucks 4WD,Part-time 4-Wheel Drive,Automatic (S10),6.0,2.7,Regular Gasoline,19,24,21,432.0
44369,2021,Ford,F150 Pickup 4WD,Standard Pickup Trucks 4WD,Part-time 4-Wheel Drive,Automatic (S10),6.0,3.5,Regular Gasoline,17,23,19,468.0
44374,2021,Ford,F150 Pickup 4WD,Standard Pickup Trucks 4WD,Part-time 4-Wheel Drive,Automatic (S10),6.0,2.7,Regular Gasoline,18,24,20,445.0
44366,2021,Ford,F150 Pickup Tremor 4WD,Standard Pickup Trucks 4WD,Part-time 4-Wheel Drive,Automatic (S10),6.0,3.5,Regular Gasoline,16,20,18,498.0
44372,2021,Ford,F150 Pickup Tremor 4WD,Standard Pickup Trucks 4WD,Part-time 4-Wheel Drive,Automatic (S10),6.0,3.5,Regular Gasoline,16,20,18,503.0
44368,2021,Ford,F150 RAPTOR 37 4WD,Standard Pickup Trucks 4WD,Part-time 4-Wheel Drive,Automatic (S10),6.0,3.5,Regular Gasoline,15,16,15,578.0
44371,2021,Ford,F150 RAPTOR 37 4WD,Standard Pickup Trucks 4WD,Part-time 4-Wheel Drive,Automatic (S10),6.0,3.5,Regular Gasoline,14,16,15,596.0
44367,2021,Ford,F150 RAPTOR 4WD,Standard Pickup Trucks 4WD,Part-time 4-Wheel Drive,Automatic (S10),6.0,3.5,Regular Gasoline,15,18,16,553.0
44373,2021,Ford,F150 RAPTOR 4WD,Standard Pickup Trucks 4WD,Part-time 4-Wheel Drive,Automatic (S10),6.0,3.5,Regular Gasoline,14,18,15,593.0
43608,2021,Ford,GT,Two Seaters,Rear-Wheel Drive,Automatic (AM7),6.0,3.5,Premium Gasoline,12,18,14,632.0
43667,2021,Ford,Mustang,Subcompact Cars,Rear-Wheel Drive,Manual 6-spd,4.0,2.3,Regular Gasoline,21,29,24,373.0
43669,2021,Ford,Mustang,Subcompact Cars,Rear-Wheel Drive,Automatic (S10),4.0,2.3,Regular Gasoline,21,32,25,356.0
43676,2021,Ford,Mustang,Subcompact Cars,Rear-Wheel Drive,Manual 6-spd,8.0,5.0,Regular Gasoline,15,24,18,490.0
43677,2021,Ford,Mustang,Subcompact Cars,Rear-Wheel Drive,Automatic (S10),8.0,5.0,Regular Gasoline,15,24,19,479.0
43680,2021,Ford,Mustang,Subcompact Cars,Rear-Wheel Drive,Automatic 10-spd,4.0,2.3,Regular Gasoline,21,32,25,354.0
43672,2021,Ford,Mustang Convertible,Subcompact Cars,Rear-Wheel Drive,Manual 6-spd,4.0,2.3,Regular Gasoline,20,27,23,386.0
43673,2021,Ford,Mustang Convertible,Subcompact Cars,Rear-Wheel Drive,Automatic (S10),4.0,2.3,Regular Gasoline,20,28,23,387.0
43678,2021,Ford,Mustang Convertible,Subcompact Cars,Rear-Wheel Drive,Automatic (S10),8.0,5.0,Regular Gasoline,15,23,18,493.0
43681,2021,Ford,Mustang Convertible,Subcompact Cars,Rear-Wheel Drive,Automatic 10-spd,4.0,2.3,Regular Gasoline,20,28,23,387.0
43671,2021,Ford,Mustang HO Convertible,Subcompact Cars,Rear-Wheel Drive,Manual 6-spd,4.0,2.3,Regular Gasoline,19,25,21,415.0
43674,2021,Ford,Mustang HO Convertible,Subcompact Cars,Rear-Wheel Drive,Automatic (S10),4.0,2.3,Regular Gasoline,19,26,22,404.0
43668,2021,Ford,Mustang HO Coupe,Subcompact Cars,Rear-Wheel Drive,Manual 6-spd,4.0,2.3,Regular Gasoline,20,27,22,397.0
43670,2021,Ford,Mustang HO Coupe,Subcompact Cars,Rear-Wheel Drive,Automatic (S10),4.0,2.3,Regular Gasoline,20,27,23,386.0
43610,2021,Ford,Mustang Mach 1,Subcompact Cars,Rear-Wheel Drive,Automatic (S10),8.0,5.0,Regular Gasoline,15,23,18,494.0
43679,2021,Ford,Mustang Mach 1,Subcompact Cars,Rear-Wheel Drive,Manual 6-spd,8.0,5.0,Regular Gasoline,14,22,17,523.0
43615,2021,Ford,Ranger 2WD,Standard Pickup Trucks 2WD,Rear-Wheel Drive,Automatic (S10),4.0,2.3,Regular Gasoline,21,26,23,387.0
43618,2021,Ford,Ranger 2WD Incomplete,Special Purpose Vehicle 2WD,Rear-Wheel Drive,Automatic (S10),4.0,2.3,Regular Gasoline,19,18,18,486.0
43542,2021,Ford,Ranger 4WD,Standard Pickup Trucks 4WD,Part-time 4-Wheel Drive,Automatic (S10),4.0,2.3,Regular Gasoline,20,24,22,404.0
43617,2021,Ford,Ranger Tremor 4WD,Standard Pickup Trucks 4WD,Part-time 4-Wheel Drive,Automatic (S10),4.0,2.3,Regular Gasoline,19,19,19,462.0
43675,2021,Ford,Shelby GT500 Mustang,Subcompact Cars,Rear-Wheel Drive,Automatic (AM7),8.0,5.2,Premium Gasoline,12,18,14,631.0
43266,2021,Ford,Transit Connect USPS,Special Purpose Vehicle 2WD,Front-Wheel Drive,Automatic (S6),4.0,2.5,Regular Gasoline,20,27,22,397.0
43264,2021,Ford,Transit Connect Van FWD,Special Purpose Vehicle 2WD,Front-Wheel Drive,Automatic (S6),4.0,2.5,Regular Gasoline,20,27,22,397.0
43267,2021,Ford,Transit Connect Van FWD,Special Purpose Vehicle 2WD,Front-Wheel Drive,Automatic (S8),4.0,2.0,Regular Gasoline,24,27,25,350.0
43265,2021,Ford,Transit Connect Wagon LWB FWD,Special Purpose Vehicle 2WD,Front-Wheel Drive,Automatic (S6),4.0,2.5,Regular Gasoline,20,26,22,404.0
43269,2021,Ford,Transit Connect Wagon LWB FWD,Special Purpose Vehicle 2WD,Front-Wheel Drive,Automatic (S8),4.0,2.0,Regular Gasoline,24,29,26,344.0
42915,2021,GMC,Acadia AWD,Standard Sport Utility Vehicle 4WD,All-Wheel Drive,Automatic 9-spd,4.0,2.0,Regular Gasoline,22,27,24,362.0
42976,2021,GMC,Acadia AWD,Standard Sport Utility Vehicle 4WD,All-Wheel Drive,Automatic 9-spd,6.0,3.6,Regular Gasoline,19,26,21,413.0
42913,2021,GMC,Acadia FWD,Standard Sport Utility Vehicle 2WD,Front-Wheel Drive,Automatic 9-spd,4.0,2.5,Regular Gasoline,21,27,23,382.0
42914,2021,GMC,Acadia FWD,Standard Sport Utility Vehicle 2WD,Front-Wheel Drive,Automatic 9-spd,4.0,2.0,Regular Gasoline,22,29,25,349.0
42973,2021,GMC,Acadia FWD,Standard Sport Utility Vehicle 2WD,Front-Wheel Drive,Automatic 9-spd,6.0,3.6,Regular Gasoline,19,27,22,402.0
42547,2021,GMC,Canyon 2WD,Small Pickup Trucks 2WD,Rear-Wheel Drive,Automatic 6-spd,4.0,2.5,Regular Gasoline,19,25,22,413.0
42548,2021,GMC,Canyon 2WD,Small Pickup Trucks 2WD,Rear-Wheel Drive,Automatic 8-spd,6.0,3.6,Regular Gasoline,18,25,21,424.0
42552,2021,GMC,Canyon 4WD,Small Pickup Trucks 4WD,4-Wheel Drive,Automatic 6-spd,4.0,2.5,Regular Gasoline,19,24,21,431.0
42553,2021,GMC,Canyon 4WD,Small Pickup Trucks 4WD,4-Wheel Drive,Automatic 8-spd,6.0,3.6,Regular Gasoline,16,22,18,494.0
43092,2021,GMC,Sierra 2WD,Standard Pickup Trucks 2WD,Rear-Wheel Drive,Automatic 6-spd,8.0,5.3,Regular Gasoline,15,21,17,523.0
43094,2021,GMC,Sierra 2WD,Standard Pickup Trucks 2WD,Rear-Wheel Drive,Automatic 8-spd,8.0,5.3,Regular Gasoline,17,23,19,466.0
43188,2021,GMC,Sierra 2WD,Standard Pickup Trucks 2WD,Rear-Wheel Drive,Automatic 6-spd,6.0,4.3,Regular Gasoline,16,21,17,523.0
43189,2021,GMC,Sierra 2WD,Standard Pickup Trucks 2WD,Rear-Wheel Drive,Automatic 8-spd,4.0,2.7,Regular Gasoline,20,23,21,421.0
43190,2021,GMC,Sierra 2WD,Standard Pickup Trucks 2WD,Rear-Wheel Drive,Automatic 8-spd,4.0,2.7,Regular Gasoline,20,23,21,422.0
43817,2021,GMC,Sierra 2WD,Standard Pickup Trucks 2WD,Rear-Wheel Drive,Automatic 6-spd,8.0,5.3,Regular Gasoline,14,21,16,541.0
43869,2021,GMC,Sierra 2WD,Standard Pickup Trucks 2WD,Rear-Wheel Drive,Automatic 8-spd,8.0,5.3,Regular Gasoline,15,22,17,515.0
43105,2021,GMC,Sierra 4WD,Standard Pickup Trucks 4WD,4-Wheel Drive,Automatic 10-spd,8.0,6.2,Premium Gasoline,16,20,17,510.0
43107,2021,GMC,Sierra 4WD,Standard Pickup Trucks 4WD,4-Wheel Drive,Automatic 6-spd,8.0,5.3,Regular Gasoline,15,20,17,526.0
43111,2021,GMC,Sierra 4WD,Standard Pickup Trucks 4WD,4-Wheel Drive,Automatic 10-spd,8.0,5.3,Regular Gasoline,16,22,19,479.0
43113,2021,GMC,Sierra 4WD,Standard Pickup Trucks 4WD,4-Wheel Drive,Automatic 8-spd,8.0,5.3,Regular Gasoline,16,21,18,504.0
43115,2021,GMC,Sierra 4WD,Standard Pickup Trucks 4WD,4-Wheel Drive,Automatic 6-spd,6.0,4.3,Regular Gasoline,15,20,17,530.0
43196,2021,GMC,Sierra 4WD,Standard Pickup Trucks 4WD,4-Wheel Drive,Automatic 8-spd,4.0,2.7,Regular Gasoline,18,21,19,464.0
43315,2021,GMC,Sierra 4WD,Standard Pickup Trucks 4WD,4-Wheel Drive,Automatic 8-spd,4.0,2.7,Regular Gasoline,18,20,19,475.0
43818,2021,GMC,Sierra 4WD,Standard Pickup Trucks 4WD,4-Wheel Drive,Automatic 6-spd,8.0,5.3,Regular Gasoline,14,20,16,560.0
43873,2021,GMC,Sierra 4WD,Standard Pickup Trucks 4WD,4-Wheel Drive,Automatic 8-spd,8.0,5.3,Regular Gasoline,14,20,16,561.0
44029,2021,GMC,Sierra 4WD,Standard Pickup Trucks 4WD,4-Wheel Drive,Automatic 10-spd,8.0,6.2,Premium Gasoline,15,20,16,539.0
44031,2021,GMC,Sierra 4WD,Standard Pickup Trucks 4WD,4-Wheel Drive,Automatic 10-spd,8.0,5.3,Regular Gasoline,15,21,18,504.0
43106,2021,GMC,Sierra 4WD AT4,Standard Pickup Trucks 4WD,4-Wheel Drive,Automatic 10-spd,8.0,6.2,Premium Gasoline,15,19,17,522.0
43112,2021,GMC,Sierra 4WD AT4,Standard Pickup Trucks 4WD,4-Wheel Drive,Automatic 10-spd,8.0,5.3,Regular Gasoline,16,21,18,494.0
43114,2021,GMC,Sierra 4WD AT4,Standard Pickup Trucks 4WD,4-Wheel Drive,Automatic 8-spd,8.0,5.3,Regular Gasoline,16,21,18,484.0
43195,2021,GMC,Sierra 4WD AT4,Standard Pickup Trucks 4WD,4-Wheel Drive,Automatic 6-spd,8.0,5.3,Regular Gasoline,14,18,16,543.0
43874,2021,GMC,Sierra 4WD AT4,Standard Pickup Trucks 4WD,4-Wheel Drive,Automatic 8-spd,8.0,5.3,Regular Gasoline,14,20,16,551.0
44030,2021,GMC,Sierra 4WD AT4,Standard Pickup Trucks 4WD,4-Wheel Drive,Automatic 10-spd,8.0,6.2,Premium Gasoline,14,19,16,555.0
44032,2021,GMC,Sierra 4WD AT4,Standard Pickup Trucks 4WD,4-Wheel Drive,Automatic 10-spd,8.0,5.3,Regular Gasoline,15,21,17,523.0
43198,2021,GMC,Sierra Cab Chassis 2WD,Special Purpose Vehicle 2WD,Rear-Wheel Drive,Automatic 6-spd,8.0,5.3,Regular Gasoline,14,18,15,590.0
43199,2021,GMC,Sierra Cab Chassis 2WD,Special Purpose Vehicle 2WD,Rear-Wheel Drive,Automatic 6-spd,6.0,4.3,Regular Gasoline,15,19,17,523.0
43878,2021,GMC,Sierra Cab Chassis 2WD,Special Purpose Vehicle 2WD,Rear-Wheel Drive,Automatic 6-spd,8.0,5.3,Regular Gasoline,13,18,14,634.0
43119,2021,GMC,Sierra Cab Chassis 4WD,Special Purpose Vehicle 4WD,4-Wheel Drive,Automatic 6-spd,8.0,5.3,Regular Gasoline,14,17,15,593.0
43120,2021,GMC,Sierra Cab Chassis 4WD,Special Purpose Vehicle 4WD,4-Wheel Drive,Automatic 6-spd,6.0,4.3,Regular Gasoline,14,16,15,592.0
43877,2021,GMC,Sierra Cab Chassis 4WD,Special Purpose Vehicle 4WD,4-Wheel Drive,Automatic 6-spd,8.0,5.3,Regular Gasoline,13,17,14,635.0
43374,2021,GMC,Terrain AWD,Small Sport Utility Vehicle 4WD,All-Wheel Drive,Automatic 9-spd,4.0,1.5,Regular Gasoline,25,28,26,342.0
43369,2021,GMC,Terrain FWD,Small Sport Utility Vehicle 2WD,Front-Wheel Drive,Automatic 9-spd,4.0,1.5,Regular Gasoline,25,30,27,329.0
42621,2021,GMC,Yukon 2WD,Standard Sport Utility Vehicle 2WD,Rear-Wheel Drive,Automatic 10-spd,8.0,6.2,Premium Gasoline,15,20,17,525.0
42623,2021,GMC,Yukon 2WD,Standard Sport Utility Vehicle 2WD,Rear-Wheel Drive,Automatic 10-spd,8.0,5.3,Regular Gasoline,16,20,18,492.0
44038,2021,GMC,Yukon 2WD,Standard Sport Utility Vehicle 2WD,Rear-Wheel Drive,Automatic 10-spd,8.0,6.2,Premium Gasoline,14,20,16,544.0
44040,2021,GMC,Yukon 2WD,Standard Sport Utility Vehicle 2WD,Rear-Wheel Drive,Automatic 10-spd,8.0,5.3,Regular Gasoline,15,20,17,523.0
42631,2021,GMC,Yukon 4WD,Standard Sport Utility Vehicle 4WD,4-Wheel Drive,Automatic 10-spd,8.0,6.2,Premium Gasoline,14,19,16,558.0
42633,2021,GMC,Yukon 4WD,Standard Sport Utility Vehicle 4WD,4-Wheel Drive,Automatic 10-spd,8.0,5.3,Regular Gasoline,16,20,18,496.0
44048,2021,GMC,Yukon 4WD,Standard Sport Utility Vehicle 4WD,4-Wheel Drive,Automatic 10-spd,8.0,6.2,Premium Gasoline,13,19,16,570.0
44049,2021,GMC,Yukon 4WD,Standard Sport Utility Vehicle 4WD,4-Wheel Drive,Automatic 10-spd,8.0,5.3,Regular Gasoline,15,20,17,523.0
42622,2021,GMC,Yukon XL 2WD,Standard Sport Utility Vehicle 2WD,Rear-Wheel Drive,Automatic 10-spd,8.0,6.2,Premium Gasoline,14,20,16,539.0
42624,2021,GMC,Yukon XL 2WD,Standard Sport Utility Vehicle 2WD,Rear-Wheel Drive,Automatic 10-spd,8.0,5.3,Regular Gasoline,16,20,18,492.0
44039,2021,GMC,Yukon XL 2WD,Standard Sport Utility Vehicle 2WD,Rear-Wheel Drive,Automatic 10-spd,8.0,6.2,Premium Gasoline,14,20,16,566.0
44041,2021,GMC,Yukon XL 2WD,Standard Sport Utility Vehicle 2WD,Rear-Wheel Drive,Automatic 10-spd,8.0,5.3,Regular Gasoline,15,20,17,523.0
42630,2021,GMC,Yukon XL 4WD,Standard Sport Utility Vehicle 4WD,4-Wheel Drive,Automatic 10-spd,8.0,6.2,Premium Gasoline,14,19,16,558.0
42632,2021,GMC,Yukon XL 4WD,Standard Sport Utility Vehicle 4WD,4-Wheel Drive,Automatic 10-spd,8.0,5.3,Regular Gasoline,15,19,17,515.0
44047,2021,GMC,Yukon XL 4WD,Standard Sport Utility Vehicle 4WD,4-Wheel Drive,Automatic 10-spd,8.0,6.2,Premium Gasoline,13,19,16,570.0
44050,2021,GMC,Yukon XL 4WD,Standard Sport Utility Vehicle 4WD,4-Wheel Drive,Automatic 10-spd,8.0,5.3,Regular Gasoline,15,19,16,555.0
42493,2021,Genesis,G70 AWD,Compact Cars,All-Wheel Drive,Automatic (S8),4.0,2.0,Premium Gasoline,20,27,23,386.0
42515,2021,Genesis,G70 AWD,Compact Cars,All-Wheel Drive,Automatic (S8),6.0,3.3,Premium Gasoline,17,25,20,457.0
42494,2021,Genesis,G70 RWD,Compact Cars,Rear-Wheel Drive,Automatic (S8),4.0,2.0,Premium Gasoline,22,30,25,357.0
42495,2021,Genesis,G70 RWD,Compact Cars,Rear-Wheel Drive,Manual 6-spd,4.0,2.0,Premium Gasoline,18,28,22,410.0
42516,2021,Genesis,G70 RWD,Compact Cars,Rear-Wheel Drive,Automatic (S8),6.0,3.3,Premium Gasoline,17,26,20,447.0
42838,2021,Genesis,G80 AWD,Large Cars,All-Wheel Drive,Automatic (S8),4.0,2.5,Premium Gasoline,22,30,25,360.0
42840,2021,Genesis,G80 AWD,Large Cars,All-Wheel Drive,Automatic (S8),6.0,3.5,Premium Gasoline,18,26,21,422.0
42839,2021,Genesis,G80 RWD,Large Cars,Rear-Wheel Drive,Automatic (S8),4.0,2.5,Premium Gasoline,23,32,26,345.0
42841,2021,Genesis,G80 RWD,Large Cars,Rear-Wheel Drive,Automatic (S8),6.0,3.5,Premium Gasoline,19,27,22,410.0
42834,2021,Genesis,G90 AWD,Large Cars,All-Wheel Drive,Automatic (S8),6.0,3.3,Premium Gasoline,17,24,20,460.0
42836,2021,Genesis,G90 AWD,Large Cars,All-Wheel Drive,Automatic (S8),8.0,5.0,Premium Gasoline,16,23,18,488.0
42835,2021,Genesis,G90 RWD,Large Cars,Rear-Wheel Drive,Automatic (S8),6.0,3.3,Premium Gasoline,17,24,19,459.0
42837,2021,Genesis,G90 RWD,Large Cars,Rear-Wheel Drive,Automatic (S8),8.0,5.0,Premium Gasoline,16,24,19,481.0
43072,2021,Genesis,GV80 AWD,Standard Sport Utility Vehicle 4WD,All-Wheel Drive,Automatic (S8),4.0,2.5,Premium Gasoline,21,25,22,401.0
43073,2021,Genesis,GV80 AWD,Standard Sport Utility Vehicle 4WD,All-Wheel Drive,Automatic (S8),6.0,3.5,Premium Gasoline,18,23,20,448.0
43061,2021,Genesis,GV80 RWD,Small Sport Utility Vehicle 2WD,Rear-Wheel Drive,Automatic (S8),4.0,2.5,Premium Gasoline,21,25,23,394.0
43361,2021,Honda,Accord,Large Cars,Front-Wheel Drive,Automatic (variable gear ratios),4.0,1.5,Regular Gasoline,30,38,33,268.0
43362,2021,Honda,Accord Sport/Touring,Large Cars,Front-Wheel Drive,Automatic (AV-S7),4.0,1.5,Regular Gasoline,29,35,32,278.0
43363,2021,Honda,Accord Sport/Touring,Large Cars,Front-Wheel Drive,Automatic (S10),4.0,2.0,Regular Gasoline,22,32,26,345.0
43475,2021,Honda,CR-V AWD,Small Sport Utility Vehicle 4WD,All-Wheel Drive,Automatic (variable gear ratios),4.0,1.5,Regular Gasoline,27,32,29,305.0
43472,2021,Honda,CR-V FWD,Small Sport Utility Vehicle 2WD,Front-Wheel Drive,Automatic (variable gear ratios),4.0,1.5,Regular Gasoline,28,34,30,294.0
43355,2021,Honda,Civic 4Dr,Midsize Cars,Front-Wheel Drive,Automatic (AV-S7),4.0,1.5,Regular Gasoline,30,38,33,266.0
43356,2021,Honda,Civic 4Dr,Midsize Cars,Front-Wheel Drive,Automatic (variable gear ratios),4.0,1.5,Regular Gasoline,32,42,36,248.0
43357,2021,Honda,Civic 4Dr,Midsize Cars,Front-Wheel Drive,Automatic (AV-S7),4.0,2.0,Regular Gasoline,29,37,32,277.0
43358,2021,Honda,Civic 4Dr,Midsize Cars,Front-Wheel Drive,Automatic (variable gear ratios),4.0,2.0,Regular Gasoline,30,38,33,268.0
43055,2021,Honda,Civic 5Dr,Large Cars,Front-Wheel Drive,Manual 6-spd,4.0,1.5,Premium Gasoline,29,37,32,274.0
43056,2021,Honda,Civic 5Dr,Large Cars,Front-Wheel Drive,Automatic (variable gear ratios),4.0,1.5,Regular Gasoline,31,40,34,259.0
43057,2021,Honda,Civic 5Dr,Large Cars,Front-Wheel Drive,Automatic (AV-S7),4.0,1.5,Premium Gasoline,29,35,32,279.0
43643,2021,Honda,Civic 5Dr,Large Cars,Front-Wheel Drive,Manual 6-spd,4.0,2.0,Premium Gasoline,22,28,25,358.0
43313,2021,Honda,HR-V AWD,Small Station Wagons,All-Wheel Drive,Automatic (variable gear ratios),4.0,1.8,Regular Gasoline,27,31,29,311.0
43314,2021,Honda,HR-V AWD,Small Station Wagons,All-Wheel Drive,Automatic (AV-S7),4.0,1.8,Regular Gasoline,26,31,28,315.0
43311,2021,Honda,HR-V FWD,Small Station Wagons,Front-Wheel Drive,Automatic (variable gear ratios),4.0,1.8,Regular Gasoline,28,34,30,292.0
43312,2021,Honda,HR-V FWD,Small Station Wagons,Front-Wheel Drive,Automatic (AV-S7),4.0,1.8,Regular Gasoline,28,34,30,292.0
42848,2021,Honda,Odyssey,Minivan - 2WD,Front-Wheel Drive,Automatic (S10),6.0,3.5,Regular Gasoline,19,28,22,394.0
43161,2021,Honda,Passport AWD,Small Sport Utility Vehicle 4WD,All-Wheel Drive,Automatic (S9),6.0,3.5,Regular Gasoline,19,24,21,427.0
43158,2021,Honda,Passport FWD,Small Sport Utility Vehicle 2WD,Front-Wheel Drive,Automatic (S9),6.0,3.5,Regular Gasoline,20,25,22,407.0
42576,2021,Honda,Pilot AWD,Small Sport Utility Vehicle 4WD,All-Wheel Drive,Automatic (S9),6.0,3.5,Regular Gasoline,19,26,22,406.0
42575,2021,Honda,Pilot FWD,Small Sport Utility Vehicle 2WD,Front-Wheel Drive,Automatic (S9),6.0,3.5,Regular Gasoline,20,27,23,388.0
43723,2021,Honda,Ridgeline AWD,Standard Pickup Trucks 4WD,All-Wheel Drive,Automatic (S9),6.0,3.5,Regular Gasoline,18,24,21,441.0
42660,2021,Hyundai,Accent,Compact Cars,Front-Wheel Drive,Automatic (AV-S1),4.0,1.6,Regular Gasoline,33,41,36,248.0
42661,2021,Hyundai,Accent,Compact Cars,Front-Wheel Drive,Manual 6-spd,4.0,1.6,Regular Gasoline,29,39,33,273.0
43046,2021,Hyundai,Elantra,Midsize Cars,Front-Wheel Drive,Automatic (AV-S1),4.0,2.0,Regular Gasoline,31,41,35,257.0
43047,2021,Hyundai,Elantra,Midsize Cars,Front-Wheel Drive,Automatic (AV-S1),4.0,2.0,Regular Gasoline,33,43,37,244.0
43446,2021,Hyundai,Elantra,Midsize Cars,Front-Wheel Drive,Automatic (AM-S7),4.0,1.6,Regular Gasoline,28,36,31,288.0
43447,2021,Hyundai,Elantra,Midsize Cars,Front-Wheel Drive,Manual 6-spd,4.0,1.6,Regular Gasoline,25,34,28,318.0
42601,2021,Hyundai,Kona AWD,Small Sport Utility Vehicle 4WD,All-Wheel Drive,Automatic (AM7),4.0,1.6,Regular Gasoline,26,29,27,324.0
42602,2021,Hyundai,Kona AWD,Small Sport Utility Vehicle 4WD,All-Wheel Drive,Automatic (S6),4.0,2.0,Regular Gasoline,25,30,27,326.0
42593,2021,Hyundai,Kona FWD,Small Sport Utility Vehicle 2WD,Front-Wheel Drive,Automatic (AM7),4.0,1.6,Regular Gasoline,28,32,30,303.0
42594,2021,Hyundai,Kona FWD,Small Sport Utility Vehicle 2WD,Front-Wheel Drive,Automatic (S6),4.0,2.0,Regular Gasoline,27,33,30,300.0
42610,2021,Hyundai,Palisade AWD,Standard Sport Utility Vehicle 4WD,All-Wheel Drive,Automatic (S8),6.0,3.8,Regular Gasoline,19,24,21,426.0
42609,2021,Hyundai,Palisade FWD,Standard Sport Utility Vehicle 2WD,Front-Wheel Drive,Automatic (S8),6.0,3.8,Regular Gasoline,19,26,22,407.0
43422,2021,Hyundai,Santa Fe AWD,Small Sport Utility Vehicle 4WD,All-Wheel Drive,Automatic (S8),4.0,2.5,Regular Gasoline,22,25,24,378.0
43423,2021,Hyundai,Santa Fe AWD,Small Sport Utility Vehicle 4WD,All-Wheel Drive,Automatic (AM-S8),4.0,2.5,Regular Gasoline,21,28,24,375.0
43420,2021,Hyundai,Santa Fe FWD,Small Sport Utility Vehicle 2WD,Front-Wheel Drive,Automatic (S8),4.0,2.5,Regular Gasoline,25,28,26,344.0
43421,2021,Hyundai,Santa Fe FWD,Small Sport Utility Vehicle 2WD,Front-Wheel Drive,Automatic (AM-S8),4.0,2.5,Regular Gasoline,22,28,25,365.0
42790,2021,Hyundai,Sonata,Large Cars,Front-Wheel Drive,Automatic (S8),4.0,1.6,Regular Gasoline,27,37,30,293.0
42796,2021,Hyundai,Sonata,Large Cars,Front-Wheel Drive,Automatic (S8),4.0,2.5,Regular Gasoline,27,37,31,293.0
42797,2021,Hyundai,Sonata,Large Cars,Front-Wheel Drive,Automatic (S8),4.0,2.5,Regular Gasoline,28,38,32,282.0
43456,2021,Hyundai,Sonata,Large Cars,Front-Wheel Drive,Automatic (AM-S8),4.0,2.5,Regular Gasoline,23,33,27,335.0
42666,2021,Hyundai,Tucson AWD,Small Sport Utility Vehicle 4WD,All-Wheel Drive,Automatic (S6),4.0,2.0,Regular Gasoline,22,25,23,385.0
42667,2021,Hyundai,Tucson AWD,Small Sport Utility Vehicle 4WD,All-Wheel Drive,Automatic (S6),4.0,2.4,Regular Gasoline,21,26,23,387.0
42663,2021,Hyundai,Tucson FWD,Small Sport Utility Vehicle 2WD,Front-Wheel Drive,Automatic (S6),4.0,2.0,Regular Gasoline,23,28,25,361.0
43646,2021,Hyundai,Tucson FWD,Small Sport Utility Vehicle 2WD,Front-Wheel Drive,Automatic (S6),4.0,2.4,Regular Gasoline,22,28,25,363.0
42538,2021,Hyundai,Veloster,Compact Cars,Front-Wheel Drive,Automatic (S6),4.0,2.0,Regular Gasoline,27,34,30,299.0
42539,2021,Hyundai,Veloster,Compact Cars,Front-Wheel Drive,Manual 6-spd,4.0,2.0,Regular Gasoline,25,33,28,317.0
42540,2021,Hyundai,Veloster,Compact Cars,Front-Wheel Drive,Automatic (AM-S7),4.0,1.6,Regular Gasoline,28,34,30,296.0
42541,2021,Hyundai,Veloster,Compact Cars,Front-Wheel Drive,Manual 6-spd,4.0,1.6,Regular Gasoline,26,33,29,308.0
42927,2021,Hyundai,Veloster N,Compact Cars,Front-Wheel Drive,Automatic (AM-S8),4.0,2.0,Premium Gasoline,20,27,22,400.0
42928,2021,Hyundai,Veloster N,Compact Cars,Front-Wheel Drive,Manual 6-spd,4.0,2.0,Premium Gasoline,22,28,25,363.0
42662,2021,Hyundai,Venue,Midsize Cars,Front-Wheel Drive,Automatic (AV-S1),4.0,1.6,Regular Gasoline,30,33,31,287.0
43048,2021,Infiniti,Q50,Midsize Cars,Rear-Wheel Drive,Automatic (S7),6.0,3.0,Premium Gasoline,20,29,23,388.0
43049,2021,Infiniti,Q50 AWD,Midsize Cars,All-Wheel Drive,Automatic (S7),6.0,3.0,Premium Gasoline,19,27,22,403.0
43050,2021,Infiniti,Q50 Red Sport,Midsize Cars,Rear-Wheel Drive,Automatic (S7),6.0,3.0,Premium Gasoline,20,26,22,403.0
43051,2021,Infiniti,Q50 Red Sport  AWD,Midsize Cars,All-Wheel Drive,Automatic (S7),6.0,3.0,Premium Gasoline,19,26,22,411.0
43328,2021,Infiniti,Q60,Subcompact Cars,Rear-Wheel Drive,Automatic (S7),6.0,3.0,Premium Gasoline,19,28,22,404.0
43331,2021,Infiniti,Q60 AWD,Subcompact Cars,All-Wheel Drive,Automatic (S7),6.0,3.0,Premium Gasoline,19,27,22,403.0
43329,2021,Infiniti,Q60 Red Sport,Subcompact Cars,Rear-Wheel Drive,Automatic (S7),6.0,3.0,Premium Gasoline,20,27,22,405.0
43330,2021,Infiniti,Q60 Red Sport AWD,Subcompact Cars,All-Wheel Drive,Automatic (S7),6.0,3.0,Premium Gasoline,19,26,21,423.0
42800,2021,Infiniti,QX50,Small Sport Utility Vehicle 2WD,Front-Wheel Drive,Automatic (AV-S8),4.0,2.0,Premium Gasoline,23,29,26,349.0
42803,2021,Infiniti,QX50 AWD,Small Sport Utility Vehicle 4WD,All-Wheel Drive,Automatic (AV-S8),4.0,2.0,Premium Gasoline,22,28,25,367.0
42752,2021,Infiniti,QX80 2WD,Standard Sport Utility Vehicle 2WD,Rear-Wheel Drive,Automatic (S7),8.0,5.6,Premium Gasoline,14,20,16,554.0
42753,2021,Infiniti,QX80 4WD,Standard Sport Utility Vehicle 4WD,4-Wheel Drive,Automatic (S7),8.0,5.6,Premium Gasoline,13,19,15,594.0
42754,2021,Infiniti,QX80 4WD,Standard Sport Utility Vehicle 4WD,4-Wheel Drive,Automatic (S7),8.0,5.6,Premium Gasoline,13,19,15,593.0
43760,2021,Jaguar,E-Pace,Small Sport Utility Vehicle 4WD,All-Wheel Drive,Automatic (S9),4.0,2.0,Premium Gasoline,20,26,23,398.0
44842,2021,Jaguar,F-Pace,Small Sport Utility Vehicle 4WD,All-Wheel Drive,Automatic (S8),4.0,2.0,Premium Gasoline,22,27,24,365.0
43654,2021,Jaguar,F-Pace SVR,Small Sport Utility Vehicle 4WD,All-Wheel Drive,Automatic (S8),8.0,5.0,Premium Gasoline,15,22,18,508.0
44836,2021,Jaguar,F-Type Convertible,Two Seaters,Rear-Wheel Drive,Automatic (S8),4.0,2.0,Premium Gasoline,23,30,26,346.0
44835,2021,Jaguar,F-Type Coupe,Two Seaters,Rear-Wheel Drive,Automatic (S8),4.0,2.0,Premium Gasoline,23,30,26,346.0
42487,2021,Jaguar,F-Type R AWD Convertible,Two Seaters,All-Wheel Drive,Automatic (S8),8.0,5.0,Premium Gasoline,16,24,18,481.0
42486,2021,Jaguar,F-Type R AWD Coupe,Two Seaters,All-Wheel Drive,Automatic (S8),8.0,5.0,Premium Gasoline,16,24,18,481.0
42485,2021,Jaguar,F-Type S AWD Convertible,Two Seaters,All-Wheel Drive,Automatic (S8),6.0,3.0,Premium Gasoline,18,26,21,426.0
42484,2021,Jaguar,F-Type S AWD Coupe,Two Seaters,All-Wheel Drive,Automatic (S8),6.0,3.0,Premium Gasoline,18,26,21,426.0
42483,2021,Jaguar,F-Type S Convertible,Two Seaters,Rear-Wheel Drive,Automatic (S8),6.0,3.0,Premium Gasoline,19,27,22,407.0
42482,2021,Jaguar,F-Type S Coupe,Two Seaters,Rear-Wheel Drive,Automatic (S8),6.0,3.0,Premium Gasoline,19,27,22,407.0
44837,2021,Jaguar,XE P250,Compact Cars,Rear-Wheel Drive,Automatic (S8),4.0,2.0,Premium Gasoline,25,34,28,312.0
44838,2021,Jaguar,XE P250 AWD,Compact Cars,All-Wheel Drive,Automatic (S8),4.0,2.0,Premium Gasoline,24,34,28,321.0
44839,2021,Jaguar,XE P300 AWD,Compact Cars,All-Wheel Drive,Automatic (S8),4.0,2.0,Premium Gasoline,22,30,25,354.0
44858,2021,Jaguar,XF P250,Midsize Cars,Rear-Wheel Drive,Automatic (S8),4.0,2.0,Premium Gasoline,25,33,28,317.0
44840,2021,Jaguar,XF P250 AWD,Midsize Cars,All-Wheel Drive,Automatic (S8),4.0,2.0,Premium Gasoline,23,32,26,336.0
44841,2021,Jaguar,XF P300 AWD,Midsize Cars,All-Wheel Drive,Automatic (S8),4.0,2.0,Premium Gasoline,22,30,25,352.0
43065,2021,Jeep,Cherokee 4WD,Small Sport Utility Vehicle 4WD,All-Wheel Drive,Automatic 9-spd,4.0,2.0,Regular Gasoline,21,29,24,369.0
43066,2021,Jeep,Cherokee 4WD,Small Sport Utility Vehicle 4WD,All-Wheel Drive,Automatic 9-spd,4.0,2.4,Regular Gasoline,21,29,24,370.0
43067,2021,Jeep,Cherokee 4WD,Small Sport Utility Vehicle 4WD,All-Wheel Drive,Automatic 9-spd,6.0,3.2,Regular Gasoline,19,27,22,400.0
43068,2021,Jeep,Cherokee 4WD Active Drive II,Small Sport Utility Vehicle 4WD,All-Wheel Drive,Automatic 9-spd,4.0,2.0,Regular Gasoline,20,27,23,387.0
43069,2021,Jeep,Cherokee 4WD Active Drive II,Small Sport Utility Vehicle 4WD,All-Wheel Drive,Automatic 9-spd,6.0,3.2,Regular Gasoline,18,26,21,416.0
43062,2021,Jeep,Cherokee FWD,Small Sport Utility Vehicle 2WD,Front-Wheel Drive,Automatic 9-spd,4.0,2.0,Regular Gasoline,23,31,26,345.0
43063,2021,Jeep,Cherokee FWD,Small Sport Utility Vehicle 2WD,Front-Wheel Drive,Automatic 9-spd,4.0,2.4,Regular Gasoline,22,31,25,352.0
43064,2021,Jeep,Cherokee FWD,Small Sport Utility Vehicle 2WD,Front-Wheel Drive,Automatic 9-spd,6.0,3.2,Regular Gasoline,20,29,23,387.0
43070,2021,Jeep,Cherokee Trailhawk 4WD,Small Sport Utility Vehicle 4WD,All-Wheel Drive,Automatic 9-spd,6.0,3.2,Regular Gasoline,18,24,21,432.0
42853,2021,Jeep,Compass 4WD,Small Sport Utility Vehicle 4WD,All-Wheel Drive,Automatic 9-spd,4.0,2.4,Regular Gasoline,22,30,25,358.0
42850,2021,Jeep,Compass FWD,Small Sport Utility Vehicle 2WD,Front-Wheel Drive,Automatic 6-spd,4.0,2.4,Regular Gasoline,22,31,25,350.0
42951,2021,Jeep,Gladiator 4WD,Standard Pickup Trucks 4WD,4-Wheel Drive,Automatic 8-spd,6.0,3.6,Regular Gasoline,17,22,19,466.0
43011,2021,Jeep,Gladiator 4WD,Standard Pickup Trucks 4WD,4-Wheel Drive,Manual 6-spd,6.0,3.6,Regular Gasoline,16,23,19,476.0
43165,2021,Jeep,Grand Cherokee 2WD,Standard Sport Utility Vehicle 2WD,Rear-Wheel Drive,Automatic 8-spd,6.0,3.6,Regular Gasoline,19,26,21,414.0
43167,2021,Jeep,Grand Cherokee 4WD,Standard Sport Utility Vehicle 4WD,All-Wheel Drive,Automatic 8-spd,6.0,3.6,Regular Gasoline,18,25,21,427.0
43168,2021,Jeep,Grand Cherokee 4WD,Standard Sport Utility Vehicle 4WD,All-Wheel Drive,Automatic 8-spd,8.0,5.7,Midgrade Gasoline,14,22,17,533.0
43761,2021,Jeep,Grand Cherokee L 2WD,Standard Sport Utility Vehicle 2WD,Rear-Wheel Drive,Automatic 8-spd,6.0,3.6,Regular Gasoline,19,26,21,416.0
43762,2021,Jeep,Grand Cherokee L 4WD,Standard Sport Utility Vehicle 4WD,All-Wheel Drive,Automatic 8-spd,6.0,3.6,Regular Gasoline,18,25,21,428.0
43968,2021,Jeep,Grand Cherokee L 4WD,Standard Sport Utility Vehicle 4WD,All-Wheel Drive,Automatic 8-spd,8.0,5.7,Midgrade Gasoline,14,22,17,533.0
43400,2021,Jeep,Grand Cherokee SRT 4WD,Standard Sport Utility Vehicle 4WD,All-Wheel Drive,Automatic 8-spd,8.0,6.4,Premium Gasoline,13,19,15,592.0
43661,2021,Jeep,Grand Cherokee Trackhawk 4WD,Standard Sport Utility Vehicle 4WD,All-Wheel Drive,Automatic 8-spd,8.0,6.2,Premium Gasoline,11,17,13,664.0
43121,2021,Jeep,Renegade 2WD,Small Sport Utility Vehicle 2WD,Front-Wheel Drive,Automatic 9-spd,4.0,1.3,Regular Gasoline,24,32,27,329.0
43122,2021,Jeep,Renegade 2WD,Small Sport Utility Vehicle 2WD,Front-Wheel Drive,Automatic 9-spd,4.0,2.4,Regular Gasoline,22,30,25,357.0
43131,2021,Jeep,Renegade 4WD,Small Sport Utility Vehicle 4WD,All-Wheel Drive,Automatic 9-spd,4.0,2.4,Regular Gasoline,21,29,24,371.0
43398,2021,Jeep,Renegade 4WD,Small Sport Utility Vehicle 4WD,All-Wheel Drive,Automatic 9-spd,4.0,1.3,Regular Gasoline,23,29,26,307.0
43162,2021,Jeep,Renegade Trailhawk 4WD,Small Sport Utility Vehicle 4WD,All-Wheel Drive,Automatic 9-spd,4.0,1.3,Regular Gasoline,22,27,24,372.0
42907,2021,Jeep,Wrangler 2dr 4WD,Small Sport Utility Vehicle 4WD,4-Wheel Drive,Automatic 8-spd,4.0,2.0,Regular Gasoline,22,24,23,388.0
42910,2021,Jeep,Wrangler 2dr 4WD,Small Sport Utility Vehicle 4WD,4-Wheel Drive,Manual 6-spd,6.0,3.6,Regular Gasoline,17,25,20,446.0
44091,2021,Jeep,Wrangler 2dr 4WD,Small Sport Utility Vehicle 4WD,4-Wheel Drive,Automatic 8-spd,6.0,3.6,Regular Gasoline,18,23,20,440.0
42909,2021,Jeep,Wrangler 4dr 4WD,Small Sport Utility Vehicle 4WD,4-Wheel Drive,Automatic 8-spd,4.0,2.0,Regular Gasoline,21,24,22,404.0
42911,2021,Jeep,Wrangler 4dr 4WD,Small Sport Utility Vehicle 4WD,4-Wheel Drive,Manual 6-spd,6.0,3.6,Regular Gasoline,17,23,19,459.0
43682,2021,Jeep,Wrangler 4dr 4WD,Small Sport Utility Vehicle 4WD,4-Wheel Drive,Automatic 8-spd,8.0,6.4,Premium Gasoline,13,17,14,623.0
44092,2021,Jeep,Wrangler 4dr 4WD,Small Sport Utility Vehicle 4WD,4-Wheel Drive,Automatic 8-spd,6.0,3.6,Regular Gasoline,18,22,20,451.0
42781,2021,Kia,Forte,Midsize Cars,Front-Wheel Drive,Automatic (AM-S7),4.0,1.6,Regular Gasoline,27,35,30,296.0
42782,2021,Kia,Forte,Midsize Cars,Front-Wheel Drive,Manual 6-spd,4.0,1.6,Regular Gasoline,25,32,28,326.0
42784,2021,Kia,Forte,Midsize Cars,Front-Wheel Drive,Automatic (variable gear ratios),4.0,2.0,Regular Gasoline,29,40,33,270.0
42785,2021,Kia,Forte,Midsize Cars,Front-Wheel Drive,Manual 6-spd,4.0,2.0,Regular Gasoline,27,37,31,290.0
42783,2021,Kia,Forte FE,Midsize Cars,Front-Wheel Drive,Automatic (variable gear ratios),4.0,2.0,Regular Gasoline,31,41,35,256.0
42635,2021,Kia,K5,Large Cars,Front-Wheel Drive,Automatic (S8),4.0,1.6,Regular Gasoline,29,38,32,277.0
42636,2021,Kia,K5,Large Cars,Front-Wheel Drive,Automatic (S8),4.0,1.6,Regular Gasoline,27,37,31,291.0
43491,2021,Kia,K5,Large Cars,Front-Wheel Drive,Automatic (AM-S8),4.0,2.5,Regular Gasoline,24,32,27,332.0
43058,2021,Kia,K5 AWD,Large Cars,All-Wheel Drive,Automatic (S8),4.0,1.6,Regular Gasoline,26,34,29,312.0
43488,2021,Kia,Rio,Compact Cars,Front-Wheel Drive,Automatic (AV-S1),4.0,1.6,Regular Gasoline,33,41,36,249.0
42554,2021,Kia,Sedona,Minivan - 2WD,Front-Wheel Drive,Automatic (S8),6.0,3.3,Regular Gasoline,18,24,21,436.0
42429,2021,Kia,Seltos AWD,Small Sport Utility Vehicle 4WD,All-Wheel Drive,Automatic (AM-S7),4.0,1.6,Regular Gasoline,25,30,27,331.0
42430,2021,Kia,Seltos AWD,Small Sport Utility Vehicle 4WD,All-Wheel Drive,Automatic (AV-S8),4.0,2.0,Regular Gasoline,27,31,29,314.0
42428,2021,Kia,Seltos FWD,Small Sport Utility Vehicle 2WD,Front-Wheel Drive,Automatic (AV-S8),4.0,2.0,Regular Gasoline,29,34,31,285.0
43278,2021,Kia,Sorento AWD,Small Sport Utility Vehicle 4WD,All-Wheel Drive,Automatic (S8),4.0,2.5,Regular Gasoline,23,25,24,366.0
43279,2021,Kia,Sorento AWD,Small Sport Utility Vehicle 4WD,All-Wheel Drive,Automatic (AM-S8),4.0,2.5,Regular Gasoline,21,28,24,375.0
43272,2021,Kia,Sorento FWD,Small Sport Utility Vehicle 2WD,Front-Wheel Drive,Automatic (S8),4.0,2.5,Regular Gasoline,24,29,26,342.0
43273,2021,Kia,Sorento FWD,Small Sport Utility Vehicle 2WD,Front-Wheel Drive,Automatic (AM-S8),4.0,2.5,Regular Gasoline,22,29,25,360.0
42496,2021,Kia,Soul,Small Station Wagons,Front-Wheel Drive,Automatic (variable gear ratios),4.0,2.0,Regular Gasoline,28,33,30,302.0
42498,2021,Kia,Soul,Small Station Wagons,Front-Wheel Drive,Manual 6-spd,4.0,2.0,Regular Gasoline,25,31,27,332.0
42499,2021,Kia,Soul,Small Station Wagons,Front-Wheel Drive,Automatic (AM-S7),4.0,1.6,Regular Gasoline,27,32,29,309.0
42497,2021,Kia,Soul Eco dynamics,Small Station Wagons,Front-Wheel Drive,Automatic (variable gear ratios),4.0,2.0,Regular Gasoline,29,35,31,287.0
42603,2021,Kia,Sportage AWD,Small Sport Utility Vehicle 4WD,All-Wheel Drive,Automatic (S6),4.0,2.0,Regular Gasoline,19,24,21,421.0
42604,2021,Kia,Sportage AWD,Small Sport Utility Vehicle 4WD,All-Wheel Drive,Automatic (S6),4.0,2.4,Regular Gasoline,21,25,23,390.0
42595,2021,Kia,Sportage FWD,Small Sport Utility Vehicle 2WD,Front-Wheel Drive,Automatic (S6),4.0,2.0,Regular Gasoline,20,28,23,392.0
42596,2021,Kia,Sportage FWD,Small Sport Utility Vehicle 2WD,Front-Wheel Drive,Automatic (S6),4.0,2.4,Regular Gasoline,23,30,26,349.0
42777,2021,Kia,Stinger AWD,Midsize Cars,All-Wheel Drive,Automatic (S8),4.0,2.0,Premium Gasoline,21,29,24,368.0
42779,2021,Kia,Stinger AWD,Midsize Cars,All-Wheel Drive,Automatic (S8),6.0,3.3,Premium Gasoline,17,25,20,449.0
42778,2021,Kia,Stinger RWD,Midsize Cars,Rear-Wheel Drive,Automatic (S8),4.0,2.0,Premium Gasoline,22,29,25,365.0
42780,2021,Kia,Stinger RWD,Midsize Cars,Rear-Wheel Drive,Automatic (S8),6.0,3.3,Premium Gasoline,17,25,20,446.0
42668,2021,Kia,Telluride AWD,Small Sport Utility Vehicle 4WD,All-Wheel Drive,Automatic (S8),6.0,3.8,Regular Gasoline,19,24,21,428.0
42664,2021,Kia,Telluride FWD,Small Sport Utility Vehicle 2WD,Front-Wheel Drive,Automatic (S8),6.0,3.8,Regular Gasoline,20,26,23,395.0
43485,2021,Lamborghini,Aventador Coupe,Two Seaters,All-Wheel Drive,Automatic (AM-S7),12.0,6.5,Premium Gasoline,8,15,10,852.0
43486,2021,Lamborghini,Aventador Roadster,Two Seaters,All-Wheel Drive,Automatic (AM-S7),12.0,6.5,Premium Gasoline,9,15,10,839.0
43757,2021,Lamborghini,Aventador Sian Coupe,Two Seaters,All-Wheel Drive,Automatic (AM-S7),12.0,6.5,Premium Gasoline,8,14,10,867.0
43758,2021,Lamborghini,Aventador Sian Roadster,Two Seaters,All-Wheel Drive,Automatic (AM-S7),12.0,6.5,Premium Gasoline,8,14,10,867.0
42765,2021,Lamborghini,Huracan,Two Seaters,All-Wheel Drive,Automatic (AM-S7),10.0,5.2,Premium Gasoline,13,18,15,597.0
42767,2021,Lamborghini,Huracan 2WD,Two Seaters,Rear-Wheel Drive,Automatic (AM-S7),10.0,5.2,Premium Gasoline,13,18,15,596.0
42766,2021,Lamborghini,Huracan Spyder,Two Seaters,All-Wheel Drive,Automatic (AM-S7),10.0,5.2,Premium Gasoline,13,18,15,597.0
42768,2021,Lamborghini,Huracan Spyder 2WD,Two Seaters,Rear-Wheel Drive,Automatic (AM-S7),10.0,5.2,Premium Gasoline,13,18,15,596.0
43030,2021,Lamborghini,Urus,Standard Sport Utility Vehicle 4WD,All-Wheel Drive,Automatic (S8),8.0,4.0,Premium Gasoline,12,17,14,617.0
43638,2021,Land Rover,Defender 110,Standard Sport Utility Vehicle 4WD,4-Wheel Drive,Automatic (S8),4.0,2.0,Premium Gasoline,17,20,18,492.0
43639,2021,Land Rover,Defender 90,Standard Sport Utility Vehicle 4WD,4-Wheel Drive,Automatic (S8),4.0,2.0,Premium Gasoline,18,21,19,466.0
43693,2021,Land Rover,Discovery,Standard Sport Utility Vehicle 4WD,4-Wheel Drive,Automatic (S8),4.0,2.0,Premium Gasoline,19,22,21,436.0
43546,2021,Land Rover,Discovery Sport,Small Sport Utility Vehicle 4WD,All-Wheel Drive,Automatic (S9),4.0,2.0,Premium Gasoline,19,23,20,437.0
43545,2021,Land Rover,Evoque,Small Sport Utility Vehicle 4WD,All-Wheel Drive,Automatic (S9),4.0,2.0,Premium Gasoline,20,27,22,398.0
42641,2021,Land Rover,Range Rover,Standard Sport Utility Vehicle 4WD,4-Wheel Drive,Automatic (S8),8.0,5.0,Premium Gasoline,16,21,18,491.0
42642,2021,Land Rover,Range Rover LWB,Standard Sport Utility Vehicle 4WD,4-Wheel Drive,Automatic (S8),8.0,5.0,Premium Gasoline,16,21,18,491.0
42644,2021,Land Rover,Range Rover LWB SVA,Standard Sport Utility Vehicle 4WD,4-Wheel Drive,Automatic (S8),8.0,5.0,Premium Gasoline,13,19,15,587.0
42643,2021,Land Rover,Range Rover SVA,Standard Sport Utility Vehicle 4WD,4-Wheel Drive,Automatic (S8),8.0,5.0,Premium Gasoline,14,19,16,569.0
42645,2021,Land Rover,Range Rover Sport,Standard Sport Utility Vehicle 4WD,4-Wheel Drive,Automatic (S8),8.0,5.0,Premium Gasoline,17,22,19,472.0
42646,2021,Land Rover,Range Rover Sport SVR,Standard Sport Utility Vehicle 4WD,4-Wheel Drive,Automatic (S8),8.0,5.0,Premium Gasoline,15,20,16,540.0
43071,2021,Land Rover,Range Rover Velar,Small Sport Utility Vehicle 4WD,All-Wheel Drive,Automatic (S8),8.0,5.0,Premium Gasoline,15,20,17,511.0
44843,2021,Land Rover,Range Rover Velar,Small Sport Utility Vehicle 4WD,All-Wheel Drive,Automatic (S8),4.0,2.0,Premium Gasoline,20,26,23,393.0
43079,2021,Lexus,ES 250 AWD,Midsize Cars,All-Wheel Drive,Automatic (S8),4.0,2.5,Regular Gasoline,25,34,28,315.0
43076,2021,Lexus,ES 350,Midsize Cars,Front-Wheel Drive,Automatic (S8),6.0,3.5,Regular Gasoline,22,32,26,346.0
43077,2021,Lexus,ES 350 F Sport,Midsize Cars,Front-Wheel Drive,Automatic (S8),6.0,3.5,Regular Gasoline,22,31,25,352.0
42978,2021,Lexus,GX 460,Standard Sport Utility Vehicle 4WD,4-Wheel Drive,Automatic (S6),8.0,4.6,Premium Gasoline,15,19,16,542.0
43346,2021,Lexus,IS 300,Compact Cars,Rear-Wheel Drive,Automatic (S8),4.0,2.0,Premium Gasoline,21,31,25,357.0
43343,2021,Lexus,IS 300 AWD,Compact Cars,All-Wheel Drive,Automatic (S6),6.0,3.5,Premium Gasoline,19,26,22,407.0
43344,2021,Lexus,IS 350,Compact Cars,Rear-Wheel Drive,Automatic (S8),6.0,3.5,Premium Gasoline,20,28,23,385.0
43345,2021,Lexus,IS 350 AWD,Compact Cars,All-Wheel Drive,Automatic (S6),6.0,3.5,Premium Gasoline,19,26,22,407.0
42592,2021,Lexus,LC 500,Subcompact Cars,Rear-Wheel Drive,Automatic (S10),8.0,5.0,Premium Gasoline,16,25,19,473.0
42795,2021,Lexus,LC 500 Convertible,Minicompact Cars,Rear-Wheel Drive,Automatic (S10),8.0,5.0,Premium Gasoline,15,25,18,489.0
43489,2021,Lexus,LS 500,Midsize Cars,Rear-Wheel Drive,Automatic (S10),6.0,3.4,Premium Gasoline,18,29,22,399.0
43490,2021,Lexus,LS 500 AWD,Midsize Cars,All-Wheel Drive,Automatic (S10),6.0,3.4,Premium Gasoline,17,27,21,432.0
43031,2021,Lexus,LX 570,Standard Sport Utility Vehicle 4WD,4-Wheel Drive,Automatic (S8),8.0,5.7,Premium Gasoline,12,16,14,636.0
42851,2021,Lexus,NX 300,Small Sport Utility Vehicle 2WD,Front-Wheel Drive,Automatic (S6),4.0,2.0,Premium Gasoline,22,28,25,359.0
42855,2021,Lexus,NX 300 AWD,Small Sport Utility Vehicle 4WD,All-Wheel Drive,Automatic (S6),4.0,2.0,Premium Gasoline,22,28,24,361.0
42856,2021,Lexus,NX 300 AWD F Sport,Small Sport Utility Vehicle 4WD,All-Wheel Drive,Automatic (S6),4.0,2.0,Premium Gasoline,22,27,24,374.0
43233,2021,Lexus,RC 300,Subcompact Cars,Rear-Wheel Drive,Automatic (S8),4.0,2.0,Premium Gasoline,21,31,25,357.0
43230,2021,Lexus,RC 300 AWD,Subcompact Cars,All-Wheel Drive,Automatic (S6),6.0,3.5,Premium Gasoline,19,26,22,407.0
43231,2021,Lexus,RC 350,Subcompact Cars,Rear-Wheel Drive,Automatic (S8),6.0,3.5,Premium Gasoline,20,28,23,385.0
43232,2021,Lexus,RC 350 AWD,Subcompact Cars,All-Wheel Drive,Automatic (S6),6.0,3.5,Premium Gasoline,19,26,22,407.0
43234,2021,Lexus,RC F,Subcompact Cars,Rear-Wheel Drive,Automatic (S8),8.0,5.0,Premium Gasoline,16,24,19,459.0
43124,2021,Lexus,RX 350,Small Sport Utility Vehicle 2WD,Front-Wheel Drive,Automatic (S8),6.0,3.5,Regular Gasoline,20,27,23,391.0
43132,2021,Lexus,RX 350 AWD,Small Sport Utility Vehicle 4WD,All-Wheel Drive,Automatic (S8),6.0,3.5,Regular Gasoline,19,26,22,405.0
42958,2021,Lexus,RX 350 L,Small Sport Utility Vehicle 2WD,Front-Wheel Drive,Automatic (S8),6.0,3.5,Regular Gasoline,19,26,22,407.0
42967,2021,Lexus,RX 350 L AWD,Small Sport Utility Vehicle 4WD,All-Wheel Drive,Automatic (S8),6.0,3.5,Regular Gasoline,18,25,21,432.0
43389,2021,Lexus,UX 200,Midsize Cars,Front-Wheel Drive,Automatic (AV-S10),4.0,2.0,Regular Gasoline,29,37,32,271.0
43293,2021,Lincoln,Aviator AWD,Standard Sport Utility Vehicle 4WD,Part-time 4-Wheel Drive,Automatic (S10),6.0,3.0,Regular Gasoline,17,24,20,445.0
43286,2021,Lincoln,Aviator RWD,Standard Sport Utility Vehicle 2WD,Rear-Wheel Drive,Automatic (S10),6.0,3.0,Regular Gasoline,18,26,21,431.0
43317,2021,Lincoln,Corsair AWD,Small Sport Utility Vehicle 4WD,All-Wheel Drive,Automatic (S8),4.0,2.0,Regular Gasoline,21,29,24,369.0
43318,2021,Lincoln,Corsair AWD,Small Sport Utility Vehicle 4WD,All-Wheel Drive,Automatic (S8),4.0,2.3,Regular Gasoline,21,28,24,373.0
43316,2021,Lincoln,Corsair FWD,Small Sport Utility Vehicle 2WD,Front-Wheel Drive,Automatic (S8),4.0,2.0,Regular Gasoline,22,29,25,361.0
43717,2021,Lincoln,Nautilus AWD,Small Sport Utility Vehicle 4WD,All-Wheel Drive,Automatic (S8),4.0,2.0,Regular Gasoline,20,25,22,404.0
43718,2021,Lincoln,Nautilus AWD,Small Sport Utility Vehicle 4WD,All-Wheel Drive,Automatic (S8),6.0,2.7,Regular Gasoline,19,25,21,423.0
43719,2021,Lincoln,Nautilus AWD,Small Sport Utility Vehicle 4WD,All-Wheel Drive,Automatic 8-spd,4.0,2.0,Regular Gasoline,20,25,22,404.0
43712,2021,Lincoln,Nautilus FWD,Small Sport Utility Vehicle 2WD,Front-Wheel Drive,Automatic (S8),4.0,2.0,Regular Gasoline,21,26,23,387.0
43713,2021,Lincoln,Nautilus FWD,Small Sport Utility Vehicle 2WD,Front-Wheel Drive,Automatic 8-spd,4.0,2.0,Regular Gasoline,21,26,23,384.0
43591,2021,Lincoln,Navigator 2WD,Standard Sport Utility Vehicle 2WD,Rear-Wheel Drive,Automatic (S10),6.0,3.5,Regular Gasoline,16,22,18,486.0
43601,2021,Lincoln,Navigator 4WD,Standard Sport Utility Vehicle 4WD,Part-time 4-Wheel Drive,Automatic (S10),6.0,3.5,Regular Gasoline,16,20,17,508.0
43592,2021,Lincoln,Navigator L 2WD,Standard Sport Utility Vehicle 2WD,Rear-Wheel Drive,Automatic (S10),6.0,3.5,Regular Gasoline,16,21,18,494.0
43426,2021,Lotus,Evora GT,Minicompact Cars,Rear-Wheel Drive,Manual 6-spd,6.0,3.5,Premium Gasoline,17,26,20,441.0
43427,2021,Lotus,Evora GT,Minicompact Cars,Rear-Wheel Drive,Automatic (S6),6.0,3.5,Premium Gasoline,17,24,20,438.0
42526,2021,MINI,Cooper Convertible,Minicompact Cars,Front-Wheel Drive,Automatic (AM-S7),3.0,1.5,Premium Gasoline,28,37,31,280.0
42718,2021,MINI,Cooper Convertible,Minicompact Cars,Front-Wheel Drive,Manual 6-spd,3.0,1.5,Premium Gasoline,26,37,30,292.0
42823,2021,MINI,Cooper Countryman,Midsize Cars,Front-Wheel Drive,Automatic (AM-S7),3.0,1.5,Premium Gasoline,26,33,29,306.0
42824,2021,MINI,Cooper Countryman All4,Midsize Cars,All-Wheel Drive,Automatic (S8),3.0,1.5,Premium Gasoline,23,32,27,330.0
42530,2021,MINI,Cooper Hardtop 2 door,Subcompact Cars,Front-Wheel Drive,Automatic (AM-S7),3.0,1.5,Premium Gasoline,28,37,31,280.0
42719,2021,MINI,Cooper Hardtop 2 door,Subcompact Cars,Front-Wheel Drive,Manual 6-spd,3.0,1.5,Premium Gasoline,26,37,30,292.0
42531,2021,MINI,Cooper Hardtop 4 door,Subcompact Cars,Front-Wheel Drive,Automatic (AM-S7),3.0,1.5,Premium Gasoline,28,37,31,280.0
42720,2021,MINI,Cooper Hardtop 4 door,Subcompact Cars,Front-Wheel Drive,Manual 6-spd,3.0,1.5,Premium Gasoline,26,37,30,292.0
42825,2021,MINI,Cooper S Clubman,Midsize Cars,Front-Wheel Drive,Manual 6-spd,4.0,2.0,Premium Gasoline,22,32,26,343.0
42892,2021,MINI,Cooper S Clubman,Midsize Cars,Front-Wheel Drive,Automatic (AM-S7),4.0,2.0,Premium Gasoline,25,35,29,304.0
42828,2021,MINI,Cooper S Clubman All4,Midsize Cars,All-Wheel Drive,Automatic (S8),4.0,2.0,Premium Gasoline,23,32,26,333.0
42527,2021,MINI,Cooper S Convertible,Minicompact Cars,Front-Wheel Drive,Automatic (AM-S7),4.0,2.0,Premium Gasoline,26,34,29,307.0
42528,2021,MINI,Cooper S Convertible,Minicompact Cars,Front-Wheel Drive,Manual 6-spd,4.0,2.0,Premium Gasoline,23,32,26,336.0
42826,2021,MINI,Cooper S Countryman,Midsize Cars,Front-Wheel Drive,Automatic (AM-S7),4.0,2.0,Premium Gasoline,24,33,28,321.0
42827,2021,MINI,Cooper S Countryman All4,Midsize Cars,All-Wheel Drive,Automatic (S8),4.0,2.0,Premium Gasoline,23,31,26,341.0
42532,2021,MINI,Cooper S Hardtop 2 door,Subcompact Cars,Front-Wheel Drive,Manual 6-spd,4.0,2.0,Premium Gasoline,23,33,27,329.0
42565,2021,MINI,Cooper S Hardtop 2 door,Subcompact Cars,Front-Wheel Drive,Automatic (AM-S7),4.0,2.0,Premium Gasoline,26,35,30,299.0
42533,2021,MINI,Cooper S Hardtop 4 door,Subcompact Cars,Front-Wheel Drive,Manual 6-spd,4.0,2.0,Premium Gasoline,23,33,27,329.0
42566,2021,MINI,Cooper S Hardtop 4 door,Subcompact Cars,Front-Wheel Drive,Automatic (AM-S7),4.0,2.0,Premium Gasoline,26,35,30,299.0
42830,2021,MINI,JCW Countryman All4,Midsize Cars,All-Wheel Drive,Automatic (S8),4.0,2.0,Premium Gasoline,23,30,26,343.0
42829,2021,MINI,John Cooper Works Clubman All4,Midsize Cars,All-Wheel Drive,Automatic (S8),4.0,2.0,Premium Gasoline,23,31,26,339.0
42529,2021,MINI,John Cooper Works Convertible,Minicompact Cars,Front-Wheel Drive,Automatic (S8),4.0,2.0,Premium Gasoline,25,33,28,313.0
42536,2021,MINI,John Cooper Works GP,Subcompact Cars,Front-Wheel Drive,Automatic (S8),4.0,2.0,Premium Gasoline,24,30,26,334.0
42534,2021,MINI,John Cooper Works Hardtop,Subcompact Cars,Front-Wheel Drive,Automatic (S8),4.0,2.0,Premium Gasoline,26,34,29,305.0
42535,2021,MINI,John Cooper Works Hardtop,Subcompact Cars,Front-Wheel Drive,Manual 6-spd,4.0,2.0,Premium Gasoline,23,33,27,329.0
43179,2021,Maserati,Ghibli,Midsize Cars,Rear-Wheel Drive,Automatic 8-spd,6.0,3.0,Premium Gasoline,17,25,20,446.0
43180,2021,Maserati,Ghibli S,Midsize Cars,Rear-Wheel Drive,Automatic 8-spd,6.0,3.0,Premium Gasoline,17,25,20,446.0
43178,2021,Maserati,Ghibli SQ4,Midsize Cars,All-Wheel Drive,Automatic 8-spd,6.0,3.0,Premium Gasoline,16,24,19,472.0
43177,2021,Maserati,Ghibli Trofeo,Midsize Cars,Rear-Wheel Drive,Automatic 8-spd,8.0,3.8,Premium Gasoline,13,20,16,560.0
43209,2021,Maserati,Levante,Standard Sport Utility Vehicle 4WD,All-Wheel Drive,Automatic 8-spd,6.0,3.0,Premium Gasoline,16,22,18,495.0
43210,2021,Maserati,Levante GTS,Standard Sport Utility Vehicle 4WD,All-Wheel Drive,Automatic 8-spd,8.0,3.8,Premium Gasoline,13,20,16,562.0
43208,2021,Maserati,Levante S,Standard Sport Utility Vehicle 4WD,All-Wheel Drive,Automatic 8-spd,6.0,3.0,Premium Gasoline,16,22,18,495.0
43211,2021,Maserati,Levante Trofeo,Standard Sport Utility Vehicle 4WD,All-Wheel Drive,Automatic 8-spd,8.0,3.8,Premium Gasoline,13,20,16,562.0
43184,2021,Maserati,Quattroporte S,Large Cars,Rear-Wheel Drive,Automatic 8-spd,6.0,3.0,Premium Gasoline,16,24,19,468.0
43183,2021,Maserati,Quattroporte SQ4,Large Cars,All-Wheel Drive,Automatic 8-spd,6.0,3.0,Premium Gasoline,16,24,19,472.0
43182,2021,Maserati,Quattroporte Trofeo,Large Cars,Rear-Wheel Drive,Automatic 8-spd,8.0,3.8,Premium Gasoline,13,20,16,560.0
43074,2021,Mazda,2,Compact Cars,Front-Wheel Drive,Manual 6-spd,4.0,1.5,Regular Gasoline,30,39,34,264.0
43075,2021,Mazda,2,Compact Cars,Front-Wheel Drive,Automatic (S6),4.0,1.5,Regular Gasoline,32,40,35,253.0
43042,2021,Mazda,3 4-Door 2WD,Compact Cars,Front-Wheel Drive,Automatic (S6),4.0,2.0,Regular Gasoline,28,36,31,287.0
43043,2021,Mazda,3 4-Door 2WD,Compact Cars,Front-Wheel Drive,Automatic (S6),4.0,2.5,Regular Gasoline,26,35,30,299.0
43153,2021,Mazda,3 4-Door 2WD,Compact Cars,Front-Wheel Drive,Automatic (S6),4.0,2.5,Regular Gasoline,26,35,30,303.0
43044,2021,Mazda,3 4-Door 4WD,Compact Cars,4-Wheel Drive,Automatic (S6),4.0,2.5,Regular Gasoline,25,33,28,320.0
43154,2021,Mazda,3 4-Door 4WD,Compact Cars,4-Wheel Drive,Automatic (S6),4.0,2.5,Regular Gasoline,25,33,28,313.0
43347,2021,Mazda,3 4-Door 4WD,Compact Cars,4-Wheel Drive,Automatic (S6),4.0,2.5,Regular Gasoline,23,32,27,334.0
43052,2021,Mazda,3 5-Door 2WD,Midsize Cars,Front-Wheel Drive,Manual 6-spd,4.0,2.5,Regular Gasoline,24,33,27,323.0
43053,2021,Mazda,3 5-Door 2WD,Midsize Cars,Front-Wheel Drive,Automatic (S6),4.0,2.5,Regular Gasoline,26,34,29,304.0
43054,2021,Mazda,3 5-Door 4WD,Midsize Cars,4-Wheel Drive,Automatic (S6),4.0,2.5,Regular Gasoline,25,31,27,326.0
43359,2021,Mazda,3 5-Door 4WD,Midsize Cars,4-Wheel Drive,Automatic (S6),4.0,2.5,Regular Gasoline,23,31,26,337.0
43300,2021,Mazda,6,Midsize Cars,Front-Wheel Drive,Automatic (S6),4.0,2.5,Regular Gasoline,26,35,29,302.0
43301,2021,Mazda,6,Midsize Cars,Front-Wheel Drive,Automatic (S6),4.0,2.5,Regular Gasoline,23,31,26,335.0
43040,2021,Mazda,CX-3 2WD,Compact Cars,Front-Wheel Drive,Automatic (S6),4.0,2.0,Regular Gasoline,29,34,31,289.0
43041,2021,Mazda,CX-3 4WD,Compact Cars,4-Wheel Drive,Automatic (S6),4.0,2.0,Regular Gasoline,27,32,29,303.0
42852,2021,Mazda,CX-30 2WD,Small Sport Utility Vehicle 2WD,Front-Wheel Drive,Automatic (S6),4.0,2.5,Regular Gasoline,25,33,28,313.0
43159,2021,Mazda,CX-30 2WD,Small Sport Utility Vehicle 2WD,Front-Wheel Drive,Automatic (S6),4.0,2.5,Regular Gasoline,25,33,28,319.0
42857,2021,Mazda,CX-30 4WD,Small Sport Utility Vehicle 4WD,4-Wheel Drive,Automatic (S6),4.0,2.5,Regular Gasoline,24,31,26,334.0
43163,2021,Mazda,CX-30 4WD,Small Sport Utility Vehicle 4WD,4-Wheel Drive,Automatic (S6),4.0,2.5,Regular Gasoline,24,31,26,341.0
43578,2021,Mazda,CX-30 4WD,Small Sport Utility Vehicle 4WD,4-Wheel Drive,Automatic (S6),4.0,2.5,Regular Gasoline,22,30,25,353.0
43125,2021,Mazda,CX-5 2WD,Small Sport Utility Vehicle 2WD,Front-Wheel Drive,Automatic (S6),4.0,2.5,Regular Gasoline,25,31,28,322.0
43126,2021,Mazda,CX-5 2WD,Small Sport Utility Vehicle 2WD,Front-Wheel Drive,Automatic (S6),4.0,2.5,Regular Gasoline,23,28,25,355.0
43133,2021,Mazda,CX-5 4WD,Small Sport Utility Vehicle 4WD,4-Wheel Drive,Automatic (S6),4.0,2.5,Regular Gasoline,24,30,26,337.0
43134,2021,Mazda,CX-5 4WD,Small Sport Utility Vehicle 4WD,4-Wheel Drive,Automatic (S6),4.0,2.5,Regular Gasoline,22,27,24,370.0
43127,2021,Mazda,CX-9 2WD,Small Sport Utility Vehicle 2WD,Front-Wheel Drive,Automatic (S6),4.0,2.5,Regular Gasoline,22,28,24,363.0
43135,2021,Mazda,CX-9 4WD,Small Sport Utility Vehicle 4WD,4-Wheel Drive,Automatic (S6),4.0,2.5,Regular Gasoline,20,26,23,391.0
43625,2021,Mazda,MX-5,Two Seaters,Rear-Wheel Drive,Manual 6-spd,4.0,2.0,Premium Gasoline,26,34,29,305.0
43626,2021,Mazda,MX-5,Two Seaters,Rear-Wheel Drive,Automatic (S6),4.0,2.0,Premium Gasoline,26,35,30,299.0
44687,2021,McLaren Automotive,720S Coupe,Two Seaters,Rear-Wheel Drive,Automatic (AM-S7),8.0,4.0,Premium Gasoline,15,22,18,505.0
44689,2021,McLaren Automotive,720S Coupe LM,Two Seaters,Rear-Wheel Drive,Automatic (AM-S7),8.0,4.0,Premium Gasoline,15,22,18,505.0
44688,2021,McLaren Automotive,720S Spider,Two Seaters,Rear-Wheel Drive,Automatic (AM-S7),8.0,4.0,Premium Gasoline,15,22,18,505.0
44885,2021,McLaren Automotive,765LT Coupe,Two Seaters,Rear-Wheel Drive,Automatic (AM-S7),8.0,4.0,Premium Gasoline,14,18,16,565.0
44690,2021,McLaren Automotive,Elva,Two Seaters,Rear-Wheel Drive,Automatic (AM-S7),8.0,4.0,Premium Gasoline,15,21,18,501.0
44686,2021,McLaren Automotive,GT,Two Seaters,Rear-Wheel Drive,Automatic (AM-S7),8.0,4.0,Premium Gasoline,15,22,18,504.0
43037,2021,Mercedes-Benz,A220,Subcompact Cars,Front-Wheel Drive,Automatic (AM7),4.0,2.0,Premium Gasoline,25,36,29,309.0
43036,2021,Mercedes-Benz,A220 4matic,Subcompact Cars,4-Wheel Drive,Automatic (AM7),4.0,2.0,Premium Gasoline,25,34,28,316.0
43148,2021,Mercedes-Benz,AMG A35 4matic,Subcompact Cars,4-Wheel Drive,Automatic (AM7),4.0,2.0,Premium Gasoline,22,29,25,360.0
43535,2021,Mercedes-Benz,AMG C43 4matic,Compact Cars,4-Wheel Drive,Automatic 9-spd,6.0,3.0,Premium Gasoline,18,27,21,428.0
43528,2021,Mercedes-Benz,AMG C43 4matic Convertible,Subcompact Cars,4-Wheel Drive,Automatic 9-spd,6.0,3.0,Premium Gasoline,19,27,22,404.0
43527,2021,Mercedes-Benz,AMG C43 4matic Coupe,Subcompact Cars,4-Wheel Drive,Automatic 9-spd,6.0,3.0,Premium Gasoline,19,27,22,409.0
43531,2021,Mercedes-Benz,AMG C63,Compact Cars,Rear-Wheel Drive,Automatic 9-spd,8.0,4.0,Premium Gasoline,17,26,21,433.0
43524,2021,Mercedes-Benz,AMG C63 Convertible,Subcompact Cars,Rear-Wheel Drive,Automatic 9-spd,8.0,4.0,Premium Gasoline,17,25,20,452.0
43526,2021,Mercedes-Benz,AMG C63 Coupe,Subcompact Cars,Rear-Wheel Drive,Automatic 9-spd,8.0,4.0,Premium Gasoline,17,26,20,440.0
43532,2021,Mercedes-Benz,AMG C63 S,Compact Cars,Rear-Wheel Drive,Automatic 9-spd,8.0,4.0,Premium Gasoline,17,26,21,433.0
43523,2021,Mercedes-Benz,AMG C63 S Convertible,Subcompact Cars,Rear-Wheel Drive,Automatic 9-spd,8.0,4.0,Premium Gasoline,17,25,20,452.0
43525,2021,Mercedes-Benz,AMG C63 S Coupe,Subcompact Cars,Rear-Wheel Drive,Automatic 9-spd,8.0,4.0,Premium Gasoline,17,26,20,440.0
42929,2021,Mercedes-Benz,AMG CLA35 4matic,Compact Cars,4-Wheel Drive,Automatic (AM7),4.0,2.0,Premium Gasoline,22,29,25,360.0
43564,2021,Mercedes-Benz,AMG CLA45 4matic,Compact Cars,4-Wheel Drive,Automatic (AM8),4.0,2.0,Premium Gasoline,20,29,23,390.0
43537,2021,Mercedes-Benz,AMG E63 S 4matic Plus,Midsize Cars,4-Wheel Drive,Automatic 9-spd,8.0,4.0,Premium Gasoline,16,23,18,484.0
43541,2021,Mercedes-Benz,AMG E63 S 4matic Plus (SW),Midsize Station Wagons,4-Wheel Drive,Automatic 9-spd,8.0,4.0,Premium Gasoline,16,23,18,483.0
43556,2021,Mercedes-Benz,AMG G63,Standard Sport Utility Vehicle 4WD,4-Wheel Drive,Automatic 9-spd,8.0,4.0,Premium Gasoline,13,16,14,637.0
43059,2021,Mercedes-Benz,AMG GLA35 4matic,Small Station Wagons,4-Wheel Drive,Automatic (AM8),4.0,2.0,Premium Gasoline,23,29,25,353.0
43572,2021,Mercedes-Benz,AMG GLA45 4matic,Small Station Wagons,4-Wheel Drive,Automatic (AM8),4.0,2.0,Premium Gasoline,20,27,23,392.0
43573,2021,Mercedes-Benz,AMG GLB35 4matic,Midsize Station Wagons,4-Wheel Drive,Automatic (AM8),4.0,2.0,Premium Gasoline,21,26,23,381.0
43547,2021,Mercedes-Benz,AMG GLC43 4matic,Small Sport Utility Vehicle 4WD,4-Wheel Drive,Automatic 9-spd,6.0,3.0,Premium Gasoline,18,24,20,438.0
43548,2021,Mercedes-Benz,AMG GLC43 4matic Coupe,Small Sport Utility Vehicle 4WD,4-Wheel Drive,Automatic 9-spd,6.0,3.0,Premium Gasoline,17,24,20,445.0
43549,2021,Mercedes-Benz,AMG GLC63 4matic Plus,Small Sport Utility Vehicle 4WD,4-Wheel Drive,Automatic 9-spd,8.0,4.0,Premium Gasoline,15,22,17,513.0
43550,2021,Mercedes-Benz,AMG GLC63 4matic Plus Coupe,Small Sport Utility Vehicle 4WD,4-Wheel Drive,Automatic 9-spd,8.0,4.0,Premium Gasoline,15,22,17,512.0
43551,2021,Mercedes-Benz,AMG GLC63 S 4matic Plus Coupe,Small Sport Utility Vehicle 4WD,4-Wheel Drive,Automatic 9-spd,8.0,4.0,Premium Gasoline,15,22,17,512.0
43565,2021,Mercedes-Benz,AMG GT 63 4matic Plus,Compact Cars,4-Wheel Drive,Automatic 9-spd,8.0,4.0,Premium Gasoline,16,21,18,502.0
43536,2021,Mercedes-Benz,AMG GT 63 S 4matic Plus,Compact Cars,4-Wheel Drive,Automatic 9-spd,8.0,4.0,Premium Gasoline,16,21,18,502.0
43741,2021,Mercedes-Benz,AMG GT Black Series,Two Seaters,Rear-Wheel Drive,Automatic (AM7),8.0,4.0,Premium Gasoline,15,20,17,528.0
43519,2021,Mercedes-Benz,AMG GT C Coupe,Two Seaters,Rear-Wheel Drive,Automatic (AM7),8.0,4.0,Premium Gasoline,15,19,17,534.0
43522,2021,Mercedes-Benz,AMG GT C Roadster,Two Seaters,Rear-Wheel Drive,Automatic (AM7),8.0,4.0,Premium Gasoline,15,20,17,531.0
43518,2021,Mercedes-Benz,AMG GT Coupe,Two Seaters,Rear-Wheel Drive,Automatic (AM7),8.0,4.0,Premium Gasoline,15,20,17,527.0
43520,2021,Mercedes-Benz,AMG GT R Coupe,Two Seaters,Rear-Wheel Drive,Automatic (AM7),8.0,4.0,Premium Gasoline,14,20,16,545.0
43521,2021,Mercedes-Benz,AMG GT Roadster,Two Seaters,Rear-Wheel Drive,Automatic (AM7),8.0,4.0,Premium Gasoline,15,20,17,533.0
43530,2021,Mercedes-Benz,AMG S63 4matic Plus Convertible,Subcompact Cars,4-Wheel Drive,Automatic 9-spd,8.0,4.0,Premium Gasoline,14,24,17,510.0
43534,2021,Mercedes-Benz,AMG S63 4matic Plus Coupe,Compact Cars,4-Wheel Drive,Automatic 9-spd,8.0,4.0,Premium Gasoline,16,26,19,471.0
43515,2021,Mercedes-Benz,C300,Compact Cars,Rear-Wheel Drive,Automatic 9-spd,4.0,2.0,Premium Gasoline,23,35,27,324.0
43348,2021,Mercedes-Benz,C300 4matic,Compact Cars,4-Wheel Drive,Automatic 9-spd,4.0,2.0,Premium Gasoline,23,33,27,329.0
43334,2021,Mercedes-Benz,C300 4matic Convertible,Subcompact Cars,4-Wheel Drive,Automatic 9-spd,4.0,2.0,Premium Gasoline,22,30,25,359.0
43333,2021,Mercedes-Benz,C300 4matic Coupe,Subcompact Cars,4-Wheel Drive,Automatic 9-spd,4.0,2.0,Premium Gasoline,23,32,26,338.0
43335,2021,Mercedes-Benz,C300 Convertible,Subcompact Cars,Rear-Wheel Drive,Automatic 9-spd,4.0,2.0,Premium Gasoline,23,31,26,347.0
43332,2021,Mercedes-Benz,C300 Coupe,Subcompact Cars,Rear-Wheel Drive,Automatic 9-spd,4.0,2.0,Premium Gasoline,24,33,27,330.0
42931,2021,Mercedes-Benz,CLA250,Compact Cars,Front-Wheel Drive,Automatic (AM7),4.0,2.0,Premium Gasoline,25,35,29,306.0
42930,2021,Mercedes-Benz,CLA250 4matic,Compact Cars,4-Wheel Drive,Automatic (AM7),4.0,2.0,Premium Gasoline,24,33,27,324.0
43080,2021,Mercedes-Benz,E350,Midsize Cars,Rear-Wheel Drive,Automatic 9-spd,4.0,2.0,Premium Gasoline,22,31,25,349.0
43081,2021,Mercedes-Benz,E350 4matic,Midsize Cars,4-Wheel Drive,Automatic 9-spd,4.0,2.0,Premium Gasoline,22,30,25,355.0
43579,2021,Mercedes-Benz,G550,Standard Sport Utility Vehicle 4WD,4-Wheel Drive,Automatic 9-spd,8.0,4.0,Premium Gasoline,17,19,18,494.0
42728,2021,Mercedes-Benz,GLA250,Special Purpose Vehicle 2WD,Front-Wheel Drive,Automatic (AM8),4.0,2.0,Premium Gasoline,25,34,28,314.0
42730,2021,Mercedes-Benz,GLA250 4matic,Small Sport Utility Vehicle 4WD,4-Wheel Drive,Automatic (AM8),4.0,2.0,Premium Gasoline,24,33,27,327.0
42729,2021,Mercedes-Benz,GLB250,Special Purpose Vehicle 2WD,Front-Wheel Drive,Automatic (AM8),4.0,2.0,Premium Gasoline,23,31,26,337.0
43136,2021,Mercedes-Benz,GLB250 4matic,Small Sport Utility Vehicle 4WD,4-Wheel Drive,Automatic (AM8),4.0,2.0,Premium Gasoline,23,30,26,347.0
43274,2021,Mercedes-Benz,GLC300,Small Sport Utility Vehicle 2WD,Rear-Wheel Drive,Automatic 9-spd,4.0,2.0,Premium Gasoline,22,29,25,360.0
43280,2021,Mercedes-Benz,GLC300 4matic,Small Sport Utility Vehicle 4WD,4-Wheel Drive,Automatic 9-spd,4.0,2.0,Premium Gasoline,21,28,23,379.0
43281,2021,Mercedes-Benz,GLC300 4matic Coupe,Small Sport Utility Vehicle 4WD,4-Wheel Drive,Automatic 9-spd,4.0,2.0,Premium Gasoline,22,28,24,363.0
43021,2021,Mercedes-Benz,GLE350,Small Sport Utility Vehicle 4WD,Rear-Wheel Drive,Automatic 9-spd,4.0,2.0,Premium Gasoline,19,26,22,403.0
43022,2021,Mercedes-Benz,GLE350 4matic,Small Sport Utility Vehicle 4WD,4-Wheel Drive,Automatic 9-spd,4.0,2.0,Premium Gasoline,19,26,22,409.0
43620,2021,Mercedes-Benz,Metris (Cargo Van),Special Purpose Vehicle 2WD,Rear-Wheel Drive,Automatic 9-spd,4.0,2.0,Premium Gasoline,19,23,21,432.0
43621,2021,Mercedes-Benz,"Metris (Cargo Van, LWB)",Special Purpose Vehicle 2WD,Rear-Wheel Drive,Automatic 9-spd,4.0,2.0,Premium Gasoline,19,23,21,432.0
43619,2021,Mercedes-Benz,Metris (Passenger Van),Special Purpose Vehicle 2WD,Rear-Wheel Drive,Automatic 9-spd,4.0,2.0,Premium Gasoline,18,22,19,457.0
43533,2021,Mercedes-Benz,S560 4matic Coupe,Compact Cars,4-Wheel Drive,Automatic 9-spd,8.0,4.0,Premium Gasoline,16,26,20,454.0
43529,2021,Mercedes-Benz,S560 Convertible,Subcompact Cars,Rear-Wheel Drive,Automatic 9-spd,8.0,4.0,Premium Gasoline,16,26,20,454.0
43566,2021,Mitsubishi,Mirage,Compact Cars,Front-Wheel Drive,Manual 5-spd,3.0,1.2,Regular Gasoline,33,41,36,242.0
43567,2021,Mitsubishi,Mirage,Compact Cars,Front-Wheel Drive,Automatic (variable gear ratios),3.0,1.2,Regular Gasoline,36,43,39,225.0
43568,2021,Mitsubishi,Mirage G4,Compact Cars,Front-Wheel Drive,Manual 5-spd,3.0,1.2,Regular Gasoline,33,40,35,252.0
43569,2021,Mitsubishi,Mirage G4,Compact Cars,Front-Wheel Drive,Automatic (variable gear ratios),3.0,1.2,Regular Gasoline,35,41,37,238.0
43473,2021,Mitsubishi,Outlander Sport 2WD,Small Sport Utility Vehicle 2WD,Front-Wheel Drive,Automatic (AV-S6),4.0,2.0,Regular Gasoline,24,30,27,331.0
43474,2021,Mitsubishi,Outlander Sport 2WD,Small Sport Utility Vehicle 2WD,Front-Wheel Drive,Automatic (AV-S6),4.0,2.4,Regular Gasoline,23,29,25,354.0
43477,2021,Mitsubishi,Outlander Sport 4WD,Small Sport Utility Vehicle 4WD,4-Wheel Drive,Automatic (AV-S6),4.0,2.0,Regular Gasoline,23,29,26,344.0
43478,2021,Mitsubishi,Outlander Sport 4WD,Small Sport Utility Vehicle 4WD,4-Wheel Drive,Automatic (AV-S6),4.0,2.4,Regular Gasoline,23,28,25,353.0
43627,2021,Nissan,370Z,Two Seaters,Rear-Wheel Drive,Manual 6-spd,6.0,3.7,Premium Gasoline,17,26,20,445.0
43390,2021,Nissan,Altima,Midsize Cars,Front-Wheel Drive,Automatic (variable gear ratios),4.0,2.5,Regular Gasoline,28,39,32,281.0
43392,2021,Nissan,Altima AWD,Midsize Cars,All-Wheel Drive,Automatic (variable gear ratios),4.0,2.5,Regular Gasoline,26,35,29,295.0
43393,2021,Nissan,Altima AWD SR/Platinum,Midsize Cars,All-Wheel Drive,Automatic (variable gear ratios),4.0,2.5,Regular Gasoline,25,34,29,309.0
43391,2021,Nissan,Altima SR,Midsize Cars,Front-Wheel Drive,Automatic (variable gear ratios),4.0,2.5,Regular Gasoline,27,37,31,290.0
43395,2021,Nissan,Altima SR/Platinum,Midsize Cars,Front-Wheel Drive,Automatic (variable gear ratios),4.0,2.0,Regular Gasoline,25,34,29,311.0
43394,2021,Nissan,Altima SV/SL,Midsize Cars,Front-Wheel Drive,Automatic (variable gear ratios),4.0,2.5,Regular Gasoline,27,37,31,289.0
43692,2021,Nissan,Armada 2WD,Standard Sport Utility Vehicle 2WD,Rear-Wheel Drive,Automatic (S7),8.0,5.6,Premium Gasoline,14,19,16,558.0
43695,2021,Nissan,Armada 4WD,Standard Sport Utility Vehicle 4WD,4-Wheel Drive,Automatic (S7),8.0,5.6,Premium Gasoline,13,18,15,595.0
43696,2021,Nissan,Armada 4WD,Standard Sport Utility Vehicle 4WD,4-Wheel Drive,Automatic (S7),8.0,5.6,Premium Gasoline,13,18,15,594.0
43688,2021,Nissan,Frontier 2WD,Standard Pickup Trucks 2WD,Rear-Wheel Drive,Automatic (S9),6.0,3.8,Regular Gasoline,18,24,20,445.0
43689,2021,Nissan,Frontier 4WD,Standard Pickup Trucks 4WD,Part-time 4-Wheel Drive,Automatic (S9),6.0,3.8,Regular Gasoline,17,23,19,469.0
42924,2021,Nissan,GT-R,Subcompact Cars,All-Wheel Drive,Automatic (AM-S6),6.0,3.8,Premium Gasoline,16,22,18,482.0
43720,2021,Nissan,Kicks,Midsize Cars,Front-Wheel Drive,Automatic (variable gear ratios),4.0,1.6,Regular Gasoline,31,36,33,269.0
43538,2021,Nissan,Maxima,Midsize Cars,Front-Wheel Drive,Automatic (AV-S7),6.0,3.5,Premium Gasoline,20,30,24,370.0
43635,2021,Nissan,Murano AWD,Midsize Station Wagons,All-Wheel Drive,Automatic (AV-S7),6.0,3.5,Regular Gasoline,20,27,22,390.0
43634,2021,Nissan,Murano FWD,Midsize Station Wagons,Front-Wheel Drive,Automatic (AV-S7),6.0,3.5,Regular Gasoline,20,28,23,387.0
43588,2021,Nissan,NV200 Cargo Van,Special Purpose Vehicle 2WD,Front-Wheel Drive,Automatic (variable gear ratios),4.0,2.0,Regular Gasoline,24,26,25,360.0
43375,2021,Nissan,Rogue AWD,Small Sport Utility Vehicle 4WD,All-Wheel Drive,Automatic (AV-S8),4.0,2.5,Regular Gasoline,26,33,29,310.0
43772,2021,Nissan,Rogue AWD,Small Sport Utility Vehicle 4WD,All-Wheel Drive,Automatic (AV-S8),3.0,1.5,Regular Gasoline,30,36,33,275.0
43376,2021,Nissan,Rogue AWD  SV/SL/Platinum,Small Sport Utility Vehicle 4WD,All-Wheel Drive,Automatic (AV-S8),4.0,2.5,Regular Gasoline,25,32,28,318.0
43773,2021,Nissan,Rogue AWD SL/Platinum,Small Sport Utility Vehicle 4WD,All-Wheel Drive,Automatic (AV-S8),3.0,1.5,Regular Gasoline,29,35,32,284.0
43370,2021,Nissan,Rogue FWD,Small Sport Utility Vehicle 2WD,Front-Wheel Drive,Automatic (AV-S8),4.0,2.5,Regular Gasoline,27,34,30,292.0
43770,2021,Nissan,Rogue FWD,Small Sport Utility Vehicle 2WD,Front-Wheel Drive,Automatic (AV-S8),3.0,1.5,Regular Gasoline,30,37,33,270.0
43371,2021,Nissan,Rogue FWD  SV/SL/Platinum,Small Sport Utility Vehicle 2WD,Front-Wheel Drive,Automatic (AV-S8),4.0,2.5,Regular Gasoline,26,33,29,304.0
43771,2021,Nissan,Rogue FWD SL/Platinum,Small Sport Utility Vehicle 2WD,Front-Wheel Drive,Automatic (AV-S8),3.0,1.5,Regular Gasoline,30,36,32,278.0
43737,2021,Nissan,Rogue Sport,Small Station Wagons,Front-Wheel Drive,Automatic (AV-S8),4.0,2.0,Regular Gasoline,26,31,28,318.0
43736,2021,Nissan,Rogue Sport AWD,Small Station Wagons,All-Wheel Drive,Automatic (AV-S8),4.0,2.0,Regular Gasoline,26,30,27,330.0
43539,2021,Nissan,Sentra,Midsize Cars,Front-Wheel Drive,Automatic (variable gear ratios),4.0,2.0,Regular Gasoline,29,39,33,268.0
43540,2021,Nissan,Sentra SR,Midsize Cars,Front-Wheel Drive,Automatic (variable gear ratios),4.0,2.0,Regular Gasoline,28,37,32,283.0
42950,2021,Nissan,Titan 2WD,Standard Pickup Trucks 2WD,Rear-Wheel Drive,Automatic (S9),8.0,5.6,Premium Gasoline,16,21,18,503.0
42952,2021,Nissan,Titan 4WD,Standard Pickup Trucks 4WD,Part-time 4-Wheel Drive,Automatic (S9),8.0,5.6,Premium Gasoline,15,21,18,515.0
42953,2021,Nissan,Titan 4WD PRO-4X,Standard Pickup Trucks 4WD,Part-time 4-Wheel Drive,Automatic (S9),8.0,5.6,Premium Gasoline,15,20,17,518.0
43432,2021,Nissan,Versa,Compact Cars,Front-Wheel Drive,Automatic (variable gear ratios),4.0,1.6,Regular Gasoline,32,40,35,254.0
43433,2021,Nissan,Versa,Compact Cars,Front-Wheel Drive,Manual 5-spd,4.0,1.6,Regular Gasoline,27,35,30,296.0
43216,2021,Porsche,718 Boxster,Two Seaters,Rear-Wheel Drive,Manual 6-spd,4.0,2.0,Premium Gasoline,20,26,22,394.0
43217,2021,Porsche,718 Boxster,Two Seaters,Rear-Wheel Drive,Automatic (AM-S7),4.0,2.0,Premium Gasoline,21,27,24,375.0
43580,2021,Porsche,718 Boxster GTS,Two Seaters,Rear-Wheel Drive,Manual 6-spd,6.0,4.0,Premium Gasoline,17,24,19,458.0
43581,2021,Porsche,718 Boxster GTS,Two Seaters,Rear-Wheel Drive,Automatic (AM-S7),6.0,4.0,Premium Gasoline,19,24,21,418.0
43220,2021,Porsche,718 Boxster S,Two Seaters,Rear-Wheel Drive,Manual 6-spd,4.0,2.5,Premium Gasoline,19,24,21,423.0
43221,2021,Porsche,718 Boxster S,Two Seaters,Rear-Wheel Drive,Automatic (AM-S7),4.0,2.5,Premium Gasoline,19,25,22,410.0
43224,2021,Porsche,718 Boxster T,Two Seaters,Rear-Wheel Drive,Manual 6-spd,4.0,2.0,Premium Gasoline,20,26,22,394.0
43225,2021,Porsche,718 Boxster T,Two Seaters,Rear-Wheel Drive,Automatic (AM-S7),4.0,2.0,Premium Gasoline,21,27,23,380.0
43218,2021,Porsche,718 Cayman,Two Seaters,Rear-Wheel Drive,Manual 6-spd,4.0,2.0,Premium Gasoline,20,26,22,394.0
43219,2021,Porsche,718 Cayman,Two Seaters,Rear-Wheel Drive,Automatic (AM-S7),4.0,2.0,Premium Gasoline,21,27,24,375.0
43586,2021,Porsche,718 Cayman GT4,Two Seaters,Rear-Wheel Drive,Manual 6-spd,6.0,4.0,Premium Gasoline,17,23,19,460.0
43587,2021,Porsche,718 Cayman GT4,Two Seaters,Rear-Wheel Drive,Automatic (AM-S7),6.0,4.0,Premium Gasoline,18,24,20,436.0
43584,2021,Porsche,718 Cayman GTS,Two Seaters,Rear-Wheel Drive,Manual 6-spd,6.0,4.0,Premium Gasoline,17,24,19,458.0
43585,2021,Porsche,718 Cayman GTS,Two Seaters,Rear-Wheel Drive,Automatic (AM-S7),6.0,4.0,Premium Gasoline,19,24,21,418.0
43222,2021,Porsche,718 Cayman S,Two Seaters,Rear-Wheel Drive,Manual 6-spd,4.0,2.5,Premium Gasoline,19,24,21,423.0
43223,2021,Porsche,718 Cayman S,Two Seaters,Rear-Wheel Drive,Automatic (AM-S7),4.0,2.5,Premium Gasoline,19,25,22,410.0
43226,2021,Porsche,718 Cayman T,Two Seaters,Rear-Wheel Drive,Manual 6-spd,4.0,2.0,Premium Gasoline,20,26,22,394.0
43227,2021,Porsche,718 Cayman T,Two Seaters,Rear-Wheel Drive,Automatic (AM-S7),4.0,2.0,Premium Gasoline,21,27,23,380.0
43582,2021,Porsche,718 Spyder,Two Seaters,Rear-Wheel Drive,Manual 6-spd,6.0,4.0,Premium Gasoline,17,23,19,460.0
43583,2021,Porsche,718 Spyder,Two Seaters,Rear-Wheel Drive,Automatic (AM-S7),6.0,4.0,Premium Gasoline,18,24,20,436.0
43500,2021,Porsche,911 Carrera,Minicompact Cars,Rear-Wheel Drive,Automatic (AM-S8),6.0,3.0,Premium Gasoline,18,24,20,443.0
43506,2021,Porsche,911 Carrera 4,Minicompact Cars,All-Wheel Drive,Automatic (AM-S8),6.0,3.0,Premium Gasoline,18,24,20,442.0
43507,2021,Porsche,911 Carrera 4 Cabriolet,Minicompact Cars,All-Wheel Drive,Automatic (AM-S8),6.0,3.0,Premium Gasoline,18,24,20,443.0
43508,2021,Porsche,911 Carrera 4S,Minicompact Cars,All-Wheel Drive,Manual 7-spd,6.0,3.0,Premium Gasoline,17,25,20,442.0
43509,2021,Porsche,911 Carrera 4S,Minicompact Cars,All-Wheel Drive,Automatic (AM-S8),6.0,3.0,Premium Gasoline,18,23,20,443.0
43510,2021,Porsche,911 Carrera 4S Cabriolet,Minicompact Cars,All-Wheel Drive,Manual 7-spd,6.0,3.0,Premium Gasoline,17,24,20,452.0
43511,2021,Porsche,911 Carrera 4S Cabriolet,Minicompact Cars,All-Wheel Drive,Automatic (AM-S8),6.0,3.0,Premium Gasoline,18,23,20,439.0
43501,2021,Porsche,911 Carrera Cabriolet,Minicompact Cars,Rear-Wheel Drive,Automatic (AM-S8),6.0,3.0,Premium Gasoline,18,24,20,443.0
43502,2021,Porsche,911 Carrera S,Minicompact Cars,Rear-Wheel Drive,Manual 7-spd,6.0,3.0,Premium Gasoline,18,25,21,425.0
43503,2021,Porsche,911 Carrera S,Minicompact Cars,Rear-Wheel Drive,Automatic (AM-S8),6.0,3.0,Premium Gasoline,18,23,20,441.0
43504,2021,Porsche,911 Carrera S Cabriolet,Minicompact Cars,Rear-Wheel Drive,Manual 7-spd,6.0,3.0,Premium Gasoline,17,25,20,443.0
43505,2021,Porsche,911 Carrera S Cabriolet,Minicompact Cars,Rear-Wheel Drive,Automatic (AM-S8),6.0,3.0,Premium Gasoline,18,23,20,439.0
43512,2021,Porsche,911 Targa 4,Minicompact Cars,All-Wheel Drive,Automatic (AM-S8),6.0,3.0,Premium Gasoline,18,24,20,442.0
43513,2021,Porsche,911 Targa 4S,Minicompact Cars,All-Wheel Drive,Manual 7-spd,6.0,3.0,Premium Gasoline,17,24,20,447.0
43514,2021,Porsche,911 Targa 4S,Minicompact Cars,All-Wheel Drive,Automatic (AM-S8),6.0,3.0,Premium Gasoline,18,23,20,442.0
43428,2021,Porsche,911 Turbo,Minicompact Cars,All-Wheel Drive,Automatic (AM-S8),6.0,3.7,Premium Gasoline,15,20,17,516.0
43429,2021,Porsche,911 Turbo Cabriolet,Minicompact Cars,All-Wheel Drive,Automatic (AM-S8),6.0,3.7,Premium Gasoline,15,20,17,521.0
43430,2021,Porsche,911 Turbo S,Minicompact Cars,All-Wheel Drive,Automatic (AM-S8),6.0,3.7,Premium Gasoline,15,20,17,517.0
43431,2021,Porsche,911 Turbo S Cabriolet,Minicompact Cars,All-Wheel Drive,Automatic (AM-S8),6.0,3.7,Premium Gasoline,15,20,17,529.0
43379,2021,Porsche,Cayenne,Standard Sport Utility Vehicle 4WD,All-Wheel Drive,Automatic (S8),6.0,3.0,Premium Gasoline,19,23,20,432.0
43380,2021,Porsche,Cayenne Coupe,Standard Sport Utility Vehicle 4WD,All-Wheel Drive,Automatic (S8),6.0,3.0,Premium Gasoline,19,23,20,437.0
43382,2021,Porsche,Cayenne GTS,Standard Sport Utility Vehicle 4WD,All-Wheel Drive,Automatic (S8),8.0,4.0,Premium Gasoline,15,19,17,533.0
43384,2021,Porsche,Cayenne GTS Coupe,Standard Sport Utility Vehicle 4WD,All-Wheel Drive,Automatic (S8),8.0,4.0,Premium Gasoline,15,19,17,525.0
43381,2021,Porsche,Cayenne S,Standard Sport Utility Vehicle 4WD,All-Wheel Drive,Automatic (S8),6.0,2.9,Premium Gasoline,18,22,20,448.0
43383,2021,Porsche,Cayenne S Coupe,Standard Sport Utility Vehicle 4WD,All-Wheel Drive,Automatic (S8),6.0,2.9,Premium Gasoline,18,22,19,460.0
43385,2021,Porsche,Cayenne Turbo,Standard Sport Utility Vehicle 4WD,All-Wheel Drive,Automatic (S8),8.0,4.0,Premium Gasoline,15,19,17,529.0
43386,2021,Porsche,Cayenne Turbo Coupe,Standard Sport Utility Vehicle 4WD,All-Wheel Drive,Automatic (S8),8.0,4.0,Premium Gasoline,15,19,17,535.0
43623,2021,Porsche,Macan,Small Sport Utility Vehicle 4WD,All-Wheel Drive,Automatic (AM-S7),4.0,2.0,Premium Gasoline,19,23,21,426.0
43377,2021,Porsche,Macan GTS,Small Sport Utility Vehicle 4WD,All-Wheel Drive,Automatic (AM-S7),6.0,2.9,Premium Gasoline,17,22,19,459.0
43479,2021,Porsche,Macan S,Small Sport Utility Vehicle 4WD,All-Wheel Drive,Automatic (AM-S7),6.0,3.0,Premium Gasoline,18,24,20,441.0
43378,2021,Porsche,Macan Turbo,Small Sport Utility Vehicle 4WD,All-Wheel Drive,Automatic (AM-S7),6.0,2.9,Premium Gasoline,17,21,19,471.0
43727,2021,Porsche,Panamera,Large Cars,Rear-Wheel Drive,Automatic (AM-S8),6.0,2.9,Premium Gasoline,18,24,20,441.0
43728,2021,Porsche,Panamera 4,Large Cars,All-Wheel Drive,Automatic (AM-S8),6.0,2.9,Premium Gasoline,18,24,20,441.0
43729,2021,Porsche,Panamera 4 Executive,Large Cars,All-Wheel Drive,Automatic (AM-S8),6.0,2.9,Premium Gasoline,17,23,19,465.0
43730,2021,Porsche,Panamera 4 ST,Large Cars,All-Wheel Drive,Automatic (AM-S8),6.0,2.9,Premium Gasoline,18,23,20,441.0
43731,2021,Porsche,Panamera 4S,Large Cars,All-Wheel Drive,Automatic (AM-S8),6.0,2.9,Premium Gasoline,18,24,20,445.0
43767,2021,Porsche,Panamera 4S Executive,Large Cars,All-Wheel Drive,Automatic (AM-S8),6.0,2.9,Premium Gasoline,17,23,19,469.0
43768,2021,Porsche,Panamera 4S ST,Large Cars,All-Wheel Drive,Automatic (AM-S8),6.0,2.9,Premium Gasoline,17,23,19,469.0
43732,2021,Porsche,Panamera GTS,Large Cars,All-Wheel Drive,Automatic (AM-S8),8.0,4.0,Premium Gasoline,15,21,17,520.0
43733,2021,Porsche,Panamera GTS ST,Large Cars,All-Wheel Drive,Automatic (AM-S8),8.0,4.0,Premium Gasoline,15,20,17,520.0
43769,2021,Porsche,Panamera Turbo S,Large Cars,All-Wheel Drive,Automatic (AM-S8),8.0,4.0,Premium Gasoline,15,21,17,525.0
43734,2021,Porsche,Panamera Turbo S Executive,Large Cars,All-Wheel Drive,Automatic (AM-S8),8.0,4.0,Premium Gasoline,15,21,17,525.0
43735,2021,Porsche,Panamera Turbo S ST,Large Cars,All-Wheel Drive,Automatic (AM-S8),8.0,4.0,Premium Gasoline,15,21,17,525.0
43009,2021,Ram,1500 2WD,Standard Pickup Trucks 2WD,Rear-Wheel Drive,Automatic 8-spd,8.0,5.7,Midgrade Gasoline,15,22,17,514.0
43017,2021,Ram,1500 4WD,Standard Pickup Trucks 4WD,4-Wheel Drive,Automatic 8-spd,8.0,5.7,Midgrade Gasoline,15,21,17,523.0
43461,2021,Ram,1500 Classic 2WD,Standard Pickup Trucks 2WD,Rear-Wheel Drive,Automatic 8-spd,6.0,3.6,Regular Gasoline,17,25,20,450.0
43462,2021,Ram,1500 Classic 2WD,Standard Pickup Trucks 2WD,Rear-Wheel Drive,Automatic 8-spd,8.0,5.7,Midgrade Gasoline,15,22,17,513.0
43468,2021,Ram,1500 Classic 4WD,Standard Pickup Trucks 4WD,4-Wheel Drive,Automatic 8-spd,6.0,3.6,Regular Gasoline,16,23,19,474.0
43469,2021,Ram,1500 Classic 4WD,Standard Pickup Trucks 4WD,4-Wheel Drive,Automatic 8-spd,8.0,5.7,Midgrade Gasoline,15,21,17,526.0
43416,2021,Ram,1500 TRX 4WD,Standard Pickup Trucks 4WD,4-Wheel Drive,Automatic 8-spd,8.0,6.2,Premium Gasoline,10,14,12,748.0
43060,2021,Ram,Promaster City,Special Purpose Vehicle 2WD,Front-Wheel Drive,Automatic 9-spd,4.0,2.4,Regular Gasoline,21,28,24,374.0
42846,2021,Rolls-Royce,Cullinan,Midsize Station Wagons,All-Wheel Drive,Automatic (S8),12.0,6.7,Premium Gasoline,12,20,14,618.0
42847,2021,Rolls-Royce,Cullinan Black Badge,Midsize Station Wagons,All-Wheel Drive,Automatic (S8),12.0,6.7,Premium Gasoline,12,20,14,618.0
42820,2021,Rolls-Royce,Dawn,Compact Cars,Rear-Wheel Drive,Automatic (S8),12.0,6.6,Premium Gasoline,12,18,14,632.0
42821,2021,Rolls-Royce,Dawn Black Badge,Compact Cars,Rear-Wheel Drive,Automatic (S8),12.0,6.6,Premium Gasoline,12,18,14,632.0
42948,2021,Rolls-Royce,Ghost,Large Cars,All-Wheel Drive,Automatic (S8),12.0,6.7,Premium Gasoline,12,19,14,623.0
42949,2021,Rolls-Royce,Ghost EWB,Large Cars,All-Wheel Drive,Automatic (S8),12.0,6.7,Premium Gasoline,12,19,14,623.0
42842,2021,Rolls-Royce,Phantom,Large Cars,Rear-Wheel Drive,Automatic (S8),12.0,6.7,Premium Gasoline,12,20,14,615.0
42843,2021,Rolls-Royce,Phantom EWB,Large Cars,Rear-Wheel Drive,Automatic (S8),12.0,6.7,Premium Gasoline,12,20,14,615.0
42831,2021,Rolls-Royce,Wraith,Midsize Cars,Rear-Wheel Drive,Automatic (S8),12.0,6.6,Premium Gasoline,12,18,14,624.0
42832,2021,Rolls-Royce,Wraith Black Badge,Midsize Cars,Rear-Wheel Drive,Automatic (S8),12.0,6.6,Premium Gasoline,12,18,14,624.0
44089,2021,Roush Performance,Mustang,Subcompact Cars,Rear-Wheel Drive,Manual 6-spd,8.0,5.0,Premium Gasoline,12,19,14,618.0
44161,2021,Roush Performance,Mustang,Subcompact Cars,Rear-Wheel Drive,Automatic (S10),8.0,5.0,Premium Gasoline,12,19,15,606.0
42567,2021,Subaru,Ascent,Standard Sport Utility Vehicle 4WD,All-Wheel Drive,Automatic (AV-S8),4.0,2.4,Regular Gasoline,21,27,23,386.0
42568,2021,Subaru,Ascent Limited/Touring,Standard Sport Utility Vehicle 4WD,All-Wheel Drive,Automatic (AV-S8),4.0,2.4,Regular Gasoline,20,26,22,401.0
42605,2021,Subaru,Crosstrek AWD,Small Sport Utility Vehicle 4WD,All-Wheel Drive,Manual 6-spd,4.0,2.0,Regular Gasoline,22,29,25,355.0
42606,2021,Subaru,Crosstrek AWD,Small Sport Utility Vehicle 4WD,All-Wheel Drive,Automatic (AV-S8),4.0,2.0,Regular Gasoline,28,33,30,297.0
42607,2021,Subaru,Crosstrek AWD,Small Sport Utility Vehicle 4WD,All-Wheel Drive,Automatic (AV-S8),4.0,2.5,Regular Gasoline,27,34,29,302.0
42792,2021,Subaru,Forester AWD,Small Sport Utility Vehicle 4WD,All-Wheel Drive,Automatic (AV-S7),4.0,2.5,Regular Gasoline,26,33,29,309.0
42721,2021,Subaru,Impreza 4-Door,Midsize Cars,All-Wheel Drive,Manual 5-spd,4.0,2.0,Regular Gasoline,23,31,26,337.0
42722,2021,Subaru,Impreza 4-Door,Midsize Cars,All-Wheel Drive,Automatic (AV-S7),4.0,2.0,Regular Gasoline,28,36,32,281.0
42724,2021,Subaru,Impreza 5-Door,Small Station Wagons,All-Wheel Drive,Manual 5-spd,4.0,2.0,Regular Gasoline,24,31,26,335.0
42725,2021,Subaru,Impreza 5-Door,Small Station Wagons,All-Wheel Drive,Automatic (AV-S7),4.0,2.0,Regular Gasoline,28,36,31,284.0
42723,2021,Subaru,Impreza Sport 4-Door,Midsize Cars,All-Wheel Drive,Automatic (AV-S7),4.0,2.0,Regular Gasoline,27,36,30,291.0
42726,2021,Subaru,Impreza Sport 5-Door,Small Station Wagons,All-Wheel Drive,Manual 5-spd,4.0,2.0,Regular Gasoline,22,30,25,351.0
42727,2021,Subaru,Impreza Sport 5-Door,Small Station Wagons,All-Wheel Drive,Automatic (AV-S7),4.0,2.0,Regular Gasoline,27,35,30,292.0
42844,2021,Subaru,Legacy AWD,Large Cars,All-Wheel Drive,Automatic (AV-S8),4.0,2.5,Regular Gasoline,27,35,30,295.0
42845,2021,Subaru,Legacy AWD,Large Cars,All-Wheel Drive,Automatic (AV-S8),4.0,2.4,Regular Gasoline,24,32,27,330.0
42858,2021,Subaru,Outback AWD,Small Sport Utility Vehicle 4WD,All-Wheel Drive,Automatic (AV-S8),4.0,2.5,Regular Gasoline,26,33,29,308.0
42859,2021,Subaru,Outback AWD,Small Sport Utility Vehicle 4WD,All-Wheel Drive,Automatic (AV-S8),4.0,2.4,Regular Gasoline,23,30,26,343.0
43628,2021,Subaru,WRX,Compact Cars,All-Wheel Drive,Manual 6-spd,4.0,2.0,Premium Gasoline,20,27,23,390.0
43629,2021,Subaru,WRX,Compact Cars,All-Wheel Drive,Automatic (AV-S8),4.0,2.0,Premium Gasoline,18,24,21,432.0
43630,2021,Subaru,WRX,Compact Cars,All-Wheel Drive,Manual 6-spd,4.0,2.5,Premium Gasoline,16,22,18,483.0
42974,2021,Toyota,4Runner 2WD,Standard Sport Utility Vehicle 2WD,Rear-Wheel Drive,Automatic (S5),6.0,4.0,Regular Gasoline,16,19,17,503.0
42981,2021,Toyota,4Runner 4WD,Standard Sport Utility Vehicle 4WD,Part-time 4-Wheel Drive,Automatic (S5),6.0,4.0,Regular Gasoline,16,19,17,515.0
42982,2021,Toyota,4Runner 4WD,Standard Sport Utility Vehicle 4WD,All-Wheel Drive,Automatic (S5),6.0,4.0,Regular Gasoline,16,19,17,515.0
42943,2021,Toyota,Avalon,Midsize Cars,Front-Wheel Drive,Automatic (S8),6.0,3.5,Regular Gasoline,22,31,25,352.0
42946,2021,Toyota,Avalon AWD,Midsize Cars,All-Wheel Drive,Automatic (S8),4.0,2.5,Regular Gasoline,25,34,28,315.0
42947,2021,Toyota,Avalon TRD,Midsize Cars,Front-Wheel Drive,Automatic (S8),6.0,3.5,Regular Gasoline,21,30,25,361.0
42942,2021,Toyota,Avalon XLE,Midsize Cars,Front-Wheel Drive,Automatic (S8),6.0,3.5,Regular Gasoline,22,32,26,341.0
42998,2021,Toyota,C-HR,Compact Cars,Front-Wheel Drive,Automatic (AV-S7),4.0,2.0,Regular Gasoline,27,31,29,305.0
43302,2021,Toyota,Camry,Midsize Cars,Front-Wheel Drive,Automatic (S8),6.0,3.5,Regular Gasoline,22,33,26,338.0
43309,2021,Toyota,Camry AWD LE/SE,Midsize Cars,All-Wheel Drive,Automatic (S8),4.0,2.5,Regular Gasoline,25,34,29,309.0
43310,2021,Toyota,Camry AWD XLE/XSE,Midsize Cars,All-Wheel Drive,Automatic (S8),4.0,2.5,Regular Gasoline,25,34,28,315.0
43305,2021,Toyota,Camry LE/SE,Midsize Cars,Front-Wheel Drive,Automatic (S8),4.0,2.5,Regular Gasoline,28,39,32,279.0
43303,2021,Toyota,Camry TRD,Midsize Cars,Front-Wheel Drive,Automatic (S8),6.0,3.5,Regular Gasoline,22,31,25,354.0
43306,2021,Toyota,Camry XLE/XSE,Midsize Cars,Front-Wheel Drive,Automatic (S8),4.0,2.5,Regular Gasoline,27,38,31,284.0
43304,2021,Toyota,Camry XSE,Midsize Cars,Front-Wheel Drive,Automatic (S8),6.0,3.5,Regular Gasoline,22,32,26,345.0
42582,2021,Toyota,Corolla,Compact Cars,Front-Wheel Drive,Automatic (variable gear ratios),4.0,1.8,Regular Gasoline,30,38,33,267.0
42583,2021,Toyota,Corolla,Compact Cars,Front-Wheel Drive,Manual 6-spd,4.0,1.8,Regular Gasoline,29,39,33,271.0
42587,2021,Toyota,Corolla,Compact Cars,Front-Wheel Drive,Automatic (AV-S10),4.0,2.0,Regular Gasoline,31,40,34,257.0
42588,2021,Toyota,Corolla,Compact Cars,Front-Wheel Drive,Manual 6-spd,4.0,2.0,Regular Gasoline,29,36,32,277.0
43298,2021,Toyota,Corolla APEX,Compact Cars,Front-Wheel Drive,Automatic (AV-S10),4.0,2.0,Regular Gasoline,31,38,34,264.0
43299,2021,Toyota,Corolla APEX,Compact Cars,Front-Wheel Drive,Manual 6-spd,4.0,2.0,Regular Gasoline,28,36,31,286.0
42745,2021,Toyota,Corolla Hatchback,Compact Cars,Front-Wheel Drive,Manual 6-spd,4.0,2.0,Regular Gasoline,28,37,31,284.0
42746,2021,Toyota,Corolla Hatchback,Compact Cars,Front-Wheel Drive,Automatic (AM-S10),4.0,2.0,Regular Gasoline,32,41,35,251.0
42747,2021,Toyota,Corolla Hatchback XSE,Compact Cars,Front-Wheel Drive,Automatic (AM-S10),4.0,2.0,Regular Gasoline,30,38,33,266.0
42584,2021,Toyota,Corolla XLE,Compact Cars,Front-Wheel Drive,Automatic (variable gear ratios),4.0,1.8,Regular Gasoline,29,37,32,274.0
42589,2021,Toyota,Corolla XSE,Compact Cars,Front-Wheel Drive,Automatic (AV-S10),4.0,2.0,Regular Gasoline,31,38,34,265.0
42564,2021,Toyota,GR Supra,Two Seaters,Rear-Wheel Drive,Automatic (S8),6.0,3.0,Premium Gasoline,22,30,25,351.0
42989,2021,Toyota,GR Supra,Two Seaters,Rear-Wheel Drive,Automatic (S8),4.0,2.0,Premium Gasoline,25,32,28,321.0
43128,2021,Toyota,Highlander,Small Sport Utility Vehicle 2WD,Front-Wheel Drive,Automatic (S8),6.0,3.5,Regular Gasoline,20,28,23,389.0
43129,2021,Toyota,Highlander,Small Sport Utility Vehicle 2WD,Front-Wheel Drive,Automatic (S8),6.0,3.5,Regular Gasoline,21,29,24,372.0
43137,2021,Toyota,Highlander AWD,Small Sport Utility Vehicle 4WD,All-Wheel Drive,Automatic (S8),6.0,3.5,Regular Gasoline,20,27,23,387.0
43032,2021,Toyota,Land Cruiser Wagon 4WD,Standard Sport Utility Vehicle 4WD,4-Wheel Drive,Automatic (S8),8.0,5.7,Regular Gasoline,13,17,14,618.0
42959,2021,Toyota,RAV4,Small Sport Utility Vehicle 2WD,Front-Wheel Drive,Automatic (S8),4.0,2.5,Regular Gasoline,27,35,30,296.0
42960,2021,Toyota,RAV4,Small Sport Utility Vehicle 2WD,Front-Wheel Drive,Automatic (S8),4.0,2.5,Regular Gasoline,28,35,30,290.0
42968,2021,Toyota,RAV4 AWD,Small Sport Utility Vehicle 4WD,All-Wheel Drive,Automatic (S8),4.0,2.5,Regular Gasoline,27,33,29,301.0
42969,2021,Toyota,RAV4 AWD,Small Sport Utility Vehicle 4WD,All-Wheel Drive,Automatic (S8),4.0,2.5,Regular Gasoline,25,33,28,316.0
42971,2021,Toyota,RAV4 AWD LE,Small Sport Utility Vehicle 4WD,All-Wheel Drive,Automatic (S8),4.0,2.5,Regular Gasoline,27,34,30,296.0
42970,2021,Toyota,RAV4 AWD TRD OFFROAD,Small Sport Utility Vehicle 4WD,All-Wheel Drive,Automatic (S8),4.0,2.5,Regular Gasoline,25,32,28,323.0
43204,2021,Toyota,Sequoia 2WD,Standard Sport Utility Vehicle 2WD,Rear-Wheel Drive,Automatic (S6),8.0,5.7,Regular Gasoline,13,17,15,608.0
43212,2021,Toyota,Sequoia 4WD,Standard Sport Utility Vehicle 4WD,Part-time 4-Wheel Drive,Automatic (S6),8.0,5.7,Regular Gasoline,13,17,14,618.0
43082,2021,Toyota,Tacoma 2WD,Small Pickup Trucks 2WD,Rear-Wheel Drive,Automatic (S6),6.0,3.5,Regular Gasoline,19,24,21,431.0
43083,2021,Toyota,Tacoma 2WD,Small Pickup Trucks 2WD,Rear-Wheel Drive,Automatic (S6),4.0,2.7,Regular Gasoline,20,23,21,423.0
43084,2021,Toyota,Tacoma 4WD,Small Pickup Trucks 4WD,Part-time 4-Wheel Drive,Automatic (S6),6.0,3.5,Regular Gasoline,18,22,20,448.0
43085,2021,Toyota,Tacoma 4WD,Small Pickup Trucks 4WD,Part-time 4-Wheel Drive,Manual 6-spd,6.0,3.5,Regular Gasoline,17,21,18,481.0
43087,2021,Toyota,Tacoma 4WD,Small Pickup Trucks 4WD,Part-time 4-Wheel Drive,Automatic (S6),4.0,2.7,Regular Gasoline,19,22,20,441.0
43086,2021,Toyota,Tacoma 4WD D-CAB MT TRD-ORP/PRO,Small Pickup Trucks 4WD,Part-time 4-Wheel Drive,Manual 6-spd,6.0,3.5,Regular Gasoline,17,20,18,483.0
43010,2021,Toyota,Tundra 2WD,Standard Pickup Trucks 2WD,Rear-Wheel Drive,Automatic (S6),8.0,5.7,Regular Gasoline,13,17,15,601.0
43018,2021,Toyota,Tundra 4WD,Standard Pickup Trucks 4WD,Part-time 4-Wheel Drive,Automatic (S6),8.0,5.7,Regular Gasoline,13,17,14,635.0
43260,2021,Volkswagen,Arteon,Large Cars,Front-Wheel Drive,Automatic (S8),4.0,2.0,Premium Gasoline,22,32,25,347.0
43259,2021,Volkswagen,Arteon 4motion,Large Cars,All-Wheel Drive,Automatic (S8),4.0,2.0,Premium Gasoline,20,31,24,370.0
42488,2021,Volkswagen,Atlas,Small Sport Utility Vehicle 2WD,Front-Wheel Drive,Automatic (S8),6.0,3.6,Regular Gasoline,17,23,19,461.0
42500,2021,Volkswagen,Atlas,Small Sport Utility Vehicle 2WD,Front-Wheel Drive,Automatic (S8),4.0,2.0,Regular Gasoline,21,24,22,400.0
42489,2021,Volkswagen,Atlas 4motion,Standard Sport Utility Vehicle 4WD,All-Wheel Drive,Automatic (S8),6.0,3.6,Regular Gasoline,16,22,18,485.0
42555,2021,Volkswagen,Atlas 4motion,Small Sport Utility Vehicle 4WD,All-Wheel Drive,Automatic (S8),4.0,2.0,Regular Gasoline,20,24,22,412.0
42813,2021,Volkswagen,Atlas Cross Sport,Small Sport Utility Vehicle 2WD,Front-Wheel Drive,Automatic (S8),6.0,3.6,Regular Gasoline,18,23,20,453.0
43275,2021,Volkswagen,Atlas Cross Sport,Small Sport Utility Vehicle 2WD,Front-Wheel Drive,Automatic (S8),4.0,2.0,Regular Gasoline,21,24,22,401.0
42608,2021,Volkswagen,Atlas Cross Sport 4motion,Small Sport Utility Vehicle 4WD,All-Wheel Drive,Automatic (S8),4.0,2.0,Regular Gasoline,20,24,22,413.0
43282,2021,Volkswagen,Atlas Cross Sport 4motion,Small Sport Utility Vehicle 4WD,All-Wheel Drive,Automatic (S8),6.0,3.6,Regular Gasoline,17,23,19,464.0
43244,2021,Volkswagen,GTI,Compact Cars,Front-Wheel Drive,Automatic (AM-S7),4.0,2.0,Regular Gasoline,24,32,27,324.0
43245,2021,Volkswagen,GTI,Compact Cars,Front-Wheel Drive,Manual 6-spd,4.0,2.0,Regular Gasoline,23,30,26,343.0
43250,2021,Volkswagen,Golf,Compact Cars,Front-Wheel Drive,Automatic (S8),4.0,1.4,Regular Gasoline,29,36,32,279.0
43251,2021,Volkswagen,Golf,Compact Cars,Front-Wheel Drive,Manual 6-spd,4.0,1.4,Regular Gasoline,29,39,33,267.0
43248,2021,Volkswagen,Jetta,Compact Cars,Front-Wheel Drive,Automatic (S8),4.0,1.4,Regular Gasoline,29,39,33,266.0
43249,2021,Volkswagen,Jetta,Compact Cars,Front-Wheel Drive,Manual 6-spd,4.0,1.4,Regular Gasoline,30,41,34,260.0
43246,2021,Volkswagen,Jetta GLI,Compact Cars,Front-Wheel Drive,Automatic (AM-S7),4.0,2.0,Regular Gasoline,24,35,28,314.0
43247,2021,Volkswagen,Jetta GLI,Compact Cars,Front-Wheel Drive,Manual 6-spd,4.0,2.0,Regular Gasoline,24,33,28,319.0
42833,2021,Volkswagen,Passat,Midsize Cars,Front-Wheel Drive,Automatic (S6),4.0,2.0,Regular Gasoline,24,36,28,314.0
43019,2021,Volkswagen,Tiguan,Small Sport Utility Vehicle 2WD,Front-Wheel Drive,Automatic (S8),4.0,2.0,Regular Gasoline,23,29,25,353.0
43023,2021,Volkswagen,Tiguan 4motion,Small Sport Utility Vehicle 4WD,All-Wheel Drive,Automatic (S8),4.0,2.0,Regular Gasoline,21,27,24,374.0
42676,2021,Volvo,S60 AWD,Compact Cars,All-Wheel Drive,Automatic (S8),4.0,2.0,Premium Gasoline,21,32,25,352.0
43174,2021,Volvo,S60 AWD,Compact Cars,All-Wheel Drive,Automatic (S8),4.0,2.0,Premium Gasoline,22,33,26,345.0
42675,2021,Volvo,S60 FWD,Compact Cars,Front-Wheel Drive,Automatic (S8),4.0,2.0,Premium Gasoline,23,34,27,322.0
42677,2021,Volvo,S90 AWD,Midsize Cars,All-Wheel Drive,Automatic (S8),4.0,2.0,Premium Gasoline,21,32,25,356.0
42679,2021,Volvo,V60 CC AWD,Small Station Wagons,All-Wheel Drive,Automatic (S8),4.0,2.0,Premium Gasoline,22,31,25,354.0
42678,2021,Volvo,V60 FWD,Small Station Wagons,Front-Wheel Drive,Automatic (S8),4.0,2.0,Premium Gasoline,23,34,27,322.0
42681,2021,Volvo,V90 AWD,Midsize Station Wagons,All-Wheel Drive,Automatic (S8),4.0,2.0,Premium Gasoline,21,32,25,356.0
42682,2021,Volvo,V90 CC AWD,Midsize Station Wagons,All-Wheel Drive,Automatic (S8),4.0,2.0,Premium Gasoline,20,30,24,373.0
42680,2021,Volvo,V90 FWD,Midsize Station Wagons,Front-Wheel Drive,Automatic (S8),4.0,2.0,Premium Gasoline,22,33,26,339.0
42689,2021,Volvo,XC40 AWD,Small Sport Utility Vehicle 4WD,All-Wheel Drive,Automatic (S8),4.0,2.0,Premium Gasoline,22,30,25,359.0
42685,2021,Volvo,XC40 FWD,Small Sport Utility Vehicle 2WD,Front-Wheel Drive,Automatic (S8),4.0,2.0,Regular Gasoline,23,32,26,340.0
42687,2021,Volvo,XC60 AWD,Small Sport Utility Vehicle 4WD,All-Wheel Drive,Automatic (S8),4.0,2.0,Premium Gasoline,21,28,24,375.0
42688,2021,Volvo,XC60 AWD,Small Sport Utility Vehicle 4WD,All-Wheel Drive,Automatic (S8),4.0,2.0,Premium Gasoline,20,27,23,386.0
42684,2021,Volvo,XC60 FWD,Small Sport Utility Vehicle 2WD,Front-Wheel Drive,Automatic (S8),4.0,2.0,Premium Gasoline,22,29,25,359.0
42695,2021,Volvo,XC90 AWD,Standard Sport Utility Vehicle 4WD,All-Wheel Drive,Automatic (S8),4.0,2.0,Premium Gasoline,19,28,22,394.0
42696,2021,Volvo,XC90 AWD,Standard Sport Utility Vehicle 4WD,All-Wheel Drive,Automatic (S8),4.0,2.0,Premium Gasoline,20,28,23,380.0
42690,2021,Volvo,XC90 FWD,Standard Sport Utility Vehicle 2WD,Front-Wheel Drive,Automatic (S8),4.0,2.0,Premium Gasoline,21,30,25,361.0
44178,2022,Acura,ILX,Compact Cars,Front-Wheel Drive,Automatic (AM-S8),4.0,2.4,Premium Gasoline,24,34,28,316.0
43707,2022,Acura,MDX AWD,Small Sport Utility Vehicle 4WD,All-Wheel Drive,Automatic (S10),6.0,3.5,Premium Gasoline,19,25,21,423.0
45040,2022,Acura,MDX AWD Type-S,Standard Sport Utility Vehicle 4WD,All-Wheel Drive,Automatic (S10),6.0,3.0,Premium Gasoline,17,21,19,474.0
43703,2022,Acura,MDX FWD,Small Sport Utility Vehicle 2WD,Front-Wheel Drive,Automatic (S10),6.0,3.5,Premium Gasoline,19,26,22,411.0
44768,2022,Acura,RDX AWD,Small Sport Utility Vehicle 4WD,All-Wheel Drive,Automatic (S10),4.0,2.0,Premium Gasoline,21,27,23,385.0
44769,2022,Acura,RDX AWD A-SPEC,Small Sport Utility Vehicle 4WD,All-Wheel Drive,Automatic (S10),4.0,2.0,Premium Gasoline,21,26,23,388.0
44766,2022,Acura,RDX FWD,Small Sport Utility Vehicle 2WD,Front-Wheel Drive,Automatic (S10),4.0,2.0,Premium Gasoline,22,28,24,370.0
44767,2022,Acura,RDX FWD A-SPEC,Small Sport Utility Vehicle 2WD,Front-Wheel Drive,Automatic (S10),4.0,2.0,Premium Gasoline,22,27,24,375.0
44617,2022,Acura,TLX AWD,Compact Cars,All-Wheel Drive,Automatic (S10),4.0,2.0,Premium Gasoline,21,29,24,369.0
44619,2022,Acura,TLX AWD A-SPEC,Compact Cars,All-Wheel Drive,Automatic (S10),4.0,2.0,Premium Gasoline,21,29,24,371.0
44618,2022,Acura,TLX FWD,Compact Cars,Front-Wheel Drive,Automatic (S10),4.0,2.0,Premium Gasoline,22,31,25,352.0
44620,2022,Acura,TLX FWD A-SPEC,Compact Cars,Front-Wheel Drive,Automatic (S10),4.0,2.0,Premium Gasoline,22,30,25,357.0
44621,2022,Acura,TLX Type-S,Compact Cars,All-Wheel Drive,Automatic (S10),6.0,3.0,Premium Gasoline,19,25,21,420.0
44622,2022,Acura,TLX Type-S Perf Tire,Compact Cars,All-Wheel Drive,Automatic (S10),6.0,3.0,Premium Gasoline,19,24,21,421.0
44243,2022,Alfa Romeo,Giulia,Midsize Cars,Rear-Wheel Drive,Automatic 8-spd,6.0,2.9,Premium Gasoline,17,25,20,436.0
44938,2022,Alfa Romeo,Giulia,Midsize Cars,Rear-Wheel Drive,Automatic 8-spd,4.0,2.0,Premium Gasoline,24,33,27,330.0
44939,2022,Alfa Romeo,Giulia AWD,Midsize Cars,All-Wheel Drive,Automatic 8-spd,4.0,2.0,Premium Gasoline,23,31,26,348.0
45037,2022,Alfa Romeo,Stelvio,Small Sport Utility Vehicle 2WD,Rear-Wheel Drive,Automatic 8-spd,4.0,2.0,Premium Gasoline,22,29,25,359.0
44259,2022,Alfa Romeo,Stelvio AWD,Small Sport Utility Vehicle 4WD,All-Wheel Drive,Automatic 8-spd,6.0,2.9,Premium Gasoline,17,23,19,463.0
44944,2022,Alfa Romeo,Stelvio AWD,Small Sport Utility Vehicle 4WD,All-Wheel Drive,Automatic 8-spd,4.0,2.0,Premium Gasoline,22,28,24,364.0
44937,2022,Aston Martin,DB11 V12,Minicompact Cars,Rear-Wheel Drive,Automatic (S8),12.0,5.2,Premium Gasoline,14,22,17,522.0
44886,2022,Aston Martin,DB11 V8,Minicompact Cars,Rear-Wheel Drive,Automatic 8-spd,8.0,4.0,Premium Gasoline,18,24,20,431.0
44936,2022,Aston Martin,DBS,Minicompact Cars,Rear-Wheel Drive,Automatic (S8),12.0,5.2,Premium Gasoline,14,22,17,522.0
44949,2022,Aston Martin,DBX V8,Standard Sport Utility Vehicle 4WD,4-Wheel Drive,Automatic 9-spd,8.0,4.0,Premium Gasoline,14,20,16,556.0
44935,2022,Aston Martin,Vantage V8,Two Seaters,Rear-Wheel Drive,Automatic 8-spd,8.0,4.0,Premium Gasoline,18,24,20,435.0
44147,2022,Audi,Q3 S line quattro,Small Sport Utility Vehicle 4WD,All-Wheel Drive,Automatic (S8),4.0,2.0,Regular Gasoline,21,28,24,375.0
44148,2022,Audi,Q3 quattro,Small Sport Utility Vehicle 4WD,All-Wheel Drive,Automatic (S8),4.0,2.0,Regular Gasoline,23,30,26,346.0
44208,2022,Audi,Q7 quattro,Standard Sport Utility Vehicle 4WD,All-Wheel Drive,Automatic (S8),4.0,2.0,Premium Gasoline,20,25,22,406.0
44093,2022,Audi,R8 Coupe,Two Seaters,All-Wheel Drive,Automatic (AM-S7),10.0,5.2,Premium Gasoline,13,19,15,572.0
44095,2022,Audi,R8 Coupe RWD,Two Seaters,Rear-Wheel Drive,Automatic (AM-S7),10.0,5.2,Premium Gasoline,14,23,17,518.0
44094,2022,Audi,R8 Spyder,Two Seaters,All-Wheel Drive,Automatic (AM-S7),10.0,5.2,Premium Gasoline,13,19,15,572.0
44096,2022,Audi,R8 Spyder RWD,Two Seaters,Rear-Wheel Drive,Automatic (AM-S7),10.0,5.2,Premium Gasoline,14,23,17,518.0
45254,2022,Audi,RS 3,Subcompact Cars,All-Wheel Drive,Automatic (AM-S7),5.0,2.5,Premium Gasoline,20,29,23,383.0
44105,2022,Audi,RS 5 Coupe,Subcompact Cars,4-Wheel Drive,Automatic (S8),6.0,2.9,Premium Gasoline,18,25,21,430.0
44122,2022,Audi,RS 5 Sportback,Midsize Cars,4-Wheel Drive,Automatic (S8),6.0,2.9,Premium Gasoline,18,25,21,431.0
44229,2022,Audi,S3,Subcompact Cars,All-Wheel Drive,Automatic (AM-S7),4.0,2.0,Premium Gasoline,23,32,27,331.0
44114,2022,Audi,S4,Compact Cars,4-Wheel Drive,Automatic (S8),6.0,3.0,Premium Gasoline,21,30,24,363.0
44108,2022,Audi,S5 Cabriolet,Subcompact Cars,4-Wheel Drive,Automatic (S8),6.0,3.0,Premium Gasoline,21,28,23,375.0
44107,2022,Audi,S5 Coupe,Subcompact Cars,4-Wheel Drive,Automatic (S8),6.0,3.0,Premium Gasoline,21,30,24,363.0
44123,2022,Audi,S5 Sportback,Midsize Cars,4-Wheel Drive,Automatic (S8),6.0,3.0,Premium Gasoline,21,30,24,363.0
44145,2022,Audi,SQ5,Small Sport Utility Vehicle 4WD,4-Wheel Drive,Automatic (S8),6.0,3.0,Premium Gasoline,19,24,21,422.0
44146,2022,Audi,SQ5 Sportback,Small Sport Utility Vehicle 4WD,4-Wheel Drive,Automatic (S8),6.0,3.0,Premium Gasoline,19,24,21,422.0
44151,2022,Audi,SQ7,Standard Sport Utility Vehicle 4WD,All-Wheel Drive,Automatic (S8),8.0,4.0,Premium Gasoline,15,21,17,522.0
44152,2022,Audi,SQ8,Standard Sport Utility Vehicle 4WD,All-Wheel Drive,Automatic (S8),8.0,4.0,Premium Gasoline,15,21,17,522.0
44106,2022,Audi,TT Coupe quattro,Subcompact Cars,All-Wheel Drive,Automatic (AM-S7),4.0,2.0,Regular Gasoline,23,30,26,346.0
44558,2022,Audi,TT RS Coupe,Subcompact Cars,All-Wheel Drive,Automatic (AM-S7),5.0,2.5,Premium Gasoline,20,29,23,377.0
44097,2022,Audi,TT Roadster quattro,Two Seaters,All-Wheel Drive,Automatic (AM-S7),4.0,2.0,Regular Gasoline,23,30,26,346.0
44273,2022,Audi,TTS Coupe quattro,Subcompact Cars,All-Wheel Drive,Automatic (AM-S7),4.0,2.0,Premium Gasoline,23,31,26,337.0
44180,2022,BMW,228i Gran Coupe,Compact Cars,Front-Wheel Drive,Automatic (S8),4.0,2.0,Premium Gasoline,24,34,28,314.0
44179,2022,BMW,228i xDrive Gran Coupe,Compact Cars,All-Wheel Drive,Automatic (S8),4.0,2.0,Premium Gasoline,23,33,27,329.0
44275,2022,BMW,230i Coupe,Subcompact Cars,Rear-Wheel Drive,Automatic (S8),4.0,2.0,Premium Gasoline,26,35,29,300.0
44181,2022,BMW,330i Sedan,Compact Cars,Rear-Wheel Drive,Automatic (S8),4.0,2.0,Premium Gasoline,26,36,30,298.0
44182,2022,BMW,330i xDrive Sedan,Compact Cars,All-Wheel Drive,Automatic (S8),4.0,2.0,Premium Gasoline,25,34,28,314.0
44278,2022,BMW,430i Convertible,Subcompact Cars,Rear-Wheel Drive,Automatic (S8),4.0,2.0,Premium Gasoline,25,34,28,312.0
44277,2022,BMW,430i Coupe,Subcompact Cars,Rear-Wheel Drive,Automatic (S8),4.0,2.0,Premium Gasoline,25,34,28,312.0
44287,2022,BMW,430i Gran Coupe,Compact Cars,Rear-Wheel Drive,Automatic (S8),4.0,2.0,Premium Gasoline,25,34,28,312.0
44172,2022,BMW,430i xDrive Convertible,Subcompact Cars,All-Wheel Drive,Automatic (S8),4.0,2.0,Premium Gasoline,23,33,27,327.0
44171,2022,BMW,430i xDrive Coupe,Subcompact Cars,All-Wheel Drive,Automatic (S8),4.0,2.0,Premium Gasoline,23,33,27,327.0
44190,2022,BMW,530i Sedan,Midsize Cars,Rear-Wheel Drive,Automatic (S8),4.0,2.0,Premium Gasoline,25,33,28,313.0
44292,2022,BMW,530i xDrive Sedan,Midsize Cars,All-Wheel Drive,Automatic (S8),4.0,2.0,Premium Gasoline,23,32,26,332.0
43842,2022,BMW,740i Sedan,Large Cars,Rear-Wheel Drive,Automatic (S8),6.0,3.0,Premium Gasoline,22,29,25,360.0
43843,2022,BMW,740i xDrive Sedan,Large Cars,All-Wheel Drive,Automatic (S8),6.0,3.0,Premium Gasoline,20,27,23,388.0
43808,2022,BMW,750i xDrive Sedan,Large Cars,All-Wheel Drive,Automatic (S8),8.0,4.4,Premium Gasoline,17,24,19,454.0
43826,2022,BMW,840i Convertible,Subcompact Cars,Rear-Wheel Drive,Automatic (S8),6.0,3.0,Premium Gasoline,22,29,25,360.0
43824,2022,BMW,840i Coupe,Subcompact Cars,Rear-Wheel Drive,Automatic (S8),6.0,3.0,Premium Gasoline,23,30,25,347.0
43834,2022,BMW,840i Gran Coupe,Midsize Cars,Rear-Wheel Drive,Automatic (S8),6.0,3.0,Premium Gasoline,22,29,25,360.0
43827,2022,BMW,840i xDrive Convertible,Subcompact Cars,All-Wheel Drive,Automatic (S8),6.0,3.0,Premium Gasoline,20,27,23,388.0
43825,2022,BMW,840i xDrive Coupe,Subcompact Cars,All-Wheel Drive,Automatic (S8),6.0,3.0,Premium Gasoline,20,27,23,388.0
43835,2022,BMW,840i xDrive Gran Coupe,Midsize Cars,All-Wheel Drive,Automatic (S8),6.0,3.0,Premium Gasoline,20,27,23,388.0
43809,2022,BMW,Alpina B7 xDrive,Large Cars,All-Wheel Drive,Automatic (S8),8.0,4.4,Premium Gasoline,17,24,19,454.0
43807,2022,BMW,Alpina B8 Gran Coupe,Midsize Cars,All-Wheel Drive,Automatic (S8),8.0,4.4,Premium Gasoline,17,24,19,454.0
44334,2022,BMW,Alpina XB7,Standard Sport Utility Vehicle 4WD,All-Wheel Drive,Automatic (S8),8.0,4.4,Premium Gasoline,15,21,17,517.0
44283,2022,BMW,M235i xDrive Gran Coupe,Compact Cars,All-Wheel Drive,Automatic (S8),4.0,2.0,Premium Gasoline,23,32,26,334.0
44276,2022,BMW,M240i xDrive Coupe,Subcompact Cars,All-Wheel Drive,Automatic (S8),6.0,3.0,Premium Gasoline,23,32,26,335.0
44286,2022,BMW,M3 Competition M xDrive Sedan,Compact Cars,All-Wheel Drive,Automatic (S8),6.0,3.0,Premium Gasoline,16,22,18,477.0
44184,2022,BMW,M3 Competition Sedan,Compact Cars,Rear-Wheel Drive,Automatic (S8),6.0,3.0,Premium Gasoline,16,23,19,470.0
44183,2022,BMW,M3 Sedan,Compact Cars,Rear-Wheel Drive,Manual 6-spd,6.0,3.0,Premium Gasoline,16,23,19,472.0
44176,2022,BMW,M4 Competition Coupe,Subcompact Cars,Rear-Wheel Drive,Automatic (S8),6.0,3.0,Premium Gasoline,16,23,19,470.0
44177,2022,BMW,M4 Competition M xDrive Convertible,Subcompact Cars,All-Wheel Drive,Automatic (S8),6.0,3.0,Premium Gasoline,16,23,18,484.0
44281,2022,BMW,M4 Competition M xDrive Coupe,Subcompact Cars,All-Wheel Drive,Automatic (S8),6.0,3.0,Premium Gasoline,16,22,18,477.0
44175,2022,BMW,M4 Coupe,Subcompact Cars,Rear-Wheel Drive,Manual 6-spd,6.0,3.0,Premium Gasoline,16,23,19,472.0
43794,2022,BMW,M5 CS Sedan,Midsize Cars,All-Wheel Drive,Automatic (S8),8.0,4.4,Premium Gasoline,15,21,17,522.0
44247,2022,BMW,M5 Competition Sedan,Midsize Cars,All-Wheel Drive,Automatic (S8),8.0,4.4,Premium Gasoline,15,21,17,523.0
44246,2022,BMW,M5 Sedan,Midsize Cars,All-Wheel Drive,Automatic (S8),8.0,4.4,Premium Gasoline,15,21,17,523.0
44245,2022,BMW,M550i xDrive Sedan,Midsize Cars,All-Wheel Drive,Automatic (S8),8.0,4.4,Premium Gasoline,17,25,20,439.0
43881,2022,BMW,M760i xDrive Sedan,Large Cars,All-Wheel Drive,Automatic (S8),12.0,6.6,Premium Gasoline,13,20,16,570.0
43783,2022,BMW,M8 Competition Convertible,Subcompact Cars,All-Wheel Drive,Automatic (S8),8.0,4.4,Premium Gasoline,15,21,17,522.0
43782,2022,BMW,M8 Competition Coupe,Subcompact Cars,All-Wheel Drive,Automatic (S8),8.0,4.4,Premium Gasoline,15,21,17,522.0
43795,2022,BMW,M8 Competition Gran Coupe,Midsize Cars,All-Wheel Drive,Automatic (S8),8.0,4.4,Premium Gasoline,15,21,17,522.0
43805,2022,BMW,M850i xDrive Convertible,Subcompact Cars,All-Wheel Drive,Automatic (S8),8.0,4.4,Premium Gasoline,17,24,19,454.0
43804,2022,BMW,M850i xDrive Coupe,Subcompact Cars,All-Wheel Drive,Automatic (S8),8.0,4.4,Premium Gasoline,17,25,20,442.0
43806,2022,BMW,M850i xDrive Gran Coupe,Midsize Cars,All-Wheel Drive,Automatic (S8),8.0,4.4,Premium Gasoline,17,24,19,454.0
44809,2022,BMW,X1 sDrive28i,Large Cars,Front-Wheel Drive,Automatic (S8),4.0,2.0,Premium Gasoline,24,33,27,324.0
44760,2022,BMW,X1 xDrive28i,Large Cars,All-Wheel Drive,Automatic (S8),4.0,2.0,Premium Gasoline,23,31,26,343.0
43793,2022,BMW,X2 M35i,Midsize Cars,All-Wheel Drive,Automatic (S8),4.0,2.0,Premium Gasoline,23,30,26,339.0
43833,2022,BMW,X2 sDrive28i,Midsize Cars,Front-Wheel Drive,Automatic (S8),4.0,2.0,Premium Gasoline,24,32,27,330.0
43792,2022,BMW,X2 xDrive28i,Midsize Cars,All-Wheel Drive,Automatic (S8),4.0,2.0,Premium Gasoline,24,31,27,331.0
44313,2022,BMW,X3 M,Small Sport Utility Vehicle 4WD,All-Wheel Drive,Automatic (S8),6.0,3.0,Premium Gasoline,15,20,17,519.0
44314,2022,BMW,X3 M Competition,Small Sport Utility Vehicle 4WD,All-Wheel Drive,Automatic (S8),6.0,3.0,Premium Gasoline,15,20,17,519.0
44306,2022,BMW,X3 sDrive30i,Small Sport Utility Vehicle 2WD,Rear-Wheel Drive,Automatic (S8),4.0,2.0,Premium Gasoline,23,29,25,352.0
44311,2022,BMW,X3 xDrive30i,Small Sport Utility Vehicle 4WD,All-Wheel Drive,Automatic (S8),4.0,2.0,Premium Gasoline,21,28,24,370.0
44317,2022,BMW,X4 M,Small Sport Utility Vehicle 4WD,All-Wheel Drive,Automatic (S8),6.0,3.0,Premium Gasoline,15,20,17,519.0
44318,2022,BMW,X4 M Competition,Small Sport Utility Vehicle 4WD,All-Wheel Drive,Automatic (S8),6.0,3.0,Premium Gasoline,15,20,17,519.0
44315,2022,BMW,X4 xDrive30i,Small Sport Utility Vehicle 4WD,All-Wheel Drive,Automatic (S8),4.0,2.0,Premium Gasoline,21,28,24,370.0
44326,2022,BMW,X5 M,Standard Sport Utility Vehicle 4WD,All-Wheel Drive,Automatic (S8),8.0,4.4,Premium Gasoline,13,18,15,586.0
44327,2022,BMW,X5 M Competition,Standard Sport Utility Vehicle 4WD,All-Wheel Drive,Automatic (S8),8.0,4.4,Premium Gasoline,13,18,15,586.0
44325,2022,BMW,X5 M50i,Standard Sport Utility Vehicle 4WD,All-Wheel Drive,Automatic (S8),8.0,4.4,Premium Gasoline,16,22,18,485.0
44330,2022,BMW,X6 M,Standard Sport Utility Vehicle 4WD,All-Wheel Drive,Automatic (S8),8.0,4.4,Premium Gasoline,13,18,15,586.0
44331,2022,BMW,X6 M Competition,Standard Sport Utility Vehicle 4WD,All-Wheel Drive,Automatic (S8),8.0,4.4,Premium Gasoline,13,18,15,586.0
44329,2022,BMW,X6 M50i,Standard Sport Utility Vehicle 4WD,All-Wheel Drive,Automatic (S8),8.0,4.4,Premium Gasoline,16,22,18,485.0
44333,2022,BMW,X7 M50i,Standard Sport Utility Vehicle 4WD,All-Wheel Drive,Automatic (S8),8.0,4.4,Premium Gasoline,15,21,17,517.0
44166,2022,BMW,Z4 M40i,Two Seaters,Rear-Wheel Drive,Automatic (S8),6.0,3.0,Premium Gasoline,22,29,25,358.0
44165,2022,BMW,Z4 sDrive30i,Two Seaters,Rear-Wheel Drive,Automatic (S8),4.0,2.0,Premium Gasoline,25,32,28,317.0
44156,2022,Bentley,Bentayga,Standard Sport Utility Vehicle 4WD,All-Wheel Drive,Automatic (S8),8.0,4.0,Premium Gasoline,15,24,18,497.0
44556,2022,Bentley,Bentayga Speed,Standard Sport Utility Vehicle 4WD,All-Wheel Drive,Automatic (S8),12.0,6.0,Premium Gasoline,12,18,14,616.0
44109,2022,Bentley,Continental GT,Subcompact Cars,All-Wheel Drive,Automatic (AM-S8),8.0,4.0,Premium Gasoline,16,26,19,462.0
44524,2022,Bentley,Continental GT Speed,Subcompact Cars,All-Wheel Drive,Automatic (AM-S8),12.0,6.0,Premium Gasoline,12,20,15,610.0
44523,2022,Bentley,Continental GT Speed Convertible,Minicompact Cars,All-Wheel Drive,Automatic (AM-S8),12.0,6.0,Premium Gasoline,12,18,14,636.0
44102,2022,Bentley,Continental GT V8 Convertible,Minicompact Cars,All-Wheel Drive,Automatic (AM-S8),8.0,4.0,Premium Gasoline,16,26,19,473.0
44126,2022,Bentley,Flying Spur,Midsize Cars,All-Wheel Drive,Automatic (AM-S8),8.0,4.0,Premium Gasoline,15,20,17,520.0
44540,2022,Bentley,Flying Spur,Midsize Cars,All-Wheel Drive,Automatic (AM-S8),12.0,6.0,Premium Gasoline,12,19,15,601.0
44498,2022,Bugatti,Chiron,Two Seaters,All-Wheel Drive,Automatic (AM-S7),16.0,8.0,Premium Gasoline,9,14,11,840.0
44500,2022,Bugatti,Chiron Pur Sport,Two Seaters,All-Wheel Drive,Automatic (AM-S7),16.0,8.0,Premium Gasoline,8,11,9,979.0
44499,2022,Bugatti,Chiron Super Sport,Two Seaters,All-Wheel Drive,Automatic (AM-S7),16.0,8.0,Premium Gasoline,8,11,9,979.0
44087,2022,Buick,Enclave AWD,Standard Sport Utility Vehicle 4WD,All-Wheel Drive,Automatic 9-spd,6.0,3.6,Regular Gasoline,17,25,20,448.0
44085,2022,Buick,Enclave FWD,Standard Sport Utility Vehicle 2WD,Front-Wheel Drive,Automatic 9-spd,6.0,3.6,Regular Gasoline,18,26,21,424.0
43812,2022,Buick,Encore AWD,Small Sport Utility Vehicle 4WD,All-Wheel Drive,Automatic (S6),4.0,1.4,Regular Gasoline,23,30,26,342.0
43810,2022,Buick,Encore FWD,Small Sport Utility Vehicle 2WD,Front-Wheel Drive,Automatic (S6),4.0,1.4,Regular Gasoline,24,32,27,329.0
43859,2022,Buick,Encore GX AWD,Small Sport Utility Vehicle 4WD,All-Wheel Drive,Automatic 9-spd,3.0,1.3,Regular Gasoline,26,29,27,324.0
43854,2022,Buick,Encore GX FWD,Small Sport Utility Vehicle 2WD,Front-Wheel Drive,Automatic (variable gear ratios),3.0,1.2,Regular Gasoline,29,31,30,296.0
43855,2022,Buick,Encore GX FWD,Small Sport Utility Vehicle 2WD,Front-Wheel Drive,Automatic (variable gear ratios),3.0,1.3,Regular Gasoline,29,32,30,297.0
43961,2022,Buick,Envision AWD,Small Sport Utility Vehicle 4WD,All-Wheel Drive,Automatic (S9),4.0,2.0,Regular Gasoline,22,29,25,350.0
43958,2022,Buick,Envision FWD,Small Sport Utility Vehicle 2WD,Front-Wheel Drive,Automatic (S9),4.0,2.0,Regular Gasoline,24,31,26,341.0
44115,2022,Cadillac,CT4,Compact Cars,Rear-Wheel Drive,Automatic (S8),4.0,2.0,Premium Gasoline,23,34,27,331.0
44233,2022,Cadillac,CT4,Compact Cars,Rear-Wheel Drive,Automatic (S10),4.0,2.7,Premium Gasoline,21,31,25,356.0
44116,2022,Cadillac,CT4 AWD,Compact Cars,All-Wheel Drive,Automatic (S8),4.0,2.0,Premium Gasoline,22,31,26,348.0
44235,2022,Cadillac,CT4 AWD,Compact Cars,All-Wheel Drive,Automatic (S10),4.0,2.7,Premium Gasoline,21,29,24,375.0
44006,2022,Cadillac,CT4 V,Compact Cars,Rear-Wheel Drive,Automatic (S10),6.0,3.6,Premium Gasoline,16,24,19,478.0
44007,2022,Cadillac,CT4 V,Compact Cars,Rear-Wheel Drive,Manual 6-spd,6.0,3.6,Premium Gasoline,15,23,18,488.0
44234,2022,Cadillac,CT4 V,Compact Cars,Rear-Wheel Drive,Automatic (S10),4.0,2.7,Premium Gasoline,20,29,23,385.0
44236,2022,Cadillac,CT4 V AWD,Compact Cars,All-Wheel Drive,Automatic (S10),4.0,2.7,Premium Gasoline,20,28,23,386.0
44129,2022,Cadillac,CT5,Midsize Cars,Rear-Wheel Drive,Automatic (S10),6.0,3.0,Premium Gasoline,19,27,22,405.0
44215,2022,Cadillac,CT5,Midsize Cars,Rear-Wheel Drive,Automatic (S10),4.0,2.0,Premium Gasoline,23,33,27,333.0
44127,2022,Cadillac,CT5 AWD,Midsize Cars,All-Wheel Drive,Automatic (S10),6.0,3.0,Premium Gasoline,18,26,21,419.0
44216,2022,Cadillac,CT5 AWD,Midsize Cars,All-Wheel Drive,Automatic (S10),4.0,2.0,Premium Gasoline,22,30,25,358.0
44055,2022,Cadillac,CT5 V,Midsize Cars,Rear-Wheel Drive,Manual 6-spd,8.0,6.2,Premium Gasoline,13,21,15,573.0
44056,2022,Cadillac,CT5 V,Midsize Cars,Rear-Wheel Drive,Automatic (S10),8.0,6.2,Premium Gasoline,13,22,16,557.0
44130,2022,Cadillac,CT5 V,Midsize Cars,Rear-Wheel Drive,Automatic (S10),6.0,3.0,Premium Gasoline,18,27,21,423.0
44128,2022,Cadillac,CT5 V AWD,Midsize Cars,All-Wheel Drive,Automatic (S10),6.0,3.0,Premium Gasoline,18,26,21,419.0
44657,2022,Cadillac,Escalade 2WD,Standard Sport Utility Vehicle 2WD,Rear-Wheel Drive,Automatic 10-spd,8.0,6.2,Premium Gasoline,14,19,16,548.0
44958,2022,Cadillac,Escalade 2WD,Standard Sport Utility Vehicle 2WD,Rear-Wheel Drive,Automatic 10-spd,8.0,6.2,Premium Gasoline,14,19,16,547.0
44666,2022,Cadillac,Escalade 4WD,Standard Sport Utility Vehicle 4WD,4-Wheel Drive,Automatic 10-spd,8.0,6.2,Premium Gasoline,14,19,16,568.0
44969,2022,Cadillac,Escalade 4WD,Standard Sport Utility Vehicle 4WD,4-Wheel Drive,Automatic 10-spd,8.0,6.2,Premium Gasoline,14,19,16,555.0
43962,2022,Cadillac,XT4 AWD,Small Sport Utility Vehicle 4WD,All-Wheel Drive,Automatic (S9),4.0,2.0,Premium Gasoline,22,29,24,364.0
43959,2022,Cadillac,XT4 FWD,Small Sport Utility Vehicle 2WD,Front-Wheel Drive,Automatic (S9),4.0,2.0,Premium Gasoline,24,30,26,341.0
44014,2022,Cadillac,XT5 AWD,Small Sport Utility Vehicle 4WD,All-Wheel Drive,Automatic (S9),6.0,3.6,Regular Gasoline,18,26,21,424.0
44016,2022,Cadillac,XT5 AWD,Small Sport Utility Vehicle 4WD,All-Wheel Drive,Automatic (S9),4.0,2.0,Premium Gasoline,21,27,23,386.0
44008,2022,Cadillac,XT5 FWD,Small Sport Utility Vehicle 2WD,Front-Wheel Drive,Automatic (S9),6.0,3.6,Regular Gasoline,19,26,21,419.0
44010,2022,Cadillac,XT5 FWD,Small Sport Utility Vehicle 2WD,Front-Wheel Drive,Automatic (S9),4.0,2.0,Premium Gasoline,22,29,24,370.0
44083,2022,Cadillac,XT5 Hearse AWD,Special Purpose Vehicle 4WD,All-Wheel Drive,Automatic (S9),4.0,2.0,Premium Gasoline,20,23,21,425.0
44066,2022,Cadillac,XT5 Hearse FWD,Special Purpose Vehicle 2WD,Front-Wheel Drive,Automatic (S9),4.0,2.0,Premium Gasoline,20,23,21,425.0
44084,2022,Cadillac,XT5 Limo AWD,Special Purpose Vehicle 4WD,All-Wheel Drive,Automatic (S9),4.0,2.0,Premium Gasoline,20,23,21,425.0
44082,2022,Cadillac,XT5 Limo FWD,Special Purpose Vehicle 2WD,Front-Wheel Drive,Automatic (S9),4.0,2.0,Premium Gasoline,20,23,21,425.0
44015,2022,Cadillac,XT6 AWD,Small Sport Utility Vehicle 4WD,All-Wheel Drive,Automatic (S9),6.0,3.6,Regular Gasoline,18,25,21,433.0
44017,2022,Cadillac,XT6 AWD,Small Sport Utility Vehicle 4WD,All-Wheel Drive,Automatic (S9),4.0,2.0,Premium Gasoline,21,26,23,386.0
44009,2022,Cadillac,XT6 FWD,Small Sport Utility Vehicle 2WD,Front-Wheel Drive,Automatic (S9),6.0,3.6,Regular Gasoline,19,26,21,419.0
44011,2022,Cadillac,XT6 FWD,Small Sport Utility Vehicle 2WD,Front-Wheel Drive,Automatic (S9),4.0,2.0,Premium Gasoline,21,27,23,386.0
44018,2022,Chevrolet,Blazer AWD,Small Sport Utility Vehicle 4WD,All-Wheel Drive,Automatic 9-spd,6.0,3.6,Regular Gasoline,19,26,21,417.0
44019,2022,Chevrolet,Blazer AWD,Small Sport Utility Vehicle 4WD,All-Wheel Drive,Automatic 9-spd,4.0,2.0,Regular Gasoline,22,27,24,368.0
44012,2022,Chevrolet,Blazer FWD,Small Sport Utility Vehicle 2WD,Front-Wheel Drive,Automatic 9-spd,4.0,2.0,Regular Gasoline,22,29,25,358.0
44013,2022,Chevrolet,Blazer FWD,Small Sport Utility Vehicle 2WD,Front-Wheel Drive,Automatic 9-spd,6.0,3.6,Regular Gasoline,19,27,22,405.0
44110,2022,Chevrolet,Camaro,Subcompact Cars,Rear-Wheel Drive,Automatic (S10),8.0,6.2,Premium Gasoline,13,21,16,571.0
44111,2022,Chevrolet,Camaro,Subcompact Cars,Rear-Wheel Drive,Manual 6-spd,8.0,6.2,Premium Gasoline,14,20,16,562.0
44213,2022,Chevrolet,Camaro,Subcompact Cars,Rear-Wheel Drive,Manual 6-spd,4.0,2.0,Premium Gasoline,19,29,22,385.0
44214,2022,Chevrolet,Camaro,Subcompact Cars,Rear-Wheel Drive,Automatic (S8),4.0,2.0,Premium Gasoline,22,30,25,358.0
44230,2022,Chevrolet,Camaro,Subcompact Cars,Rear-Wheel Drive,Automatic (S10),6.0,3.6,Regular Gasoline,18,29,22,404.0
44231,2022,Chevrolet,Camaro,Subcompact Cars,Rear-Wheel Drive,Manual 6-spd,6.0,3.6,Regular Gasoline,16,26,20,452.0
44232,2022,Chevrolet,Camaro,Subcompact Cars,Rear-Wheel Drive,Manual 6-spd,8.0,6.2,Premium Gasoline,16,24,19,477.0
44282,2022,Chevrolet,Camaro,Subcompact Cars,Rear-Wheel Drive,Automatic (S10),8.0,6.2,Premium Gasoline,16,26,20,452.0
44352,2022,Chevrolet,Colorado 2WD,Small Pickup Trucks 2WD,Rear-Wheel Drive,Automatic 6-spd,4.0,2.5,Regular Gasoline,19,25,22,413.0
44384,2022,Chevrolet,Colorado 2WD,Small Pickup Trucks 2WD,Rear-Wheel Drive,Automatic 8-spd,6.0,3.6,Regular Gasoline,18,25,21,424.0
44354,2022,Chevrolet,Colorado 4WD,Small Pickup Trucks 4WD,4-Wheel Drive,Automatic 6-spd,4.0,2.5,Regular Gasoline,19,24,21,431.0
44387,2022,Chevrolet,Colorado 4WD,Small Pickup Trucks 4WD,4-Wheel Drive,Automatic 8-spd,6.0,3.6,Regular Gasoline,17,24,19,465.0
44388,2022,Chevrolet,Colorado ZR2 4WD,Small Pickup Trucks 4WD,4-Wheel Drive,Automatic 8-spd,6.0,3.6,Regular Gasoline,16,18,17,529.0
44451,2022,Chevrolet,Corvette,Two Seaters,Rear-Wheel Drive,Automatic (S8),8.0,6.2,Premium Gasoline,16,24,19,478.0
43989,2022,Chevrolet,Equinox AWD,Small Sport Utility Vehicle 4WD,All-Wheel Drive,Automatic 6-spd,4.0,1.5,Regular Gasoline,25,30,27,327.0
43985,2022,Chevrolet,Equinox FWD,Small Sport Utility Vehicle 2WD,Front-Wheel Drive,Automatic 6-spd,4.0,1.5,Regular Gasoline,26,31,28,318.0
43895,2022,Chevrolet,Malibu,Midsize Cars,Front-Wheel Drive,Automatic 9-spd,4.0,2.0,Premium Gasoline,22,33,26,342.0
43896,2022,Chevrolet,Malibu,Midsize Cars,Front-Wheel Drive,Automatic (variable gear ratios),4.0,1.5,Regular Gasoline,29,36,32,275.0
44727,2022,Chevrolet,Silverado 2WD,Standard Pickup Trucks 2WD,Rear-Wheel Drive,Automatic 8-spd,8.0,5.3,Regular Gasoline,16,21,18,505.0
44728,2022,Chevrolet,Silverado 2WD,Standard Pickup Trucks 2WD,Rear-Wheel Drive,Automatic 8-spd,4.0,2.7,Regular Gasoline,19,22,20,441.0
44729,2022,Chevrolet,Silverado 2WD,Standard Pickup Trucks 2WD,Rear-Wheel Drive,Automatic 8-spd,4.0,2.7,Regular Gasoline,19,22,20,441.0
44730,2022,Chevrolet,Silverado 2WD,Standard Pickup Trucks 2WD,Rear-Wheel Drive,Automatic 8-spd,8.0,5.3,Regular Gasoline,16,21,18,502.0
45159,2022,Chevrolet,Silverado 2WD,Standard Pickup Trucks 2WD,Rear-Wheel Drive,Automatic 10-spd,8.0,5.3,Regular Gasoline,16,21,18,489.0
45160,2022,Chevrolet,Silverado 2WD,Standard Pickup Trucks 2WD,Rear-Wheel Drive,Automatic 10-spd,8.0,5.3,Regular Gasoline,16,21,18,484.0
44634,2022,Chevrolet,Silverado 4WD,Standard Pickup Trucks 4WD,4-Wheel Drive,Automatic 10-spd,8.0,5.3,Regular Gasoline,15,19,16,545.0
44735,2022,Chevrolet,Silverado 4WD,Standard Pickup Trucks 4WD,4-Wheel Drive,Automatic 8-spd,8.0,5.3,Regular Gasoline,15,20,17,522.0
44737,2022,Chevrolet,Silverado 4WD,Standard Pickup Trucks 4WD,4-Wheel Drive,Automatic 10-spd,8.0,6.2,Premium Gasoline,14,19,16,555.0
44739,2022,Chevrolet,Silverado 4WD,Standard Pickup Trucks 4WD,4-Wheel Drive,Automatic 10-spd,8.0,6.2,Premium Gasoline,14,18,16,555.0
44740,2022,Chevrolet,Silverado 4WD,Standard Pickup Trucks 4WD,4-Wheel Drive,Automatic 10-spd,8.0,6.2,Premium Gasoline,15,20,17,529.0
44741,2022,Chevrolet,Silverado 4WD,Standard Pickup Trucks 4WD,4-Wheel Drive,Automatic 8-spd,8.0,5.3,Regular Gasoline,15,20,17,521.0
44742,2022,Chevrolet,Silverado 4WD,Standard Pickup Trucks 4WD,4-Wheel Drive,Automatic 8-spd,4.0,2.7,Regular Gasoline,17,20,18,486.0
44743,2022,Chevrolet,Silverado 4WD,Standard Pickup Trucks 4WD,4-Wheel Drive,Automatic 8-spd,4.0,2.7,Regular Gasoline,17,20,18,489.0
44827,2022,Chevrolet,Silverado 4WD,Standard Pickup Trucks 4WD,4-Wheel Drive,Automatic 10-spd,8.0,5.3,Regular Gasoline,15,19,17,526.0
45164,2022,Chevrolet,Silverado 4WD,Standard Pickup Trucks 4WD,4-Wheel Drive,Automatic 10-spd,8.0,5.3,Regular Gasoline,14,19,16,555.0
45165,2022,Chevrolet,Silverado 4WD,Standard Pickup Trucks 4WD,4-Wheel Drive,Automatic 10-spd,8.0,5.3,Regular Gasoline,14,19,16,556.0
45166,2022,Chevrolet,Silverado 4WD,Standard Pickup Trucks 4WD,4-Wheel Drive,Automatic 10-spd,8.0,5.3,Regular Gasoline,16,20,18,506.0
45129,2022,Chevrolet,Silverado 4WD ZR2,Standard Pickup Trucks 4WD,4-Wheel Drive,Automatic 10-spd,8.0,6.2,Premium Gasoline,14,17,15,588.0
44642,2022,Chevrolet,Silverado Cab Chassis 2WD,Special Purpose Vehicle 2WD,Rear-Wheel Drive,Automatic 8-spd,8.0,5.3,Regular Gasoline,14,17,15,583.0
45174,2022,Chevrolet,Silverado Cab Chassis 2WD,Special Purpose Vehicle 2WD,Rear-Wheel Drive,Automatic 10-spd,8.0,5.3,Regular Gasoline,15,18,17,536.0
44643,2022,Chevrolet,Silverado Cab Chassis 4WD,Special Purpose Vehicle 4WD,4-Wheel Drive,Automatic 8-spd,8.0,5.3,Regular Gasoline,14,17,15,589.0
45173,2022,Chevrolet,Silverado Cab Chassis 4WD,Special Purpose Vehicle 4WD,4-Wheel Drive,Automatic 10-spd,8.0,5.3,Regular Gasoline,13,17,15,611.0
45175,2022,Chevrolet,Silverado Cab Chassis 4WD,Special Purpose Vehicle 4WD,4-Wheel Drive,Automatic 10-spd,8.0,5.3,Regular Gasoline,15,17,16,555.0
44631,2022,Chevrolet,Silverado Mud Terrain Tires 4WD,Standard Pickup Trucks 4WD,4-Wheel Drive,Automatic 10-spd,8.0,5.3,Regular Gasoline,14,17,15,585.0
44633,2022,Chevrolet,Silverado Mud Terrain Tires 4WD,Standard Pickup Trucks 4WD,4-Wheel Drive,Automatic 8-spd,4.0,2.7,Regular Gasoline,16,18,17,522.0
44736,2022,Chevrolet,Silverado Mud Terrain Tires 4WD,Standard Pickup Trucks 4WD,4-Wheel Drive,Automatic 10-spd,8.0,6.2,Premium Gasoline,13,17,14,619.0
44738,2022,Chevrolet,Silverado Mud Terrain Tires 4WD,Standard Pickup Trucks 4WD,4-Wheel Drive,Automatic 10-spd,8.0,6.2,Premium Gasoline,14,18,16,566.0
44828,2022,Chevrolet,Silverado Mud Terrain Tires 4WD,Standard Pickup Trucks 4WD,4-Wheel Drive,Automatic 10-spd,8.0,5.3,Regular Gasoline,14,17,15,581.0
45163,2022,Chevrolet,Silverado Mud Terrain Tires 4WD,Standard Pickup Trucks 4WD,4-Wheel Drive,Automatic 10-spd,8.0,5.3,Regular Gasoline,13,17,15,593.0
45167,2022,Chevrolet,Silverado Mud Terrain Tires 4WD,Standard Pickup Trucks 4WD,4-Wheel Drive,Automatic 8-spd,8.0,5.3,Regular Gasoline,14,18,15,577.0
43922,2022,Chevrolet,Spark,Subcompact Cars,Front-Wheel Drive,Automatic (variable gear ratios),4.0,1.4,Regular Gasoline,30,38,33,266.0
43924,2022,Chevrolet,Spark,Subcompact Cars,Front-Wheel Drive,Manual 5-spd,4.0,1.4,Regular Gasoline,29,38,33,273.0
43923,2022,Chevrolet,Spark ACTIV,Subcompact Cars,Front-Wheel Drive,Automatic (variable gear ratios),4.0,1.4,Regular Gasoline,30,37,33,266.0
43925,2022,Chevrolet,Spark ACTIV,Subcompact Cars,Front-Wheel Drive,Manual 5-spd,4.0,1.4,Regular Gasoline,29,37,32,278.0
44659,2022,Chevrolet,Suburban 2WD,Standard Sport Utility Vehicle 2WD,Rear-Wheel Drive,Automatic 10-spd,8.0,5.3,Regular Gasoline,15,20,17,534.0
44661,2022,Chevrolet,Suburban 2WD,Standard Sport Utility Vehicle 2WD,Rear-Wheel Drive,Automatic 10-spd,8.0,6.2,Premium Gasoline,14,20,16,542.0
44960,2022,Chevrolet,Suburban 2WD,Standard Sport Utility Vehicle 2WD,Rear-Wheel Drive,Automatic 10-spd,8.0,5.3,Regular Gasoline,15,20,17,527.0
44962,2022,Chevrolet,Suburban 2WD,Standard Sport Utility Vehicle 2WD,Rear-Wheel Drive,Automatic 10-spd,8.0,6.2,Premium Gasoline,14,20,16,547.0
44667,2022,Chevrolet,Suburban 4WD,Standard Sport Utility Vehicle 4WD,4-Wheel Drive,Automatic 10-spd,8.0,5.3,Regular Gasoline,14,19,16,569.0
44669,2022,Chevrolet,Suburban 4WD,Standard Sport Utility Vehicle 4WD,4-Wheel Drive,Automatic 10-spd,8.0,6.2,Premium Gasoline,14,19,16,568.0
44971,2022,Chevrolet,Suburban 4WD,Standard Sport Utility Vehicle 4WD,4-Wheel Drive,Automatic 10-spd,8.0,5.3,Regular Gasoline,15,19,16,554.0
44973,2022,Chevrolet,Suburban 4WD,Standard Sport Utility Vehicle 4WD,4-Wheel Drive,Automatic 10-spd,8.0,6.2,Premium Gasoline,14,19,16,555.0
44658,2022,Chevrolet,Tahoe 2WD,Standard Sport Utility Vehicle 2WD,Rear-Wheel Drive,Automatic 10-spd,8.0,5.3,Regular Gasoline,15,20,17,534.0
44660,2022,Chevrolet,Tahoe 2WD,Standard Sport Utility Vehicle 2WD,Rear-Wheel Drive,Automatic 10-spd,8.0,6.2,Premium Gasoline,14,20,16,542.0
44959,2022,Chevrolet,Tahoe 2WD,Standard Sport Utility Vehicle 2WD,Rear-Wheel Drive,Automatic 10-spd,8.0,5.3,Regular Gasoline,15,20,17,527.0
44961,2022,Chevrolet,Tahoe 2WD,Standard Sport Utility Vehicle 2WD,Rear-Wheel Drive,Automatic 10-spd,8.0,6.2,Premium Gasoline,14,20,16,547.0
44668,2022,Chevrolet,Tahoe 4WD,Standard Sport Utility Vehicle 4WD,4-Wheel Drive,Automatic 10-spd,8.0,6.2,Premium Gasoline,14,19,16,568.0
44754,2022,Chevrolet,Tahoe 4WD,Standard Sport Utility Vehicle 4WD,4-Wheel Drive,Automatic 10-spd,8.0,5.3,Regular Gasoline,14,19,16,556.0
44970,2022,Chevrolet,Tahoe 4WD,Standard Sport Utility Vehicle 4WD,4-Wheel Drive,Automatic 10-spd,8.0,5.3,Regular Gasoline,15,20,17,527.0
44972,2022,Chevrolet,Tahoe 4WD,Standard Sport Utility Vehicle 4WD,4-Wheel Drive,Automatic 10-spd,8.0,6.2,Premium Gasoline,14,19,16,555.0
43860,2022,Chevrolet,Trailblazer AWD,Small Sport Utility Vehicle 4WD,All-Wheel Drive,Automatic 9-spd,3.0,1.3,Regular Gasoline,26,30,28,313.0
43856,2022,Chevrolet,Trailblazer FWD,Small Sport Utility Vehicle 2WD,Front-Wheel Drive,Automatic (variable gear ratios),3.0,1.2,Regular Gasoline,29,31,30,296.0
43857,2022,Chevrolet,Trailblazer FWD,Small Sport Utility Vehicle 2WD,Front-Wheel Drive,Automatic (variable gear ratios),3.0,1.3,Regular Gasoline,29,33,31,289.0
44088,2022,Chevrolet,Traverse AWD,Standard Sport Utility Vehicle 4WD,All-Wheel Drive,Automatic 9-spd,6.0,3.6,Regular Gasoline,17,25,20,448.0
44086,2022,Chevrolet,Traverse FWD,Standard Sport Utility Vehicle 2WD,Front-Wheel Drive,Automatic 9-spd,6.0,3.6,Regular Gasoline,18,27,21,417.0
43813,2022,Chevrolet,Trax AWD,Small Sport Utility Vehicle 4WD,All-Wheel Drive,Automatic (S6),4.0,1.4,Regular Gasoline,23,30,26,342.0
43811,2022,Chevrolet,Trax FWD,Small Sport Utility Vehicle 2WD,Front-Wheel Drive,Automatic (S6),4.0,1.4,Regular Gasoline,24,32,27,329.0
45077,2022,Chrysler,300,Large Cars,Rear-Wheel Drive,Automatic 8-spd,6.0,3.6,Regular Gasoline,19,30,23,389.0
45078,2022,Chrysler,300,Large Cars,Rear-Wheel Drive,Automatic 8-spd,8.0,5.7,Midgrade Gasoline,16,25,19,466.0
45079,2022,Chrysler,300 AWD,Large Cars,All-Wheel Drive,Automatic 8-spd,6.0,3.6,Regular Gasoline,18,27,21,415.0
44645,2022,Chrysler,Pacifica,Minivan - 2WD,Front-Wheel Drive,Automatic 9-spd,6.0,3.6,Regular Gasoline,19,28,22,401.0
44647,2022,Chrysler,Pacifica AWD,Minivan - 4WD,All-Wheel Drive,Automatic 9-spd,6.0,3.6,Regular Gasoline,17,25,20,450.0
44646,2022,Chrysler,Voyager,Minivan - 2WD,Front-Wheel Drive,Automatic 9-spd,6.0,3.6,Regular Gasoline,19,28,22,401.0
45065,2022,Dodge,Challenger,Midsize Cars,Rear-Wheel Drive,Automatic 8-spd,6.0,3.6,Regular Gasoline,19,30,23,389.0
45066,2022,Dodge,Challenger,Midsize Cars,Rear-Wheel Drive,Automatic 8-spd,8.0,5.7,Midgrade Gasoline,16,25,19,466.0
45067,2022,Dodge,Challenger,Midsize Cars,Rear-Wheel Drive,Manual 6-spd,8.0,5.7,Premium Gasoline,15,23,18,494.0
45068,2022,Dodge,Challenger,Midsize Cars,Rear-Wheel Drive,Automatic 8-spd,8.0,6.4,Premium Gasoline,15,24,18,495.0
45069,2022,Dodge,Challenger,Midsize Cars,Rear-Wheel Drive,Manual 6-spd,8.0,6.4,Premium Gasoline,14,23,17,523.0
45076,2022,Dodge,Challenger AWD,Midsize Cars,All-Wheel Drive,Automatic 8-spd,6.0,3.6,Regular Gasoline,18,27,21,415.0
45070,2022,Dodge,Challenger SRT,Midsize Cars,Rear-Wheel Drive,Automatic 8-spd,8.0,6.2,Premium Gasoline,13,22,16,546.0
45071,2022,Dodge,Challenger SRT,Midsize Cars,Rear-Wheel Drive,Manual 6-spd,8.0,6.2,Premium Gasoline,13,21,16,567.0
45074,2022,Dodge,Challenger SRT Widebody,Midsize Cars,Rear-Wheel Drive,Automatic 8-spd,8.0,6.2,Premium Gasoline,13,21,15,572.0
45075,2022,Dodge,Challenger SRT Widebody,Midsize Cars,Rear-Wheel Drive,Manual 6-spd,8.0,6.2,Premium Gasoline,13,21,16,567.0
45072,2022,Dodge,Challenger Widebody,Midsize Cars,Rear-Wheel Drive,Automatic 8-spd,8.0,6.4,Premium Gasoline,15,24,18,495.0
45073,2022,Dodge,Challenger Widebody,Midsize Cars,Rear-Wheel Drive,Manual 6-spd,8.0,6.4,Premium Gasoline,14,23,17,523.0
45080,2022,Dodge,Charger,Large Cars,Rear-Wheel Drive,Automatic 8-spd,6.0,3.6,Regular Gasoline,19,30,23,389.0
45081,2022,Dodge,Charger,Large Cars,Rear-Wheel Drive,Automatic 8-spd,8.0,5.7,Midgrade Gasoline,16,25,19,466.0
45082,2022,Dodge,Charger,Large Cars,Rear-Wheel Drive,Automatic 8-spd,8.0,6.4,Premium Gasoline,15,24,18,495.0
45085,2022,Dodge,Charger AWD,Large Cars,All-Wheel Drive,Automatic 8-spd,6.0,3.6,Regular Gasoline,18,27,21,415.0
45083,2022,Dodge,Charger SRT Widebody,Large Cars,Rear-Wheel Drive,Automatic 8-spd,8.0,6.2,Premium Gasoline,12,21,15,592.0
45084,2022,Dodge,Charger Widebody,Large Cars,Rear-Wheel Drive,Automatic 8-spd,8.0,6.4,Premium Gasoline,15,24,18,495.0
44919,2022,Dodge,Durango AWD,Standard Sport Utility Vehicle 4WD,All-Wheel Drive,Automatic 8-spd,8.0,5.7,Midgrade Gasoline,14,22,17,533.0
45041,2022,Dodge,Durango AWD,Standard Sport Utility Vehicle 4WD,All-Wheel Drive,Automatic 8-spd,6.0,3.6,Regular Gasoline,18,25,21,427.0
45038,2022,Dodge,Durango RWD,Standard Sport Utility Vehicle 2WD,Rear-Wheel Drive,Automatic 8-spd,6.0,3.6,Regular Gasoline,19,26,21,414.0
45097,2022,Dodge,Durango RWD,Standard Sport Utility Vehicle 2WD,Rear-Wheel Drive,Automatic 8-spd,8.0,5.7,Midgrade Gasoline,14,22,17,525.0
45098,2022,Dodge,Durango SRT AWD,Standard Sport Utility Vehicle 4WD,All-Wheel Drive,Automatic 8-spd,8.0,6.4,Premium Gasoline,13,19,15,584.0
44453,2022,Ferrari,812 Competizione,Two Seaters,Rear-Wheel Drive,Automatic (AM7),12.0,6.5,Premium Gasoline,12,16,14,652.0
44414,2022,Ferrari,812 GTS,Two Seaters,Rear-Wheel Drive,Automatic (AM7),12.0,6.5,Premium Gasoline,12,15,13,665.0
44413,2022,Ferrari,F8 Spider,Two Seaters,Rear-Wheel Drive,Automatic (AM7),8.0,3.9,Premium Gasoline,15,18,16,552.0
44452,2022,Ferrari,F8 Tributo,Two Seaters,Rear-Wheel Drive,Automatic (AM7),8.0,3.9,Premium Gasoline,15,19,16,541.0
44463,2022,Ferrari,Portofino M,Minicompact Cars,Rear-Wheel Drive,Automatic (AM8),8.0,3.9,Premium Gasoline,16,23,19,471.0
44430,2022,Ferrari,Roma,Subcompact Cars,Rear-Wheel Drive,Automatic (AM8),8.0,3.9,Premium Gasoline,17,22,19,472.0
44708,2022,Fiat,500X AWD,Small Sport Utility Vehicle 4WD,All-Wheel Drive,Automatic 9-spd,4.0,1.3,Regular Gasoline,24,30,26,356.0
44993,2022,Ford,Bronco 4WD,Small Sport Utility Vehicle 4WD,Part-time 4-Wheel Drive,Automatic (S10),6.0,2.7,Regular Gasoline,19,20,19,456.0
44995,2022,Ford,Bronco 4WD,Small Sport Utility Vehicle 4WD,Part-time 4-Wheel Drive,Manual 7-spd,4.0,2.3,Regular Gasoline,20,21,20,439.0
44998,2022,Ford,Bronco 4WD,Small Sport Utility Vehicle 4WD,Part-time 4-Wheel Drive,Automatic (S10),4.0,2.3,Regular Gasoline,20,21,20,437.0
44994,2022,Ford,Bronco Badlands 4WD,Small Sport Utility Vehicle 4WD,Part-time 4-Wheel Drive,Automatic (S10),6.0,2.7,Regular Gasoline,17,17,17,529.0
44997,2022,Ford,Bronco Badlands 4WD,Small Sport Utility Vehicle 4WD,Part-time 4-Wheel Drive,Manual 7-spd,4.0,2.3,Regular Gasoline,16,17,17,538.0
45001,2022,Ford,Bronco Badlands 4WD,Small Sport Utility Vehicle 4WD,Part-time 4-Wheel Drive,Automatic (S10),4.0,2.3,Regular Gasoline,17,17,17,519.0
44996,2022,Ford,Bronco Black Diamond 4WD,Small Sport Utility Vehicle 4WD,Part-time 4-Wheel Drive,Manual 7-spd,4.0,2.3,Regular Gasoline,17,19,18,494.0
44999,2022,Ford,Bronco Black Diamond 4WD,Small Sport Utility Vehicle 4WD,Part-time 4-Wheel Drive,Automatic (S10),4.0,2.3,Regular Gasoline,18,18,18,493.0
45332,2022,Ford,Bronco Raptor 4WD,Standard Sport Utility Vehicle 4WD,Part-time 4-Wheel Drive,Automatic (S10),6.0,3.0,Regular Gasoline,15,16,15,577.0
44902,2022,Ford,Bronco Sasquatch 4WD,Small Sport Utility Vehicle 4WD,Part-time 4-Wheel Drive,Automatic (S10),6.0,2.7,Regular Gasoline,17,17,17,531.0
45000,2022,Ford,Bronco Sasquatch 4WD,Small Sport Utility Vehicle 4WD,Part-time 4-Wheel Drive,Automatic (S10),4.0,2.3,Regular Gasoline,18,17,18,494.0
45002,2022,Ford,Bronco Sasquatch 4WD,Small Sport Utility Vehicle 4WD,Part-time 4-Wheel Drive,Manual 7-spd,4.0,2.3,Regular Gasoline,17,18,18,494.0
44816,2022,Ford,Bronco Sport 4WD,Small Sport Utility Vehicle 4WD,All-Wheel Drive,Automatic 8-spd,3.0,1.5,Regular Gasoline,25,28,26,342.0
44817,2022,Ford,Bronco Sport 4WD,Small Sport Utility Vehicle 4WD,Part-time 4-Wheel Drive,Automatic (S8),4.0,2.0,Regular Gasoline,21,26,23,387.0
45100,2022,Ford,EcoSport AWD,Small Sport Utility Vehicle 4WD,All-Wheel Drive,Automatic (S6),4.0,2.0,Regular Gasoline,23,29,25,351.0
44709,2022,Ford,Edge AWD,Small Sport Utility Vehicle 4WD,All-Wheel Drive,Automatic 8-spd,4.0,2.0,Regular Gasoline,21,28,23,380.0
44710,2022,Ford,Edge AWD,Small Sport Utility Vehicle 4WD,All-Wheel Drive,Automatic (S8),4.0,2.0,Regular Gasoline,20,28,23,388.0
44711,2022,Ford,Edge AWD,Small Sport Utility Vehicle 4WD,All-Wheel Drive,Automatic (S8),6.0,2.7,Regular Gasoline,19,25,21,423.0
44814,2022,Ford,Escape AWD,Small Sport Utility Vehicle 4WD,All-Wheel Drive,Automatic 8-spd,3.0,1.5,Regular Gasoline,26,31,28,318.0
44815,2022,Ford,Escape AWD,Small Sport Utility Vehicle 4WD,All-Wheel Drive,Automatic 8-spd,4.0,2.0,Regular Gasoline,22,31,26,347.0
44810,2022,Ford,Escape FWD,Small Sport Utility Vehicle 2WD,Front-Wheel Drive,Automatic 8-spd,3.0,1.5,Regular Gasoline,28,34,30,293.0
45149,2022,Ford,Expedition 2WD,Standard Sport Utility Vehicle 2WD,Rear-Wheel Drive,Automatic (S10),6.0,3.5,Regular Gasoline,17,23,19,462.0
45150,2022,Ford,Expedition 2WD,Standard Sport Utility Vehicle 2WD,Rear-Wheel Drive,Automatic (S10),6.0,3.5,Regular Gasoline,16,23,19,468.0
45152,2022,Ford,Expedition 4WD,Standard Sport Utility Vehicle 4WD,Part-time 4-Wheel Drive,Automatic (S10),6.0,3.5,Regular Gasoline,16,22,18,484.0
45153,2022,Ford,Expedition 4WD,Standard Sport Utility Vehicle 4WD,Part-time 4-Wheel Drive,Automatic (S10),6.0,3.5,Regular Gasoline,16,21,18,494.0
45154,2022,Ford,Expedition Timberline AWD,Standard Sport Utility Vehicle 4WD,Part-time 4-Wheel Drive,Automatic (S10),6.0,3.5,Regular Gasoline,15,19,17,523.0
45155,2022,Ford,Expedition Timberline AWD,Standard Sport Utility Vehicle 4WD,Part-time 4-Wheel Drive,Automatic (S10),6.0,3.5,Regular Gasoline,16,19,17,523.0
44823,2022,Ford,Explorer AWD,Standard Sport Utility Vehicle 4WD,Part-time 4-Wheel Drive,Automatic (S10),6.0,3.0,Regular Gasoline,18,24,20,444.0
44826,2022,Ford,Explorer AWD,Standard Sport Utility Vehicle 4WD,Part-time 4-Wheel Drive,Automatic 10-spd,6.0,3.0,Regular Gasoline,18,24,20,445.0
44974,2022,Ford,Explorer AWD,Standard Sport Utility Vehicle 4WD,Part-time 4-Wheel Drive,Automatic 10-spd,4.0,2.3,Regular Gasoline,20,27,23,387.0
44977,2022,Ford,Explorer AWD,Standard Sport Utility Vehicle 4WD,Part-time 4-Wheel Drive,Automatic 10-spd,4.0,2.3,Regular Gasoline,20,26,22,404.0
44821,2022,Ford,Explorer RWD,Standard Sport Utility Vehicle 2WD,Rear-Wheel Drive,Automatic 10-spd,6.0,3.0,Regular Gasoline,18,26,21,428.0
44822,2022,Ford,Explorer RWD,Standard Sport Utility Vehicle 2WD,Rear-Wheel Drive,Automatic (S10),6.0,3.0,Regular Gasoline,18,25,20,437.0
44963,2022,Ford,Explorer RWD,Standard Sport Utility Vehicle 2WD,Rear-Wheel Drive,Automatic 10-spd,4.0,2.3,Regular Gasoline,21,28,24,370.0
44964,2022,Ford,Explorer RWD,Standard Sport Utility Vehicle 2WD,Rear-Wheel Drive,Automatic 10-spd,4.0,2.3,Regular Gasoline,20,28,23,386.0
44975,2022,Ford,Explorer Timberline AWD,Standard Sport Utility Vehicle 4WD,Part-time 4-Wheel Drive,Automatic (S10),4.0,2.3,Regular Gasoline,19,22,21,433.0
44978,2022,Ford,Explorer Timberline AWD,Standard Sport Utility Vehicle 4WD,Part-time 4-Wheel Drive,Automatic (S10),4.0,2.3,Regular Gasoline,19,21,20,445.0
44865,2022,Ford,F150 Pickup 2WD,Standard Pickup Trucks 2WD,Rear-Wheel Drive,Automatic (S10),6.0,2.7,Regular Gasoline,20,26,22,404.0
44867,2022,Ford,F150 Pickup 2WD,Standard Pickup Trucks 2WD,Rear-Wheel Drive,Automatic (S10),6.0,3.5,Regular Gasoline,18,24,20,436.0
44869,2022,Ford,F150 Pickup 2WD,Standard Pickup Trucks 2WD,Rear-Wheel Drive,Automatic (S10),6.0,3.5,Regular Gasoline,17,24,20,444.0
44871,2022,Ford,F150 Pickup 4WD,Standard Pickup Trucks 4WD,Part-time 4-Wheel Drive,Automatic (S10),6.0,2.7,Regular Gasoline,19,24,21,433.0
44873,2022,Ford,F150 Pickup 4WD,Standard Pickup Trucks 4WD,Part-time 4-Wheel Drive,Automatic (S10),6.0,3.5,Regular Gasoline,18,23,20,444.0
44877,2022,Ford,F150 Pickup 4WD,Standard Pickup Trucks 4WD,Part-time 4-Wheel Drive,Automatic (S10),6.0,2.7,Regular Gasoline,17,23,20,453.0
44878,2022,Ford,F150 Pickup 4WD,Standard Pickup Trucks 4WD,Part-time 4-Wheel Drive,Automatic (S10),6.0,3.5,Regular Gasoline,17,23,19,467.0
44876,2022,Ford,F150 Pickup Tremor 4WD,Standard Pickup Trucks 4WD,Part-time 4-Wheel Drive,Automatic (S10),6.0,3.5,Regular Gasoline,16,20,18,498.0
44882,2022,Ford,F150 Pickup Tremor 4WD,Standard Pickup Trucks 4WD,Part-time 4-Wheel Drive,Automatic (S10),6.0,3.5,Regular Gasoline,16,20,18,503.0
44875,2022,Ford,F150 RAPTOR 37 4WD,Standard Pickup Trucks 4WD,Part-time 4-Wheel Drive,Automatic (S10),6.0,3.5,Regular Gasoline,15,16,15,578.0
44881,2022,Ford,F150 RAPTOR 37 4WD,Standard Pickup Trucks 4WD,Part-time 4-Wheel Drive,Automatic (S10),6.0,3.5,Regular Gasoline,14,16,15,596.0
44879,2022,Ford,F150 RAPTOR 4WD,Standard Pickup Trucks 4WD,Part-time 4-Wheel Drive,Automatic (S10),6.0,3.5,Regular Gasoline,15,18,16,553.0
44880,2022,Ford,F150 RAPTOR 4WD,Standard Pickup Trucks 4WD,Part-time 4-Wheel Drive,Automatic (S10),6.0,3.5,Regular Gasoline,14,18,15,593.0
45063,2022,Ford,GT,Two Seaters,Rear-Wheel Drive,Automatic (AM7),6.0,3.5,Premium Gasoline,12,18,14,632.0
44476,2022,Ford,Maverick AWD,Small Pickup Trucks 4WD,All-Wheel Drive,Automatic 8-spd,4.0,2.0,Regular Gasoline,22,29,25,356.0
44473,2022,Ford,Maverick FWD,Small Pickup Trucks 2WD,Front-Wheel Drive,Automatic 8-spd,4.0,2.0,Regular Gasoline,23,30,26,342.0
45044,2022,Ford,Mustang,Subcompact Cars,Rear-Wheel Drive,Automatic 10-spd,4.0,2.3,Regular Gasoline,22,32,25,350.0
45045,2022,Ford,Mustang,Subcompact Cars,Rear-Wheel Drive,Manual 6-spd,4.0,2.3,Regular Gasoline,21,29,24,373.0
45047,2022,Ford,Mustang,Subcompact Cars,Rear-Wheel Drive,Automatic (S10),4.0,2.3,Regular Gasoline,21,32,25,354.0
45049,2022,Ford,Mustang,Subcompact Cars,Rear-Wheel Drive,Manual 6-spd,8.0,5.0,Regular Gasoline,15,24,18,500.0
45050,2022,Ford,Mustang,Subcompact Cars,Rear-Wheel Drive,Automatic (S10),8.0,5.0,Regular Gasoline,15,24,19,479.0
45054,2022,Ford,Mustang Convertible,Subcompact Cars,Rear-Wheel Drive,Automatic 10-spd,4.0,2.3,Regular Gasoline,20,28,23,386.0
45055,2022,Ford,Mustang Convertible,Subcompact Cars,Rear-Wheel Drive,Manual 6-spd,4.0,2.3,Regular Gasoline,20,27,23,386.0
45056,2022,Ford,Mustang Convertible,Subcompact Cars,Rear-Wheel Drive,Automatic (S10),4.0,2.3,Regular Gasoline,20,28,23,386.0
45058,2022,Ford,Mustang Convertible,Subcompact Cars,Rear-Wheel Drive,Automatic (S10),8.0,5.0,Regular Gasoline,15,23,18,497.0
45053,2022,Ford,Mustang HO Convertible,Subcompact Cars,Rear-Wheel Drive,Manual 6-spd,4.0,2.3,Regular Gasoline,19,25,21,423.0
45057,2022,Ford,Mustang HO Convertible,Subcompact Cars,Rear-Wheel Drive,Automatic (S10),4.0,2.3,Regular Gasoline,19,26,22,404.0
45046,2022,Ford,Mustang HO Coupe,Subcompact Cars,Rear-Wheel Drive,Manual 6-spd,4.0,2.3,Regular Gasoline,20,27,22,396.0
45048,2022,Ford,Mustang HO Coupe,Subcompact Cars,Rear-Wheel Drive,Automatic (S10),4.0,2.3,Regular Gasoline,20,27,23,386.0
45051,2022,Ford,Mustang Mach 1,Subcompact Cars,Rear-Wheel Drive,Automatic (S10),8.0,5.0,Regular Gasoline,15,23,18,493.0
45052,2022,Ford,Mustang Mach 1,Subcompact Cars,Rear-Wheel Drive,Manual 6-spd,8.0,5.0,Regular Gasoline,14,22,17,523.0
44986,2022,Ford,Ranger 2WD,Standard Pickup Trucks 2WD,Rear-Wheel Drive,Automatic (S10),4.0,2.3,Regular Gasoline,21,26,23,387.0
45211,2022,Ford,Ranger 2WD,Standard Pickup Trucks 2WD,Rear-Wheel Drive,Automatic (S10),4.0,2.3,Regular Gasoline,20,26,22,397.0
44988,2022,Ford,Ranger 4WD,Standard Pickup Trucks 4WD,Part-time 4-Wheel Drive,Automatic (S10),4.0,2.3,Regular Gasoline,20,24,22,411.0
45213,2022,Ford,Ranger 4WD,Standard Pickup Trucks 4WD,Part-time 4-Wheel Drive,Automatic (S10),4.0,2.3,Regular Gasoline,19,24,21,420.0
44989,2022,Ford,Ranger Tremor 4WD,Standard Pickup Trucks 4WD,Part-time 4-Wheel Drive,Automatic (S10),4.0,2.3,Regular Gasoline,19,19,19,468.0
45290,2022,Ford,Shelby GT500 Mustang,Subcompact Cars,Rear-Wheel Drive,Automatic (AM-S7),8.0,5.2,Premium Gasoline,12,18,14,631.0
43938,2022,Ford,Transit Connect USPS,Special Purpose Vehicle 2WD,Front-Wheel Drive,Automatic (S6),4.0,2.5,Regular Gasoline,20,27,22,396.0
43936,2022,Ford,Transit Connect Van FWD,Special Purpose Vehicle 2WD,Front-Wheel Drive,Automatic (S6),4.0,2.5,Regular Gasoline,20,26,22,401.0
43939,2022,Ford,Transit Connect Van FWD,Special Purpose Vehicle 2WD,Front-Wheel Drive,Automatic (S8),4.0,2.0,Regular Gasoline,24,27,25,355.0
43937,2022,Ford,Transit Connect Wagon LWB FWD,Special Purpose Vehicle 2WD,Front-Wheel Drive,Automatic (S6),4.0,2.5,Regular Gasoline,20,26,22,404.0
43941,2022,Ford,Transit Connect Wagon LWB FWD,Special Purpose Vehicle 2WD,Front-Wheel Drive,Automatic (S8),4.0,2.0,Regular Gasoline,24,28,26,347.0
44022,2022,GMC,Acadia AWD,Standard Sport Utility Vehicle 4WD,All-Wheel Drive,Automatic 9-spd,6.0,3.6,Regular Gasoline,19,26,21,417.0
44023,2022,GMC,Acadia AWD,Standard Sport Utility Vehicle 4WD,All-Wheel Drive,Automatic 9-spd,4.0,2.0,Regular Gasoline,22,27,24,368.0
44020,2022,GMC,Acadia FWD,Standard Sport Utility Vehicle 2WD,Front-Wheel Drive,Automatic 9-spd,4.0,2.0,Regular Gasoline,22,29,25,358.0
44021,2022,GMC,Acadia FWD,Standard Sport Utility Vehicle 2WD,Front-Wheel Drive,Automatic 9-spd,6.0,3.6,Regular Gasoline,19,27,22,405.0
44353,2022,GMC,Canyon 2WD,Small Pickup Trucks 2WD,Rear-Wheel Drive,Automatic 6-spd,4.0,2.5,Regular Gasoline,19,25,22,413.0
44386,2022,GMC,Canyon 2WD,Small Pickup Trucks 2WD,Rear-Wheel Drive,Automatic 8-spd,6.0,3.6,Regular Gasoline,18,25,21,424.0
44355,2022,GMC,Canyon 4WD,Small Pickup Trucks 4WD,4-Wheel Drive,Automatic 6-spd,4.0,2.5,Regular Gasoline,19,24,21,431.0
44391,2022,GMC,Canyon 4WD,Small Pickup Trucks 4WD,4-Wheel Drive,Automatic 8-spd,6.0,3.6,Regular Gasoline,17,24,19,465.0
44731,2022,GMC,Sierra 2WD,Standard Pickup Trucks 2WD,Rear-Wheel Drive,Automatic 8-spd,8.0,5.3,Regular Gasoline,16,21,18,506.0
44732,2022,GMC,Sierra 2WD,Standard Pickup Trucks 2WD,Rear-Wheel Drive,Automatic 8-spd,4.0,2.7,Regular Gasoline,19,22,20,441.0
44733,2022,GMC,Sierra 2WD,Standard Pickup Trucks 2WD,Rear-Wheel Drive,Automatic 8-spd,4.0,2.7,Regular Gasoline,19,22,20,441.0
44734,2022,GMC,Sierra 2WD,Standard Pickup Trucks 2WD,Rear-Wheel Drive,Automatic 8-spd,8.0,5.3,Regular Gasoline,16,21,18,503.0
45161,2022,GMC,Sierra 2WD,Standard Pickup Trucks 2WD,Rear-Wheel Drive,Automatic 10-spd,8.0,5.3,Regular Gasoline,16,21,18,491.0
45162,2022,GMC,Sierra 2WD,Standard Pickup Trucks 2WD,Rear-Wheel Drive,Automatic 10-spd,8.0,5.3,Regular Gasoline,16,21,18,484.0
44639,2022,GMC,Sierra 4WD,Standard Pickup Trucks 4WD,4-Wheel Drive,Automatic 10-spd,8.0,5.3,Regular Gasoline,15,19,16,545.0
44744,2022,GMC,Sierra 4WD,Standard Pickup Trucks 4WD,4-Wheel Drive,Automatic 8-spd,8.0,5.3,Regular Gasoline,15,20,17,521.0
44745,2022,GMC,Sierra 4WD,Standard Pickup Trucks 4WD,4-Wheel Drive,Automatic 8-spd,8.0,5.3,Regular Gasoline,15,20,17,523.0
44747,2022,GMC,Sierra 4WD,Standard Pickup Trucks 4WD,4-Wheel Drive,Automatic 10-spd,8.0,6.2,Premium Gasoline,14,19,16,555.0
44749,2022,GMC,Sierra 4WD,Standard Pickup Trucks 4WD,4-Wheel Drive,Automatic 10-spd,8.0,6.2,Premium Gasoline,15,20,17,529.0
44750,2022,GMC,Sierra 4WD,Standard Pickup Trucks 4WD,4-Wheel Drive,Automatic 8-spd,4.0,2.7,Regular Gasoline,17,20,18,492.0
44751,2022,GMC,Sierra 4WD,Standard Pickup Trucks 4WD,4-Wheel Drive,Automatic 8-spd,4.0,2.7,Regular Gasoline,17,20,18,489.0
44829,2022,GMC,Sierra 4WD,Standard Pickup Trucks 4WD,4-Wheel Drive,Automatic 10-spd,8.0,5.3,Regular Gasoline,15,19,17,529.0
45169,2022,GMC,Sierra 4WD,Standard Pickup Trucks 4WD,4-Wheel Drive,Automatic 10-spd,8.0,5.3,Regular Gasoline,14,19,16,555.0
45170,2022,GMC,Sierra 4WD,Standard Pickup Trucks 4WD,4-Wheel Drive,Automatic 10-spd,8.0,5.3,Regular Gasoline,14,19,16,550.0
45171,2022,GMC,Sierra 4WD,Standard Pickup Trucks 4WD,4-Wheel Drive,Automatic 10-spd,8.0,5.3,Regular Gasoline,16,20,17,513.0
44704,2022,GMC,Sierra Cab Chassis 2WD,Special Purpose Vehicle 2WD,Rear-Wheel Drive,Automatic 8-spd,8.0,5.3,Regular Gasoline,14,17,15,583.0
45177,2022,GMC,Sierra Cab Chassis 2WD,Special Purpose Vehicle 2WD,Rear-Wheel Drive,Automatic 10-spd,8.0,5.3,Regular Gasoline,15,18,17,536.0
44644,2022,GMC,Sierra Cab Chassis 4WD,Special Purpose Vehicle 4WD,4-Wheel Drive,Automatic 8-spd,8.0,5.3,Regular Gasoline,14,17,15,589.0
45176,2022,GMC,Sierra Cab Chassis 4WD,Special Purpose Vehicle 4WD,4-Wheel Drive,Automatic 10-spd,8.0,5.3,Regular Gasoline,13,17,15,611.0
45178,2022,GMC,Sierra Cab Chassis 4WD,Special Purpose Vehicle 4WD,4-Wheel Drive,Automatic 10-spd,8.0,5.3,Regular Gasoline,15,17,16,555.0
44637,2022,GMC,Sierra Mud Terrain Tires 4WD,Standard Pickup Trucks 4WD,4-Wheel Drive,Automatic 8-spd,8.0,5.3,Regular Gasoline,14,18,15,577.0
44638,2022,GMC,Sierra Mud Terrain Tires 4WD,Standard Pickup Trucks 4WD,4-Wheel Drive,Automatic 8-spd,4.0,2.7,Regular Gasoline,16,18,17,522.0
44746,2022,GMC,Sierra Mud Terrain Tires 4WD,Standard Pickup Trucks 4WD,4-Wheel Drive,Automatic 10-spd,8.0,6.2,Premium Gasoline,13,17,14,620.0
44748,2022,GMC,Sierra Mud Terrain Tires 4WD,Standard Pickup Trucks 4WD,4-Wheel Drive,Automatic 10-spd,8.0,6.2,Premium Gasoline,14,18,16,566.0
45168,2022,GMC,Sierra Mud Terrain Tires 4WD,Standard Pickup Trucks 4WD,4-Wheel Drive,Automatic 10-spd,8.0,5.3,Regular Gasoline,13,17,15,592.0
45172,2022,GMC,Sierra Mud Terrain Tires 4WD,Standard Pickup Trucks 4WD,4-Wheel Drive,Automatic 10-spd,8.0,5.3,Regular Gasoline,14,17,15,580.0
43990,2022,GMC,Terrain AWD,Small Sport Utility Vehicle 4WD,All-Wheel Drive,Automatic 9-spd,4.0,1.5,Regular Gasoline,25,28,26,342.0
43986,2022,GMC,Terrain FWD,Small Sport Utility Vehicle 2WD,Front-Wheel Drive,Automatic 9-spd,4.0,1.5,Regular Gasoline,25,30,27,330.0
44662,2022,GMC,Yukon 2WD,Standard Sport Utility Vehicle 2WD,Rear-Wheel Drive,Automatic 10-spd,8.0,5.3,Regular Gasoline,15,20,17,534.0
44664,2022,GMC,Yukon 2WD,Standard Sport Utility Vehicle 2WD,Rear-Wheel Drive,Automatic 10-spd,8.0,6.2,Premium Gasoline,14,20,16,542.0
44965,2022,GMC,Yukon 2WD,Standard Sport Utility Vehicle 2WD,Rear-Wheel Drive,Automatic 10-spd,8.0,5.3,Regular Gasoline,15,20,17,527.0
44967,2022,GMC,Yukon 2WD,Standard Sport Utility Vehicle 2WD,Rear-Wheel Drive,Automatic 10-spd,8.0,6.2,Premium Gasoline,14,20,16,547.0
44671,2022,GMC,Yukon 4WD,Standard Sport Utility Vehicle 4WD,4-Wheel Drive,Automatic 10-spd,8.0,5.3,Regular Gasoline,14,19,16,556.0
44673,2022,GMC,Yukon 4WD,Standard Sport Utility Vehicle 4WD,4-Wheel Drive,Automatic 10-spd,8.0,6.2,Premium Gasoline,14,19,16,568.0
44980,2022,GMC,Yukon 4WD,Standard Sport Utility Vehicle 4WD,4-Wheel Drive,Automatic 10-spd,8.0,5.3,Regular Gasoline,15,20,17,527.0
44982,2022,GMC,Yukon 4WD,Standard Sport Utility Vehicle 4WD,4-Wheel Drive,Automatic 10-spd,8.0,6.2,Premium Gasoline,14,19,16,555.0
44665,2022,GMC,Yukon XL 2WD,Standard Sport Utility Vehicle 2WD,Rear-Wheel Drive,Automatic 10-spd,8.0,6.2,Premium Gasoline,14,19,16,562.0
44720,2022,GMC,Yukon XL 2WD,Standard Sport Utility Vehicle 2WD,Rear-Wheel Drive,Automatic 10-spd,8.0,5.3,Regular Gasoline,15,20,17,534.0
44966,2022,GMC,Yukon XL 2WD,Standard Sport Utility Vehicle 2WD,Rear-Wheel Drive,Automatic 10-spd,8.0,5.3,Regular Gasoline,15,20,17,527.0
44968,2022,GMC,Yukon XL 2WD,Standard Sport Utility Vehicle 2WD,Rear-Wheel Drive,Automatic 10-spd,8.0,6.2,Premium Gasoline,14,19,16,561.0
44670,2022,GMC,Yukon XL 4WD,Standard Sport Utility Vehicle 4WD,4-Wheel Drive,Automatic 10-spd,8.0,5.3,Regular Gasoline,14,19,16,569.0
44672,2022,GMC,Yukon XL 4WD,Standard Sport Utility Vehicle 4WD,4-Wheel Drive,Automatic 10-spd,8.0,6.2,Premium Gasoline,14,19,16,568.0
44979,2022,GMC,Yukon XL 4WD,Standard Sport Utility Vehicle 4WD,4-Wheel Drive,Automatic 10-spd,8.0,5.3,Regular Gasoline,15,19,16,554.0
44981,2022,GMC,Yukon XL 4WD,Standard Sport Utility Vehicle 4WD,4-Wheel Drive,Automatic 10-spd,8.0,6.2,Premium Gasoline,14,19,16,555.0
43791,2022,Genesis,G70 AWD,Compact Cars,All-Wheel Drive,Automatic (S8),6.0,3.3,Premium Gasoline,17,25,20,447.0
43926,2022,Genesis,G70 AWD,Compact Cars,All-Wheel Drive,Automatic (S8),4.0,2.0,Premium Gasoline,20,28,23,385.0
43748,2022,Genesis,G70 RWD,Compact Cars,Rear-Wheel Drive,Automatic (S8),6.0,3.3,Premium Gasoline,18,27,21,433.0
43927,2022,Genesis,G70 RWD,Compact Cars,Rear-Wheel Drive,Automatic (S8),4.0,2.0,Premium Gasoline,21,31,24,367.0
43973,2022,Genesis,G80 AWD,Large Cars,All-Wheel Drive,Automatic (S8),4.0,2.5,Premium Gasoline,22,30,25,360.0
44298,2022,Genesis,G80 AWD,Large Cars,All-Wheel Drive,Automatic (S8),6.0,3.5,Premium Gasoline,17,26,20,439.0
43974,2022,Genesis,G80 RWD,Large Cars,Rear-Wheel Drive,Automatic (S8),4.0,2.5,Premium Gasoline,23,32,26,345.0
43844,2022,Genesis,G90 AWD,Large Cars,All-Wheel Drive,Automatic (S8),6.0,3.3,Premium Gasoline,17,24,20,460.0
43846,2022,Genesis,G90 AWD,Large Cars,All-Wheel Drive,Automatic (S8),8.0,5.0,Premium Gasoline,16,23,18,488.0
43845,2022,Genesis,G90 RWD,Large Cars,Rear-Wheel Drive,Automatic (S8),6.0,3.3,Premium Gasoline,17,24,19,459.0
43847,2022,Genesis,G90 RWD,Large Cars,Rear-Wheel Drive,Automatic (S8),8.0,5.0,Premium Gasoline,16,24,19,481.0
43752,2022,Genesis,GV70 AWD,Small Sport Utility Vehicle 4WD,All-Wheel Drive,Automatic (S8),6.0,3.5,Premium Gasoline,19,25,21,428.0
43861,2022,Genesis,GV70 AWD,Small Sport Utility Vehicle 4WD,All-Wheel Drive,Automatic (S8),4.0,2.5,Premium Gasoline,19,26,22,408.0
43862,2022,Genesis,GV70 AWD,Small Sport Utility Vehicle 4WD,All-Wheel Drive,Automatic (S8),4.0,2.5,Premium Gasoline,22,28,24,368.0
44335,2022,Genesis,GV80 AWD,Standard Sport Utility Vehicle 4WD,All-Wheel Drive,Automatic (S8),4.0,2.5,Premium Gasoline,21,25,22,401.0
44336,2022,Genesis,GV80 AWD,Standard Sport Utility Vehicle 4WD,All-Wheel Drive,Automatic (S8),6.0,3.5,Premium Gasoline,18,23,20,448.0
44307,2022,Genesis,GV80 RWD,Small Sport Utility Vehicle 2WD,Rear-Wheel Drive,Automatic (S8),4.0,2.5,Premium Gasoline,21,25,23,394.0
44565,2022,Honda,Accord,Large Cars,Front-Wheel Drive,Automatic (variable gear ratios),4.0,1.5,Regular Gasoline,30,38,33,268.0
44566,2022,Honda,Accord Sport/Touring,Large Cars,Front-Wheel Drive,Automatic (AV-S7),4.0,1.5,Regular Gasoline,29,35,32,278.0
44567,2022,Honda,Accord Sport/Touring,Large Cars,Front-Wheel Drive,Automatic (S10),4.0,2.0,Regular Gasoline,22,32,26,345.0
44434,2022,Honda,CR-V AWD,Small Sport Utility Vehicle 4WD,All-Wheel Drive,Automatic (variable gear ratios),4.0,1.5,Regular Gasoline,27,32,29,305.0
44432,2022,Honda,CR-V FWD,Small Sport Utility Vehicle 2WD,Front-Wheel Drive,Automatic (variable gear ratios),4.0,1.5,Regular Gasoline,28,34,30,294.0
44131,2022,Honda,Civic 4Dr,Midsize Cars,Front-Wheel Drive,Automatic (variable gear ratios),4.0,1.5,Regular Gasoline,33,42,36,243.0
44132,2022,Honda,Civic 4Dr,Midsize Cars,Front-Wheel Drive,Automatic (AV-S7),4.0,1.5,Regular Gasoline,31,38,34,260.0
44133,2022,Honda,Civic 4Dr,Midsize Cars,Front-Wheel Drive,Automatic (variable gear ratios),4.0,2.0,Regular Gasoline,31,40,35,254.0
44134,2022,Honda,Civic 4Dr,Midsize Cars,Front-Wheel Drive,Automatic (AV-S7),4.0,2.0,Regular Gasoline,30,37,33,266.0
44846,2022,Honda,Civic 4Dr,Midsize Cars,Front-Wheel Drive,Manual 6-spd,4.0,1.5,Premium Gasoline,27,37,31,285.0
44545,2022,Honda,Civic 5Dr,Large Cars,Front-Wheel Drive,Automatic (variable gear ratios),4.0,1.5,Regular Gasoline,31,39,35,258.0
44546,2022,Honda,Civic 5Dr,Large Cars,Front-Wheel Drive,Automatic (AV-S7),4.0,1.5,Regular Gasoline,30,37,33,267.0
44547,2022,Honda,Civic 5Dr,Large Cars,Front-Wheel Drive,Manual 6-spd,4.0,1.5,Regular Gasoline,28,37,31,282.0
44548,2022,Honda,Civic 5Dr,Large Cars,Front-Wheel Drive,Automatic (variable gear ratios),4.0,2.0,Regular Gasoline,30,38,33,269.0
44549,2022,Honda,Civic 5Dr,Large Cars,Front-Wheel Drive,Automatic (AV-S7),4.0,2.0,Regular Gasoline,29,37,32,277.0
44550,2022,Honda,Civic 5Dr,Large Cars,Front-Wheel Drive,Manual 6-spd,4.0,2.0,Regular Gasoline,26,36,29,304.0
44250,2022,Honda,HR-V AWD,Small Station Wagons,All-Wheel Drive,Automatic (variable gear ratios),4.0,1.8,Regular Gasoline,27,31,29,311.0
44251,2022,Honda,HR-V AWD,Small Station Wagons,All-Wheel Drive,Automatic (AV-S7),4.0,1.8,Regular Gasoline,26,31,28,314.0
44252,2022,Honda,HR-V FWD,Small Station Wagons,Front-Wheel Drive,Automatic (variable gear ratios),4.0,1.8,Regular Gasoline,28,34,30,292.0
44253,2022,Honda,HR-V FWD,Small Station Wagons,Front-Wheel Drive,Automatic (AV-S7),4.0,1.8,Regular Gasoline,28,34,30,292.0
43697,2022,Honda,Odyssey,Minivan - 2WD,Front-Wheel Drive,Automatic (S10),6.0,3.5,Regular Gasoline,19,28,22,394.0
44903,2022,Honda,Passport AWD,Small Sport Utility Vehicle 4WD,All-Wheel Drive,Automatic (S9),6.0,3.5,Regular Gasoline,19,24,21,416.0
44901,2022,Honda,Passport FWD,Small Sport Utility Vehicle 2WD,Front-Wheel Drive,Automatic (S9),6.0,3.5,Regular Gasoline,20,25,22,405.0
44319,2022,Honda,Pilot AWD,Small Sport Utility Vehicle 4WD,All-Wheel Drive,Automatic (S9),6.0,3.5,Regular Gasoline,19,26,22,407.0
44712,2022,Honda,Pilot AWD TrailSport,Small Sport Utility Vehicle 4WD,All-Wheel Drive,Automatic (S9),6.0,3.5,Regular Gasoline,19,25,21,419.0
44308,2022,Honda,Pilot FWD,Small Sport Utility Vehicle 2WD,Front-Wheel Drive,Automatic (S9),6.0,3.5,Regular Gasoline,20,27,23,388.0
44431,2022,Honda,Ridgeline AWD,Standard Pickup Trucks 4WD,All-Wheel Drive,Automatic (S9),6.0,3.5,Regular Gasoline,18,24,21,441.0
44117,2022,Hyundai,Accent,Compact Cars,Front-Wheel Drive,Automatic (AV-S1),4.0,1.6,Regular Gasoline,33,41,36,248.0
43969,2022,Hyundai,Elantra,Midsize Cars,Front-Wheel Drive,Automatic (AV-S1),4.0,2.0,Regular Gasoline,31,41,35,257.0
43970,2022,Hyundai,Elantra,Midsize Cars,Front-Wheel Drive,Automatic (AV-S1),4.0,2.0,Regular Gasoline,33,43,37,244.0
43971,2022,Hyundai,Elantra,Midsize Cars,Front-Wheel Drive,Automatic (AM-S7),4.0,1.6,Regular Gasoline,28,36,31,288.0
43972,2022,Hyundai,Elantra,Midsize Cars,Front-Wheel Drive,Manual 6-spd,4.0,1.6,Regular Gasoline,25,34,28,318.0
44470,2022,Hyundai,Elantra N,Midsize Cars,Front-Wheel Drive,Automatic (AM-S8),4.0,2.0,Premium Gasoline,20,30,23,388.0
44471,2022,Hyundai,Elantra N,Midsize Cars,Front-Wheel Drive,Manual 6-spd,4.0,2.0,Premium Gasoline,22,31,25,358.0
43765,2022,Hyundai,Kona AWD,Small Sport Utility Vehicle 4WD,All-Wheel Drive,Automatic (AM-S7),4.0,1.6,Regular Gasoline,27,32,29,311.0
43766,2022,Hyundai,Kona AWD,Small Sport Utility Vehicle 4WD,All-Wheel Drive,Automatic (AV-S1),4.0,2.0,Regular Gasoline,28,33,30,301.0
43763,2022,Hyundai,Kona FWD,Small Sport Utility Vehicle 2WD,Front-Wheel Drive,Automatic (AM-S7),4.0,1.6,Regular Gasoline,29,35,32,284.0
43764,2022,Hyundai,Kona FWD,Small Sport Utility Vehicle 2WD,Front-Wheel Drive,Automatic (AV-S1),4.0,2.0,Regular Gasoline,30,35,32,281.0
44586,2022,Hyundai,Kona N,Small Sport Utility Vehicle 2WD,Front-Wheel Drive,Automatic (AM-S8),4.0,2.0,Premium Gasoline,20,27,23,396.0
43964,2022,Hyundai,Palisade AWD,Standard Sport Utility Vehicle 4WD,All-Wheel Drive,Automatic (S8),6.0,3.8,Regular Gasoline,19,24,21,426.0
43963,2022,Hyundai,Palisade FWD,Standard Sport Utility Vehicle 2WD,Front-Wheel Drive,Automatic (S8),6.0,3.8,Regular Gasoline,19,26,22,407.0
43983,2022,Hyundai,Santa Cruz AWD,Small Sport Utility Vehicle 4WD,All-Wheel Drive,Automatic (S8),4.0,2.5,Regular Gasoline,21,27,23,382.0
43984,2022,Hyundai,Santa Cruz AWD,Small Sport Utility Vehicle 4WD,All-Wheel Drive,Automatic (AM-S8),4.0,2.5,Regular Gasoline,19,27,22,403.0
43982,2022,Hyundai,Santa Cruz FWD,Small Sport Utility Vehicle 2WD,Front-Wheel Drive,Automatic (S8),4.0,2.5,Regular Gasoline,21,26,23,385.0
43991,2022,Hyundai,Santa Fe AWD,Small Sport Utility Vehicle 4WD,All-Wheel Drive,Automatic (S8),4.0,2.5,Regular Gasoline,22,25,24,378.0
43992,2022,Hyundai,Santa Fe AWD,Small Sport Utility Vehicle 4WD,All-Wheel Drive,Automatic (AM-S8),4.0,2.5,Regular Gasoline,21,28,24,375.0
43987,2022,Hyundai,Santa Fe FWD,Small Sport Utility Vehicle 2WD,Front-Wheel Drive,Automatic (S8),4.0,2.5,Regular Gasoline,25,28,26,344.0
43988,2022,Hyundai,Santa Fe FWD,Small Sport Utility Vehicle 2WD,Front-Wheel Drive,Automatic (AM-S8),4.0,2.5,Regular Gasoline,22,28,25,365.0
43975,2022,Hyundai,Sonata,Large Cars,Front-Wheel Drive,Automatic (S8),4.0,1.6,Regular Gasoline,27,37,31,293.0
43976,2022,Hyundai,Sonata,Large Cars,Front-Wheel Drive,Automatic (S8),4.0,2.5,Regular Gasoline,27,37,31,293.0
43977,2022,Hyundai,Sonata,Large Cars,Front-Wheel Drive,Automatic (S8),4.0,2.5,Regular Gasoline,28,38,32,282.0
43978,2022,Hyundai,Sonata,Large Cars,Front-Wheel Drive,Automatic (AM-S8),4.0,2.5,Regular Gasoline,23,33,27,335.0
43753,2022,Hyundai,Tucson AWD,Small Sport Utility Vehicle 4WD,All-Wheel Drive,Automatic (S8),4.0,2.5,Regular Gasoline,24,29,26,349.0
43704,2022,Hyundai,Tucson FWD,Small Sport Utility Vehicle 2WD,Front-Wheel Drive,Automatic (S8),4.0,2.5,Regular Gasoline,26,33,29,314.0
43831,2022,Hyundai,Veloster N,Compact Cars,Front-Wheel Drive,Automatic (AM-S8),4.0,2.0,Premium Gasoline,20,27,22,400.0
43832,2022,Hyundai,Veloster N,Compact Cars,Front-Wheel Drive,Manual 6-spd,4.0,2.0,Premium Gasoline,22,28,25,363.0
44135,2022,Hyundai,Venue,Midsize Cars,Front-Wheel Drive,Automatic (AV-S1),4.0,1.6,Regular Gasoline,29,33,31,290.0
44541,2022,Infiniti,Q50,Midsize Cars,Rear-Wheel Drive,Automatic (S7),6.0,3.0,Premium Gasoline,20,29,23,388.0
44542,2022,Infiniti,Q50 AWD,Midsize Cars,All-Wheel Drive,Automatic (S7),6.0,3.0,Premium Gasoline,19,27,22,403.0
44543,2022,Infiniti,Q50 Red Sport,Midsize Cars,Rear-Wheel Drive,Automatic (S7),6.0,3.0,Premium Gasoline,20,26,22,403.0
44544,2022,Infiniti,Q50 Red Sport  AWD,Midsize Cars,All-Wheel Drive,Automatic (S7),6.0,3.0,Premium Gasoline,19,26,22,411.0
44525,2022,Infiniti,Q60,Subcompact Cars,Rear-Wheel Drive,Automatic (S7),6.0,3.0,Premium Gasoline,19,28,22,404.0
44528,2022,Infiniti,Q60 AWD,Subcompact Cars,All-Wheel Drive,Automatic (S7),6.0,3.0,Premium Gasoline,19,27,22,403.0
44526,2022,Infiniti,Q60 Red Sport,Subcompact Cars,Rear-Wheel Drive,Automatic (S7),6.0,3.0,Premium Gasoline,20,27,22,405.0
44527,2022,Infiniti,Q60 Red Sport AWD,Subcompact Cars,All-Wheel Drive,Automatic (S7),6.0,3.0,Premium Gasoline,19,26,21,423.0
44941,2022,Infiniti,QX50,Small Sport Utility Vehicle 2WD,Front-Wheel Drive,Automatic (AV-S8),4.0,2.0,Premium Gasoline,23,29,26,348.0
44946,2022,Infiniti,QX50 AWD,Small Sport Utility Vehicle 4WD,All-Wheel Drive,Automatic (AV-S8),4.0,2.0,Premium Gasoline,22,28,25,366.0
43887,2022,Infiniti,QX55 AWD,Small Sport Utility Vehicle 4WD,All-Wheel Drive,Automatic (AV-S8),4.0,2.0,Premium Gasoline,22,28,25,364.0
44557,2022,Infiniti,QX60 AWD,Standard Sport Utility Vehicle 4WD,All-Wheel Drive,Automatic (S9),6.0,3.5,Premium Gasoline,20,25,22,407.0
44555,2022,Infiniti,QX60 FWD,Standard Sport Utility Vehicle 2WD,Front-Wheel Drive,Automatic (S9),6.0,3.5,Premium Gasoline,21,26,23,391.0
44486,2022,Infiniti,QX80 2WD,Standard Sport Utility Vehicle 2WD,Rear-Wheel Drive,Automatic (S7),8.0,5.6,Premium Gasoline,14,20,16,552.0
44488,2022,Infiniti,QX80 4WD,Standard Sport Utility Vehicle 4WD,4-Wheel Drive,Automatic (S7),8.0,5.6,Premium Gasoline,13,19,15,592.0
44489,2022,Infiniti,QX80 4WD,Standard Sport Utility Vehicle 4WD,4-Wheel Drive,Automatic (S7),8.0,5.6,Premium Gasoline,13,19,15,593.0
44260,2022,Jaguar,E-Pace,Small Sport Utility Vehicle 4WD,All-Wheel Drive,Automatic (S9),4.0,2.0,Premium Gasoline,20,26,23,398.0
44713,2022,Jaguar,F-Pace,Small Sport Utility Vehicle 4WD,All-Wheel Drive,Automatic (S8),4.0,2.0,Premium Gasoline,22,27,24,365.0
44652,2022,Jaguar,F-Pace SVR,Small Sport Utility Vehicle 4WD,All-Wheel Drive,Automatic (S8),8.0,5.0,Premium Gasoline,15,21,17,509.0
44227,2022,Jaguar,F-Type P450 AWD R-Dynamic Convertible,Two Seaters,All-Wheel Drive,Automatic (S8),8.0,5.0,Premium Gasoline,16,24,18,481.0
44226,2022,Jaguar,F-Type P450 AWD R-Dynamic Coupe,Two Seaters,All-Wheel Drive,Automatic (S8),8.0,5.0,Premium Gasoline,16,24,18,481.0
44168,2022,Jaguar,F-Type P450 RWD Convertible,Two Seaters,Rear-Wheel Drive,Automatic (S8),8.0,5.0,Premium Gasoline,17,24,19,460.0
44167,2022,Jaguar,F-Type P450 RWD Coupe,Two Seaters,Rear-Wheel Drive,Automatic (S8),8.0,5.0,Premium Gasoline,17,24,19,460.0
44054,2022,Jaguar,F-Type R AWD Convertible,Two Seaters,All-Wheel Drive,Automatic (S8),8.0,5.0,Premium Gasoline,16,24,18,481.0
44053,2022,Jaguar,F-Type R AWD Coupe,Two Seaters,All-Wheel Drive,Automatic (S8),8.0,5.0,Premium Gasoline,16,24,18,481.0
44698,2022,Jaguar,XF P250,Midsize Cars,Rear-Wheel Drive,Automatic (S8),4.0,2.0,Premium Gasoline,25,33,28,317.0
44699,2022,Jaguar,XF P250 AWD,Midsize Cars,All-Wheel Drive,Automatic (S8),4.0,2.0,Premium Gasoline,23,32,26,336.0
44700,2022,Jaguar,XF P300 AWD,Midsize Cars,All-Wheel Drive,Automatic (S8),4.0,2.0,Premium Gasoline,22,30,25,352.0
45093,2022,Jeep,Cherokee 4WD,Small Sport Utility Vehicle 4WD,All-Wheel Drive,Automatic 9-spd,4.0,2.0,Regular Gasoline,21,29,24,369.0
45094,2022,Jeep,Cherokee 4WD,Small Sport Utility Vehicle 4WD,All-Wheel Drive,Automatic 9-spd,4.0,2.4,Regular Gasoline,21,29,24,370.0
45095,2022,Jeep,Cherokee 4WD,Small Sport Utility Vehicle 4WD,All-Wheel Drive,Automatic 9-spd,6.0,3.2,Regular Gasoline,19,27,22,400.0
45089,2022,Jeep,Cherokee FWD,Small Sport Utility Vehicle 2WD,Front-Wheel Drive,Automatic 9-spd,4.0,2.0,Regular Gasoline,23,31,26,345.0
45090,2022,Jeep,Cherokee FWD,Small Sport Utility Vehicle 2WD,Front-Wheel Drive,Automatic 9-spd,4.0,2.4,Regular Gasoline,22,31,25,352.0
45091,2022,Jeep,Cherokee FWD,Small Sport Utility Vehicle 2WD,Front-Wheel Drive,Automatic 9-spd,6.0,3.2,Regular Gasoline,20,29,23,387.0
45096,2022,Jeep,Cherokee Trailhawk 4WD,Small Sport Utility Vehicle 4WD,All-Wheel Drive,Automatic 9-spd,6.0,3.2,Regular Gasoline,18,24,21,432.0
44589,2022,Jeep,Compass 4WD,Small Sport Utility Vehicle 4WD,All-Wheel Drive,Automatic 9-spd,4.0,2.4,Regular Gasoline,22,30,25,358.0
44587,2022,Jeep,Compass FWD,Small Sport Utility Vehicle 2WD,Front-Wheel Drive,Automatic 6-spd,4.0,2.4,Regular Gasoline,22,31,25,350.0
44851,2022,Jeep,Gladiator 4WD,Standard Pickup Trucks 4WD,4-Wheel Drive,Manual 6-spd,6.0,3.6,Regular Gasoline,16,23,19,476.0
44896,2022,Jeep,Gladiator 4WD,Standard Pickup Trucks 4WD,4-Wheel Drive,Automatic 8-spd,6.0,3.6,Regular Gasoline,17,22,19,466.0
44856,2022,Jeep,Grand Cherokee 2WD,Standard Sport Utility Vehicle 2WD,Rear-Wheel Drive,Automatic 8-spd,6.0,3.6,Regular Gasoline,19,26,22,407.0
44674,2022,Jeep,Grand Cherokee 4WD,Standard Sport Utility Vehicle 4WD,All-Wheel Drive,Automatic 8-spd,8.0,5.7,Midgrade Gasoline,14,22,17,533.0
44857,2022,Jeep,Grand Cherokee 4WD,Standard Sport Utility Vehicle 4WD,4-Wheel Drive,Automatic 8-spd,6.0,3.6,Regular Gasoline,19,26,22,413.0
44773,2022,Jeep,Grand Cherokee L 2WD,Standard Sport Utility Vehicle 2WD,Rear-Wheel Drive,Automatic 8-spd,6.0,3.6,Regular Gasoline,19,26,21,416.0
44774,2022,Jeep,Grand Cherokee L 4WD,Standard Sport Utility Vehicle 4WD,4-Wheel Drive,Automatic 8-spd,6.0,3.6,Regular Gasoline,18,25,21,430.0
44775,2022,Jeep,Grand Cherokee L 4WD,Standard Sport Utility Vehicle 4WD,All-Wheel Drive,Automatic 8-spd,8.0,5.7,Midgrade Gasoline,14,22,17,533.0
45039,2022,Jeep,Grand Cherokee WK 2WD,Standard Sport Utility Vehicle 2WD,Rear-Wheel Drive,Automatic 8-spd,6.0,3.6,Regular Gasoline,19,26,21,414.0
45042,2022,Jeep,Grand Cherokee WK 4WD,Standard Sport Utility Vehicle 4WD,All-Wheel Drive,Automatic 8-spd,6.0,3.6,Regular Gasoline,18,25,21,427.0
44067,2022,Jeep,Grand Wagoneer 2WD,Standard Sport Utility Vehicle 2WD,Rear-Wheel Drive,Automatic 8-spd,8.0,6.4,Premium Gasoline,13,19,15,595.0
45291,2022,Jeep,Grand Wagoneer 2WD,Standard Sport Utility Vehicle 2WD,Rear-Wheel Drive,Automatic 8-spd,6.0,3.0,Premium Gasoline,15,21,17,521.0
44068,2022,Jeep,Grand Wagoneer 4WD,Standard Sport Utility Vehicle 4WD,All-Wheel Drive,Automatic 8-spd,8.0,6.4,Premium Gasoline,13,18,15,602.0
45292,2022,Jeep,Grand Wagoneer 4WD,Standard Sport Utility Vehicle 4WD,All-Wheel Drive,Automatic 8-spd,6.0,3.0,Premium Gasoline,14,20,17,537.0
44853,2022,Jeep,Renegade 2WD,Small Sport Utility Vehicle 2WD,Front-Wheel Drive,Automatic 9-spd,4.0,1.3,Regular Gasoline,24,32,27,329.0
44818,2022,Jeep,Renegade 4WD,Small Sport Utility Vehicle 4WD,All-Wheel Drive,Automatic 9-spd,4.0,1.3,Regular Gasoline,23,29,26,347.0
44854,2022,Jeep,Renegade Trailhawk 4WD,Small Sport Utility Vehicle 4WD,All-Wheel Drive,Automatic 9-spd,4.0,1.3,Regular Gasoline,22,27,24,372.0
44907,2022,Jeep,Wrangler 2dr 4WD,Small Sport Utility Vehicle 4WD,4-Wheel Drive,Automatic 8-spd,4.0,2.0,Regular Gasoline,22,24,23,388.0
44909,2022,Jeep,Wrangler 2dr 4WD,Small Sport Utility Vehicle 4WD,4-Wheel Drive,Automatic 8-spd,6.0,3.6,Regular Gasoline,18,23,20,440.0
44910,2022,Jeep,Wrangler 2dr 4WD,Small Sport Utility Vehicle 4WD,4-Wheel Drive,Manual 6-spd,6.0,3.6,Regular Gasoline,17,25,20,446.0
44911,2022,Jeep,Wrangler 4dr 4WD,Small Sport Utility Vehicle 4WD,4-Wheel Drive,Automatic 8-spd,4.0,2.0,Regular Gasoline,21,24,22,404.0
44913,2022,Jeep,Wrangler 4dr 4WD,Small Sport Utility Vehicle 4WD,4-Wheel Drive,Automatic 8-spd,6.0,3.6,Regular Gasoline,18,23,20,443.0
44914,2022,Jeep,Wrangler 4dr 4WD,Small Sport Utility Vehicle 4WD,4-Wheel Drive,Manual 6-spd,6.0,3.6,Regular Gasoline,17,23,19,459.0
44915,2022,Jeep,Wrangler 4dr 4WD,Small Sport Utility Vehicle 4WD,4-Wheel Drive,Automatic 8-spd,8.0,6.4,Premium Gasoline,13,17,14,623.0
43702,2022,Kia,Carnival,Minivan - 2WD,Front-Wheel Drive,Automatic (S8),6.0,3.5,Regular Gasoline,19,26,22,407.0
44560,2022,Kia,Forte,Midsize Cars,Front-Wheel Drive,Manual 6-spd,4.0,1.6,Regular Gasoline,22,31,26,348.0
44561,2022,Kia,Forte,Midsize Cars,Front-Wheel Drive,Automatic (AM-S7),4.0,1.6,Regular Gasoline,27,35,30,296.0
44563,2022,Kia,Forte,Midsize Cars,Front-Wheel Drive,Automatic (variable gear ratios),4.0,2.0,Regular Gasoline,29,39,33,271.0
44562,2022,Kia,Forte FE,Midsize Cars,Front-Wheel Drive,Automatic (variable gear ratios),4.0,2.0,Regular Gasoline,31,41,35,256.0
43897,2022,Kia,K5,Large Cars,Front-Wheel Drive,Automatic (S8),4.0,1.6,Regular Gasoline,29,38,32,277.0
43898,2022,Kia,K5,Large Cars,Front-Wheel Drive,Automatic (S8),4.0,1.6,Regular Gasoline,27,37,31,292.0
43900,2022,Kia,K5,Large Cars,Front-Wheel Drive,Automatic (AM-S8),4.0,2.5,Regular Gasoline,24,32,27,332.0
43899,2022,Kia,K5 AWD,Large Cars,All-Wheel Drive,Automatic (S8),4.0,1.6,Regular Gasoline,25,33,28,316.0
44559,2022,Kia,Rio,Compact Cars,Front-Wheel Drive,Automatic (AV-S1),4.0,1.6,Regular Gasoline,33,41,36,250.0
43863,2022,Kia,Seltos AWD,Small Sport Utility Vehicle 4WD,All-Wheel Drive,Automatic (AM-S7),4.0,1.6,Regular Gasoline,25,30,27,331.0
43864,2022,Kia,Seltos AWD,Small Sport Utility Vehicle 4WD,All-Wheel Drive,Automatic (AV-S8),4.0,2.0,Regular Gasoline,27,31,29,314.0
43858,2022,Kia,Seltos FWD,Small Sport Utility Vehicle 2WD,Front-Wheel Drive,Automatic (AV-S8),4.0,2.0,Regular Gasoline,29,35,31,283.0
44220,2022,Kia,Sorento AWD,Small Sport Utility Vehicle 4WD,All-Wheel Drive,Automatic (S8),4.0,2.5,Regular Gasoline,23,25,24,366.0
44221,2022,Kia,Sorento AWD,Small Sport Utility Vehicle 4WD,All-Wheel Drive,Automatic (AM-S8),4.0,2.5,Regular Gasoline,22,27,24,377.0
44217,2022,Kia,Sorento FWD,Small Sport Utility Vehicle 2WD,Front-Wheel Drive,Automatic (S8),4.0,2.5,Regular Gasoline,24,29,26,342.0
44218,2022,Kia,Sorento FWD,Small Sport Utility Vehicle 2WD,Front-Wheel Drive,Automatic (AM-S8),4.0,2.5,Regular Gasoline,22,29,25,360.0
43928,2022,Kia,Soul,Small Station Wagons,Front-Wheel Drive,Automatic (variable gear ratios),4.0,2.0,Regular Gasoline,28,33,30,301.0
43930,2022,Kia,Soul,Small Station Wagons,Front-Wheel Drive,Automatic (AM-S7),4.0,1.6,Regular Gasoline,27,32,29,309.0
43929,2022,Kia,Soul Eco dynamics,Small Station Wagons,Front-Wheel Drive,Automatic (variable gear ratios),4.0,2.0,Regular Gasoline,29,35,31,287.0
43754,2022,Kia,Sportage AWD,Small Sport Utility Vehicle 4WD,All-Wheel Drive,Automatic (S6),4.0,2.0,Regular Gasoline,19,24,21,421.0
43755,2022,Kia,Sportage AWD,Small Sport Utility Vehicle 4WD,All-Wheel Drive,Automatic (S6),4.0,2.4,Regular Gasoline,22,26,23,389.0
43749,2022,Kia,Sportage FWD,Small Sport Utility Vehicle 2WD,Front-Wheel Drive,Automatic (S6),4.0,2.0,Regular Gasoline,20,28,23,392.0
43750,2022,Kia,Sportage FWD,Small Sport Utility Vehicle 2WD,Front-Wheel Drive,Automatic (S6),4.0,2.4,Regular Gasoline,23,30,26,350.0
43698,2022,Kia,Stinger AWD,Midsize Cars,All-Wheel Drive,Automatic (S8),4.0,2.5,Premium Gasoline,21,29,24,380.0
43700,2022,Kia,Stinger AWD,Midsize Cars,All-Wheel Drive,Automatic (S8),6.0,3.3,Premium Gasoline,17,24,20,451.0
43699,2022,Kia,Stinger RWD,Midsize Cars,Rear-Wheel Drive,Automatic (S8),4.0,2.5,Premium Gasoline,22,32,25,355.0
43701,2022,Kia,Stinger RWD,Midsize Cars,Rear-Wheel Drive,Automatic (S8),6.0,3.3,Premium Gasoline,18,25,20,437.0
43994,2022,Kia,Telluride AWD,Small Sport Utility Vehicle 4WD,All-Wheel Drive,Automatic (S8),6.0,3.8,Regular Gasoline,19,24,21,429.0
43960,2022,Kia,Telluride FWD,Small Sport Utility Vehicle 2WD,Front-Wheel Drive,Automatic (S8),6.0,3.8,Regular Gasoline,20,26,23,395.0
45025,2022,Lamborghini,Aventador Countach,Two Seaters,All-Wheel Drive,Automatic (AM-S7),12.0,6.5,Premium Gasoline,9,16,11,787.0
44950,2022,Lamborghini,Aventador Coupe,Two Seaters,All-Wheel Drive,Automatic (AM-S7),12.0,6.5,Premium Gasoline,9,16,11,802.0
45024,2022,Lamborghini,Aventador Roadster,Two Seaters,All-Wheel Drive,Automatic (AM-S7),12.0,6.5,Premium Gasoline,9,16,11,802.0
44099,2022,Lamborghini,Huracan Coupe,Two Seaters,All-Wheel Drive,Automatic (AM-S7),10.0,5.2,Premium Gasoline,13,18,15,596.0
44101,2022,Lamborghini,Huracan Coupe RWD,Two Seaters,Rear-Wheel Drive,Automatic (AM-S7),10.0,5.2,Premium Gasoline,13,18,15,596.0
44098,2022,Lamborghini,Huracan Spyder,Two Seaters,All-Wheel Drive,Automatic (AM-S7),10.0,5.2,Premium Gasoline,13,18,15,596.0
44100,2022,Lamborghini,Huracan Spyder RWD,Two Seaters,Rear-Wheel Drive,Automatic (AM-S7),10.0,5.2,Premium Gasoline,13,18,15,596.0
44157,2022,Lamborghini,Urus,Standard Sport Utility Vehicle 4WD,All-Wheel Drive,Automatic (S8),8.0,4.0,Premium Gasoline,12,17,14,617.0
43909,2022,Land Rover,Defender 110,Standard Sport Utility Vehicle 4WD,4-Wheel Drive,Automatic (S8),8.0,5.0,Premium Gasoline,14,19,16,563.0
43944,2022,Land Rover,Defender 110,Standard Sport Utility Vehicle 4WD,4-Wheel Drive,Automatic (S8),4.0,2.0,Premium Gasoline,17,20,18,492.0
43945,2022,Land Rover,Defender 90,Standard Sport Utility Vehicle 4WD,4-Wheel Drive,Automatic (S8),4.0,2.0,Premium Gasoline,18,21,19,466.0
43946,2022,Land Rover,Defender 90,Standard Sport Utility Vehicle 4WD,4-Wheel Drive,Automatic (S8),8.0,5.0,Premium Gasoline,15,19,16,545.0
43943,2022,Land Rover,Discovery,Standard Sport Utility Vehicle 4WD,4-Wheel Drive,Automatic (S8),4.0,2.0,Premium Gasoline,19,22,21,436.0
44223,2022,Land Rover,Discovery Sport,Small Sport Utility Vehicle 4WD,All-Wheel Drive,Automatic (S9),4.0,2.0,Premium Gasoline,19,23,20,437.0
45255,2022,Land Rover,New Range Rover,Standard Sport Utility Vehicle 4WD,4-Wheel Drive,Automatic (S8),8.0,4.4,Premium Gasoline,16,21,18,508.0
45256,2022,Land Rover,New Range Rover LWB,Standard Sport Utility Vehicle 4WD,4-Wheel Drive,Automatic (S8),8.0,4.4,Premium Gasoline,16,21,18,505.0
44405,2022,Land Rover,Range Rover,Standard Sport Utility Vehicle 4WD,4-Wheel Drive,Automatic (S8),8.0,5.0,Premium Gasoline,16,21,18,491.0
44222,2022,Land Rover,Range Rover Evoque,Small Sport Utility Vehicle 4WD,All-Wheel Drive,Automatic (S9),4.0,2.0,Premium Gasoline,20,27,22,398.0
44406,2022,Land Rover,Range Rover LWB,Standard Sport Utility Vehicle 4WD,4-Wheel Drive,Automatic (S8),8.0,5.0,Premium Gasoline,16,21,18,491.0
44408,2022,Land Rover,Range Rover LWB SVA,Standard Sport Utility Vehicle 4WD,4-Wheel Drive,Automatic (S8),8.0,5.0,Premium Gasoline,13,19,15,587.0
44407,2022,Land Rover,Range Rover SVA,Standard Sport Utility Vehicle 4WD,4-Wheel Drive,Automatic (S8),8.0,5.0,Premium Gasoline,14,19,16,569.0
43903,2022,Land Rover,Range Rover Sport,Standard Sport Utility Vehicle 4WD,4-Wheel Drive,Automatic (S8),8.0,5.0,Premium Gasoline,17,22,19,474.0
43904,2022,Land Rover,Range Rover Sport SVR,Standard Sport Utility Vehicle 4WD,4-Wheel Drive,Automatic (S8),8.0,5.0,Premium Gasoline,15,20,16,540.0
44714,2022,Land Rover,Range Rover Velar,Small Sport Utility Vehicle 4WD,All-Wheel Drive,Automatic (S8),4.0,2.0,Premium Gasoline,20,26,23,393.0
44456,2022,Lexus,ES 250 AWD,Midsize Cars,All-Wheel Drive,Automatic (S8),4.0,2.5,Regular Gasoline,25,34,28,315.0
44454,2022,Lexus,ES 350,Midsize Cars,Front-Wheel Drive,Automatic (S8),6.0,3.5,Regular Gasoline,22,32,26,344.0
44455,2022,Lexus,ES 350 F Sport,Midsize Cars,Front-Wheel Drive,Automatic (S8),6.0,3.5,Regular Gasoline,22,31,25,352.0
44439,2022,Lexus,GX 460,Standard Sport Utility Vehicle 4WD,4-Wheel Drive,Automatic (S6),8.0,4.6,Premium Gasoline,15,19,16,542.0
44537,2022,Lexus,IS 300,Compact Cars,Rear-Wheel Drive,Automatic (S8),4.0,2.0,Premium Gasoline,21,31,25,356.0
44534,2022,Lexus,IS 300 AWD,Compact Cars,All-Wheel Drive,Automatic (S6),6.0,3.5,Premium Gasoline,19,26,22,407.0
44535,2022,Lexus,IS 350,Compact Cars,Rear-Wheel Drive,Automatic (S8),6.0,3.5,Premium Gasoline,20,28,23,385.0
44536,2022,Lexus,IS 350 AWD,Compact Cars,All-Wheel Drive,Automatic (S6),6.0,3.5,Premium Gasoline,19,26,22,407.0
44538,2022,Lexus,IS 500,Compact Cars,Rear-Wheel Drive,Automatic (S8),8.0,5.0,Premium Gasoline,17,25,20,451.0
44692,2022,Lexus,LC 500,Subcompact Cars,Rear-Wheel Drive,Automatic (S10),8.0,5.0,Premium Gasoline,16,25,19,473.0
44691,2022,Lexus,LC 500 Convertible,Minicompact Cars,Rear-Wheel Drive,Automatic (S10),8.0,5.0,Premium Gasoline,15,25,18,489.0
44863,2022,Lexus,LS 500,Midsize Cars,Rear-Wheel Drive,Automatic (S10),6.0,3.4,Premium Gasoline,18,29,22,404.0
44864,2022,Lexus,LS 500 AWD,Midsize Cars,All-Wheel Drive,Automatic (S10),6.0,3.4,Premium Gasoline,17,27,21,432.0
45010,2022,Lexus,LX 600,Standard Sport Utility Vehicle 4WD,All-Wheel Drive,Automatic (S10),6.0,3.4,Premium Gasoline,17,22,19,477.0
44648,2022,Lexus,NX 250,Small Sport Utility Vehicle 2WD,Front-Wheel Drive,Automatic (S8),4.0,2.5,Regular Gasoline,26,33,28,311.0
44653,2022,Lexus,NX 250 AWD,Small Sport Utility Vehicle 4WD,All-Wheel Drive,Automatic (S8),4.0,2.5,Regular Gasoline,25,32,28,318.0
44752,2022,Lexus,NX 350 AWD,Small Sport Utility Vehicle 4WD,All-Wheel Drive,Automatic (S8),4.0,2.4,Premium Gasoline,22,29,25,357.0
44753,2022,Lexus,NX 350 AWD,Small Sport Utility Vehicle 4WD,All-Wheel Drive,Automatic (S8),4.0,2.4,Premium Gasoline,22,28,25,358.0
44533,2022,Lexus,RC 300,Subcompact Cars,Rear-Wheel Drive,Automatic (S8),4.0,2.0,Premium Gasoline,21,31,25,356.0
44530,2022,Lexus,RC 300 AWD,Subcompact Cars,All-Wheel Drive,Automatic (S6),6.0,3.5,Premium Gasoline,19,26,22,407.0
44531,2022,Lexus,RC 350,Subcompact Cars,Rear-Wheel Drive,Automatic (S8),6.0,3.5,Premium Gasoline,20,28,23,385.0
44532,2022,Lexus,RC 350 AWD,Subcompact Cars,All-Wheel Drive,Automatic (S6),6.0,3.5,Premium Gasoline,19,26,22,407.0
44529,2022,Lexus,RC F,Subcompact Cars,Rear-Wheel Drive,Automatic (S8),8.0,5.0,Premium Gasoline,16,24,19,459.0
44433,2022,Lexus,RX 350,Small Sport Utility Vehicle 2WD,Front-Wheel Drive,Automatic (S8),6.0,3.5,Regular Gasoline,20,27,23,391.0
44436,2022,Lexus,RX 350 AWD,Small Sport Utility Vehicle 4WD,All-Wheel Drive,Automatic (S8),6.0,3.5,Regular Gasoline,19,26,22,405.0
44257,2022,Lexus,RX 350 L,Small Sport Utility Vehicle 2WD,Front-Wheel Drive,Automatic (S8),6.0,3.5,Regular Gasoline,19,26,22,407.0
44262,2022,Lexus,RX 350 L AWD,Small Sport Utility Vehicle 4WD,All-Wheel Drive,Automatic (S8),6.0,3.5,Regular Gasoline,18,25,21,432.0
44472,2022,Lexus,UX 200,Midsize Cars,Front-Wheel Drive,Automatic (AV-S10),4.0,2.0,Regular Gasoline,29,37,32,271.0
44490,2022,Lincoln,Aviator AWD,Standard Sport Utility Vehicle 4WD,Part-time 4-Wheel Drive,Automatic (S10),6.0,3.0,Regular Gasoline,17,24,20,451.0
44487,2022,Lincoln,Aviator RWD,Standard Sport Utility Vehicle 2WD,Rear-Wheel Drive,Automatic (S10),6.0,3.0,Regular Gasoline,18,26,21,424.0
44819,2022,Lincoln,Corsair AWD,Small Sport Utility Vehicle 4WD,All-Wheel Drive,Automatic (S8),4.0,2.0,Regular Gasoline,21,29,24,369.0
44820,2022,Lincoln,Corsair AWD,Small Sport Utility Vehicle 4WD,All-Wheel Drive,Automatic (S8),4.0,2.3,Regular Gasoline,21,28,24,371.0
44812,2022,Lincoln,Corsair FWD,Small Sport Utility Vehicle 2WD,Front-Wheel Drive,Automatic (S8),4.0,2.0,Regular Gasoline,22,29,25,361.0
44715,2022,Lincoln,Nautilus AWD,Small Sport Utility Vehicle 4WD,All-Wheel Drive,Automatic 8-spd,4.0,2.0,Regular Gasoline,20,25,22,404.0
44716,2022,Lincoln,Nautilus AWD,Small Sport Utility Vehicle 4WD,All-Wheel Drive,Automatic (S8),4.0,2.0,Regular Gasoline,20,25,22,404.0
44717,2022,Lincoln,Nautilus AWD,Small Sport Utility Vehicle 4WD,All-Wheel Drive,Automatic (S8),6.0,2.7,Regular Gasoline,19,25,21,423.0
44705,2022,Lincoln,Nautilus FWD,Small Sport Utility Vehicle 2WD,Front-Wheel Drive,Automatic 8-spd,4.0,2.0,Regular Gasoline,21,26,23,384.0
44706,2022,Lincoln,Nautilus FWD,Small Sport Utility Vehicle 2WD,Front-Wheel Drive,Automatic (S8),4.0,2.0,Regular Gasoline,21,26,23,387.0
45151,2022,Lincoln,Navigator 2WD,Standard Sport Utility Vehicle 2WD,Rear-Wheel Drive,Automatic (S10),6.0,3.5,Regular Gasoline,17,23,19,462.0
45156,2022,Lincoln,Navigator 4WD,Standard Sport Utility Vehicle 4WD,Part-time 4-Wheel Drive,Automatic (S10),6.0,3.5,Regular Gasoline,16,22,18,498.0
43779,2022,MINI,Cooper Convertible,Minicompact Cars,Front-Wheel Drive,Automatic (AM-S7),3.0,1.5,Premium Gasoline,29,38,32,273.0
43780,2022,MINI,Cooper Convertible,Minicompact Cars,Front-Wheel Drive,Manual 6-spd,3.0,1.5,Premium Gasoline,27,37,31,284.0
43796,2022,MINI,Cooper Countryman,Midsize Cars,Front-Wheel Drive,Automatic (AM-S7),3.0,1.5,Premium Gasoline,26,33,29,306.0
43797,2022,MINI,Cooper Countryman All4,Midsize Cars,All-Wheel Drive,Automatic (S8),3.0,1.5,Premium Gasoline,23,30,26,340.0
43784,2022,MINI,Cooper Hardtop 2 door,Subcompact Cars,Front-Wheel Drive,Automatic (AM-S7),3.0,1.5,Premium Gasoline,29,38,32,273.0
43785,2022,MINI,Cooper Hardtop 2 door,Subcompact Cars,Front-Wheel Drive,Manual 6-spd,3.0,1.5,Premium Gasoline,27,37,31,284.0
43786,2022,MINI,Cooper Hardtop 4 door,Subcompact Cars,Front-Wheel Drive,Automatic (AM-S7),3.0,1.5,Premium Gasoline,29,38,32,273.0
43787,2022,MINI,Cooper Hardtop 4 door,Subcompact Cars,Front-Wheel Drive,Manual 6-spd,3.0,1.5,Premium Gasoline,27,37,31,284.0
43798,2022,MINI,Cooper S Clubman,Midsize Cars,Front-Wheel Drive,Manual 6-spd,4.0,2.0,Premium Gasoline,23,33,26,335.0
43836,2022,MINI,Cooper S Clubman,Midsize Cars,Front-Wheel Drive,Automatic (AM-S7),4.0,2.0,Premium Gasoline,25,35,29,304.0
43839,2022,MINI,Cooper S Clubman All4,Midsize Cars,All-Wheel Drive,Automatic (S8),4.0,2.0,Premium Gasoline,23,32,26,333.0
43781,2022,MINI,Cooper S Convertible,Minicompact Cars,Front-Wheel Drive,Manual 6-spd,4.0,2.0,Premium Gasoline,23,33,26,335.0
43822,2022,MINI,Cooper S Convertible,Minicompact Cars,Front-Wheel Drive,Automatic (AM-S7),4.0,2.0,Premium Gasoline,27,36,30,293.0
43837,2022,MINI,Cooper S Countryman,Midsize Cars,Front-Wheel Drive,Automatic (AM-S7),4.0,2.0,Premium Gasoline,24,33,28,321.0
43838,2022,MINI,Cooper S Countryman All4,Midsize Cars,All-Wheel Drive,Automatic (S8),4.0,2.0,Premium Gasoline,23,31,26,341.0
43788,2022,MINI,Cooper S Hardtop 2 door,Subcompact Cars,Front-Wheel Drive,Manual 6-spd,4.0,2.0,Premium Gasoline,23,33,27,331.0
43828,2022,MINI,Cooper S Hardtop 2 door,Subcompact Cars,Front-Wheel Drive,Automatic (AM-S7),4.0,2.0,Premium Gasoline,28,38,31,280.0
43789,2022,MINI,Cooper S Hardtop 4 door,Subcompact Cars,Front-Wheel Drive,Manual 6-spd,4.0,2.0,Premium Gasoline,23,33,27,331.0
43829,2022,MINI,Cooper S Hardtop 4 door,Subcompact Cars,Front-Wheel Drive,Automatic (AM-S7),4.0,2.0,Premium Gasoline,28,38,31,280.0
43841,2022,MINI,JCW Countryman All4,Midsize Cars,All-Wheel Drive,Automatic (S8),4.0,2.0,Premium Gasoline,23,30,26,343.0
43840,2022,MINI,John Cooper Works Clubman All4,Midsize Cars,All-Wheel Drive,Automatic (S8),4.0,2.0,Premium Gasoline,23,31,26,339.0
43823,2022,MINI,John Cooper Works Convertible,Minicompact Cars,Front-Wheel Drive,Automatic (S8),4.0,2.0,Premium Gasoline,24,33,28,319.0
43790,2022,MINI,John Cooper Works Hardtop 2 door,Subcompact Cars,Front-Wheel Drive,Manual 6-spd,4.0,2.0,Premium Gasoline,22,31,25,348.0
43830,2022,MINI,John Cooper Works Hardtop 2 door,Subcompact Cars,Front-Wheel Drive,Automatic (S8),4.0,2.0,Premium Gasoline,25,34,29,308.0
44296,2022,Maserati,Ghibli GT,Midsize Cars,Rear-Wheel Drive,Automatic 8-spd,6.0,3.0,Premium Gasoline,18,25,20,436.0
44295,2022,Maserati,Ghibli Modena AWD,Midsize Cars,All-Wheel Drive,Automatic 8-spd,6.0,3.0,Premium Gasoline,16,24,19,472.0
44297,2022,Maserati,Ghibli Modena RWD,Midsize Cars,Rear-Wheel Drive,Automatic 8-spd,6.0,3.0,Premium Gasoline,18,25,20,436.0
44294,2022,Maserati,Ghibli Trofeo,Midsize Cars,Rear-Wheel Drive,Automatic 8-spd,8.0,3.8,Premium Gasoline,13,20,16,560.0
44339,2022,Maserati,Levante GT,Standard Sport Utility Vehicle 4WD,All-Wheel Drive,Automatic 8-spd,6.0,3.0,Premium Gasoline,16,22,18,495.0
44338,2022,Maserati,Levante Modena,Standard Sport Utility Vehicle 4WD,All-Wheel Drive,Automatic 8-spd,6.0,3.0,Premium Gasoline,16,22,18,495.0
44340,2022,Maserati,Levante Modena V8,Standard Sport Utility Vehicle 4WD,All-Wheel Drive,Automatic 8-spd,8.0,3.8,Premium Gasoline,13,20,16,562.0
44341,2022,Maserati,Levante Trofeo,Standard Sport Utility Vehicle 4WD,All-Wheel Drive,Automatic 8-spd,8.0,3.8,Premium Gasoline,13,20,16,562.0
44270,2022,Maserati,MC20,Two Seaters,Rear-Wheel Drive,Automatic (S8),6.0,3.0,Premium Gasoline,15,25,18,474.0
44302,2022,Maserati,Quattroporte GT,Large Cars,Rear-Wheel Drive,Automatic 8-spd,6.0,3.0,Premium Gasoline,16,25,19,453.0
44300,2022,Maserati,Quattroporte Modena AWD,Large Cars,All-Wheel Drive,Automatic 8-spd,6.0,3.0,Premium Gasoline,16,24,19,472.0
44301,2022,Maserati,Quattroporte Modena RWD,Large Cars,Rear-Wheel Drive,Automatic 8-spd,6.0,3.0,Premium Gasoline,16,25,19,453.0
44299,2022,Maserati,Quattroporte Trofeo,Large Cars,Rear-Wheel Drive,Automatic 8-spd,8.0,3.8,Premium Gasoline,13,20,16,560.0
45028,2022,Mazda,3 4-Door 2WD,Compact Cars,Front-Wheel Drive,Automatic (S6),4.0,2.0,Regular Gasoline,28,36,31,287.0
45029,2022,Mazda,3 4-Door 2WD,Compact Cars,Front-Wheel Drive,Automatic (S6),4.0,2.5,Regular Gasoline,26,35,30,300.0
45030,2022,Mazda,3 4-Door 4WD,Compact Cars,4-Wheel Drive,Automatic (S6),4.0,2.5,Regular Gasoline,25,33,28,320.0
45031,2022,Mazda,3 4-Door 4WD,Compact Cars,4-Wheel Drive,Automatic (S6),4.0,2.5,Regular Gasoline,23,32,27,334.0
45032,2022,Mazda,3 5-Door 2WD,Midsize Cars,Front-Wheel Drive,Manual 6-spd,4.0,2.5,Regular Gasoline,24,33,27,323.0
45033,2022,Mazda,3 5-Door 2WD,Midsize Cars,Front-Wheel Drive,Automatic (S6),4.0,2.5,Regular Gasoline,26,34,29,306.0
45034,2022,Mazda,3 5-Door 4WD,Midsize Cars,4-Wheel Drive,Automatic (S6),4.0,2.5,Regular Gasoline,25,31,27,326.0
45035,2022,Mazda,3 5-Door 4WD,Midsize Cars,4-Wheel Drive,Automatic (S6),4.0,2.5,Regular Gasoline,23,31,26,337.0
45114,2022,Mazda,CX-30 4WD,Small Sport Utility Vehicle 4WD,4-Wheel Drive,Automatic (S6),4.0,2.5,Regular Gasoline,24,31,26,334.0
45115,2022,Mazda,CX-30 4WD,Small Sport Utility Vehicle 4WD,4-Wheel Drive,Automatic (S6),4.0,2.5,Regular Gasoline,22,30,25,353.0
45003,2022,Mazda,CX-5 4WD,Small Sport Utility Vehicle 4WD,4-Wheel Drive,Automatic (S6),4.0,2.5,Regular Gasoline,24,30,26,337.0
45004,2022,Mazda,CX-5 4WD,Small Sport Utility Vehicle 4WD,4-Wheel Drive,Automatic (S6),4.0,2.5,Regular Gasoline,22,27,24,370.0
44956,2022,Mazda,CX-9 4WD,Small Sport Utility Vehicle 4WD,4-Wheel Drive,Automatic (S6),4.0,2.5,Regular Gasoline,20,26,23,392.0
45026,2022,Mazda,MX-5,Two Seaters,Rear-Wheel Drive,Manual 6-spd,4.0,2.0,Premium Gasoline,26,34,29,305.0
45027,2022,Mazda,MX-5,Two Seaters,Rear-Wheel Drive,Automatic (S6),4.0,2.0,Premium Gasoline,26,35,30,299.0
44610,2022,McLaren Automotive,720S Coupe,Two Seaters,Rear-Wheel Drive,Automatic (AM-S7),8.0,4.0,Premium Gasoline,15,22,18,505.0
44611,2022,McLaren Automotive,720S Spider,Two Seaters,Rear-Wheel Drive,Automatic (AM-S7),8.0,4.0,Premium Gasoline,15,22,18,505.0
45193,2022,McLaren Automotive,765LT Spider,Two Seaters,Rear-Wheel Drive,Automatic (AM-S7),8.0,4.0,Premium Gasoline,14,18,16,565.0
45194,2022,McLaren Automotive,GT,Two Seaters,Rear-Wheel Drive,Automatic (AM-S7),8.0,4.0,Premium Gasoline,15,22,18,504.0
44465,2022,Mercedes-Benz,A220,Subcompact Cars,Front-Wheel Drive,Automatic (AM7),4.0,2.0,Premium Gasoline,24,35,28,313.0
44464,2022,Mercedes-Benz,A220 4matic,Subcompact Cars,All-Wheel Drive,Automatic (AM7),4.0,2.0,Premium Gasoline,25,35,28,312.0
44616,2022,Mercedes-Benz,AMG A35 4matic,Subcompact Cars,All-Wheel Drive,Automatic (AM7),4.0,2.0,Premium Gasoline,22,30,25,356.0
44861,2022,Mercedes-Benz,AMG C43 4matic Convertible,Subcompact Cars,All-Wheel Drive,Automatic 9-spd,6.0,3.0,Premium Gasoline,19,28,22,402.0
44860,2022,Mercedes-Benz,AMG C43 4matic Coupe,Subcompact Cars,All-Wheel Drive,Automatic 9-spd,6.0,3.0,Premium Gasoline,19,28,22,406.0
44755,2022,Mercedes-Benz,AMG CLA35 4matic,Compact Cars,All-Wheel Drive,Automatic (AM7),4.0,2.0,Premium Gasoline,21,29,24,366.0
45064,2022,Mercedes-Benz,AMG CLA45 4matic,Compact Cars,All-Wheel Drive,Automatic (AM8),4.0,2.0,Premium Gasoline,20,28,23,392.0
45599,2022,Mercedes-Benz,AMG G63,Standard Sport Utility Vehicle 4WD,4-Wheel Drive,Automatic 9-spd,8.0,4.0,Premium Gasoline,13,16,14,624.0
44626,2022,Mercedes-Benz,AMG GLA35 4matic,Small Station Wagons,All-Wheel Drive,Automatic (AM8),4.0,2.0,Premium Gasoline,22,30,25,355.0
45086,2022,Mercedes-Benz,AMG GLA45 4matic,Small Station Wagons,All-Wheel Drive,Automatic (AM8),4.0,2.0,Premium Gasoline,19,25,22,409.0
44848,2022,Mercedes-Benz,AMG GLB35 4matic,Midsize Station Wagons,All-Wheel Drive,Automatic (AM8),4.0,2.0,Premium Gasoline,20,27,22,396.0
44918,2022,Mercedes-Benz,AMG GLC43 4matic,Small Sport Utility Vehicle 4WD,All-Wheel Drive,Automatic 9-spd,6.0,3.0,Premium Gasoline,18,25,21,430.0
44957,2022,Mercedes-Benz,AMG GLC43 4matic Coupe,Small Sport Utility Vehicle 4WD,All-Wheel Drive,Automatic 9-spd,6.0,3.0,Premium Gasoline,16,24,19,468.0
45397,2022,Mercedes-Benz,AMG SL55 4matic Plus,Minicompact Cars,All-Wheel Drive,Automatic 9-spd,8.0,4.0,Premium Gasoline,14,21,16,546.0
45396,2022,Mercedes-Benz,AMG SL63 4matic Plus,Minicompact Cars,All-Wheel Drive,Automatic 9-spd,8.0,4.0,Premium Gasoline,14,21,16,546.0
44845,2022,Mercedes-Benz,C300 4matic Convertible,Subcompact Cars,All-Wheel Drive,Automatic 9-spd,4.0,2.0,Premium Gasoline,21,30,24,361.0
44844,2022,Mercedes-Benz,C300 4matic Coupe,Subcompact Cars,All-Wheel Drive,Automatic 9-spd,4.0,2.0,Premium Gasoline,22,31,25,350.0
44859,2022,Mercedes-Benz,C300 Convertible,Subcompact Cars,Rear-Wheel Drive,Automatic 9-spd,4.0,2.0,Premium Gasoline,21,28,24,373.0
44887,2022,Mercedes-Benz,C300 Coupe,Subcompact Cars,Rear-Wheel Drive,Automatic 9-spd,4.0,2.0,Premium Gasoline,22,31,25,350.0
44469,2022,Mercedes-Benz,CLA250,Compact Cars,Front-Wheel Drive,Automatic (AM7),4.0,2.0,Premium Gasoline,25,36,29,309.0
44468,2022,Mercedes-Benz,CLA250 4matic,Compact Cars,All-Wheel Drive,Automatic (AM7),4.0,2.0,Premium Gasoline,24,33,27,322.0
44758,2022,Mercedes-Benz,E350,Midsize Cars,Rear-Wheel Drive,Automatic 9-spd,4.0,2.0,Premium Gasoline,23,31,26,342.0
44701,2022,Mercedes-Benz,E350 4matic,Midsize Cars,All-Wheel Drive,Automatic 9-spd,4.0,2.0,Premium Gasoline,21,29,24,366.0
45598,2022,Mercedes-Benz,G550,Standard Sport Utility Vehicle 4WD,4-Wheel Drive,Automatic 9-spd,8.0,4.0,Premium Gasoline,14,17,16,569.0
44641,2022,Mercedes-Benz,GLA250,Special Purpose Vehicle 2WD,Front-Wheel Drive,Automatic (AM8),4.0,2.0,Premium Gasoline,24,34,28,321.0
44655,2022,Mercedes-Benz,GLA250 4matic,Small Sport Utility Vehicle 4WD,All-Wheel Drive,Automatic (AM8),4.0,2.0,Premium Gasoline,23,32,26,337.0
44852,2022,Mercedes-Benz,GLB250,Special Purpose Vehicle 2WD,Front-Wheel Drive,Automatic (AM8),4.0,2.0,Premium Gasoline,24,32,27,330.0
44855,2022,Mercedes-Benz,GLB250 4matic,Small Sport Utility Vehicle 4WD,All-Wheel Drive,Automatic (AM8),4.0,2.0,Premium Gasoline,22,30,25,361.0
44707,2022,Mercedes-Benz,GLC300,Small Sport Utility Vehicle 2WD,Rear-Wheel Drive,Automatic 9-spd,4.0,2.0,Premium Gasoline,22,27,24,373.0
44718,2022,Mercedes-Benz,GLC300 4matic,Small Sport Utility Vehicle 4WD,All-Wheel Drive,Automatic 9-spd,4.0,2.0,Premium Gasoline,21,28,24,374.0
44719,2022,Mercedes-Benz,GLC300 4matic Coupe,Small Sport Utility Vehicle 4WD,All-Wheel Drive,Automatic 9-spd,4.0,2.0,Premium Gasoline,21,27,23,383.0
44553,2022,Mercedes-Benz,GLE350,Small Sport Utility Vehicle 4WD,Rear-Wheel Drive,Automatic 9-spd,4.0,2.0,Premium Gasoline,19,27,22,398.0
44554,2022,Mercedes-Benz,GLE350 4matic,Small Sport Utility Vehicle 4WD,4-Wheel Drive,Automatic 9-spd,4.0,2.0,Premium Gasoline,19,26,22,402.0
45591,2022,Mercedes-Benz,Maybach S680 4matic,Large Cars,All-Wheel Drive,Automatic 9-spd,12.0,6.0,Premium Gasoline,12,21,15,599.0
44952,2022,Mercedes-Benz,Metris (Cargo Van),Special Purpose Vehicle 2WD,Rear-Wheel Drive,Automatic 9-spd,4.0,2.0,Premium Gasoline,19,23,21,430.0
44953,2022,Mercedes-Benz,"Metris (Cargo Van, LWB)",Special Purpose Vehicle 2WD,Rear-Wheel Drive,Automatic 9-spd,4.0,2.0,Premium Gasoline,19,23,21,430.0
44951,2022,Mercedes-Benz,Metris (Passenger Van),Special Purpose Vehicle 2WD,Rear-Wheel Drive,Automatic 9-spd,4.0,2.0,Premium Gasoline,18,22,19,453.0
44954,2022,Mercedes-Benz,Metris (US Postal Long),Special Purpose Vehicle 2WD,Rear-Wheel Drive,Automatic 9-spd,4.0,2.0,Premium Gasoline,20,25,22,410.0
44955,2022,Mercedes-Benz,Metris (US Postal),Special Purpose Vehicle 2WD,Rear-Wheel Drive,Automatic 9-spd,4.0,2.0,Premium Gasoline,20,25,22,410.0
43705,2022,Mitsubishi,Eclipse Cross 2WD,Small Sport Utility Vehicle 2WD,Front-Wheel Drive,Automatic (AV-S8),4.0,1.5,Regular Gasoline,25,28,26,338.0
43708,2022,Mitsubishi,Eclipse Cross 4WD,Small Sport Utility Vehicle 4WD,4-Wheel Drive,Automatic (AV-S8),4.0,1.5,Regular Gasoline,25,26,25,347.0
43706,2022,Mitsubishi,Eclipse Cross ES 2WD,Small Sport Utility Vehicle 2WD,Front-Wheel Drive,Automatic (AV-S8),4.0,1.5,Regular Gasoline,26,29,27,327.0
43709,2022,Mitsubishi,Eclipse Cross ES 4WD,Small Sport Utility Vehicle 4WD,4-Wheel Drive,Automatic (AV-S8),4.0,1.5,Regular Gasoline,25,28,26,337.0
44288,2022,Mitsubishi,Mirage,Compact Cars,Front-Wheel Drive,Manual 5-spd,3.0,1.2,Regular Gasoline,33,41,36,242.0
44289,2022,Mitsubishi,Mirage,Compact Cars,Front-Wheel Drive,Automatic (variable gear ratios),3.0,1.2,Regular Gasoline,36,43,39,227.0
44290,2022,Mitsubishi,Mirage G4,Compact Cars,Front-Wheel Drive,Manual 5-spd,3.0,1.2,Regular Gasoline,33,40,35,252.0
44291,2022,Mitsubishi,Mirage G4,Compact Cars,Front-Wheel Drive,Automatic (variable gear ratios),3.0,1.2,Regular Gasoline,35,41,37,235.0
43751,2022,Mitsubishi,Outlander 2WD,Small Sport Utility Vehicle 2WD,Front-Wheel Drive,Automatic (AV-S8),4.0,2.5,Regular Gasoline,24,31,27,328.0
43756,2022,Mitsubishi,Outlander 4WD,Small Sport Utility Vehicle 4WD,4-Wheel Drive,Automatic (AV-S8),4.0,2.5,Regular Gasoline,24,30,26,342.0
44309,2022,Mitsubishi,Outlander Sport 2WD,Small Sport Utility Vehicle 2WD,Front-Wheel Drive,Automatic (AV-S6),4.0,2.0,Regular Gasoline,24,30,27,331.0
44310,2022,Mitsubishi,Outlander Sport 2WD,Small Sport Utility Vehicle 2WD,Front-Wheel Drive,Automatic (AV-S6),4.0,2.4,Regular Gasoline,23,29,25,354.0
44320,2022,Mitsubishi,Outlander Sport 4WD,Small Sport Utility Vehicle 4WD,4-Wheel Drive,Automatic (AV-S6),4.0,2.0,Regular Gasoline,23,29,26,344.0
44321,2022,Mitsubishi,Outlander Sport 4WD,Small Sport Utility Vehicle 4WD,4-Wheel Drive,Automatic (AV-S6),4.0,2.4,Regular Gasoline,23,28,25,353.0
44803,2022,Nissan,Altima,Midsize Cars,Front-Wheel Drive,Automatic (variable gear ratios),4.0,2.5,Regular Gasoline,28,39,32,278.0
44805,2022,Nissan,Altima AWD,Midsize Cars,All-Wheel Drive,Automatic (variable gear ratios),4.0,2.5,Regular Gasoline,26,35,30,300.0
44806,2022,Nissan,Altima AWD SR/Platinum,Midsize Cars,All-Wheel Drive,Automatic (variable gear ratios),4.0,2.5,Regular Gasoline,26,34,29,307.0
44804,2022,Nissan,Altima SR,Midsize Cars,Front-Wheel Drive,Automatic (variable gear ratios),4.0,2.5,Regular Gasoline,27,37,31,290.0
44808,2022,Nissan,Altima SR,Midsize Cars,Front-Wheel Drive,Automatic (AV-S8),4.0,2.0,Regular Gasoline,25,34,29,311.0
44807,2022,Nissan,Altima SV/SL,Midsize Cars,Front-Wheel Drive,Automatic (variable gear ratios),4.0,2.5,Regular Gasoline,27,37,31,287.0
44404,2022,Nissan,Armada 2WD,Standard Sport Utility Vehicle 2WD,Rear-Wheel Drive,Automatic (S7),8.0,5.6,Premium Gasoline,14,19,16,558.0
44411,2022,Nissan,Armada 4WD,Standard Sport Utility Vehicle 4WD,4-Wheel Drive,Automatic (S7),8.0,5.6,Premium Gasoline,13,18,15,593.0
44412,2022,Nissan,Armada 4WD,Standard Sport Utility Vehicle 4WD,4-Wheel Drive,Automatic (S7),8.0,5.6,Premium Gasoline,13,18,15,594.0
44458,2022,Nissan,Frontier 2WD,Standard Pickup Trucks 2WD,Rear-Wheel Drive,Automatic (S9),6.0,3.8,Regular Gasoline,18,24,20,444.0
44459,2022,Nissan,Frontier 4WD,Standard Pickup Trucks 4WD,Part-time 4-Wheel Drive,Automatic (S9),6.0,3.8,Regular Gasoline,17,21,19,458.0
45036,2022,Nissan,Kicks,Midsize Cars,Front-Wheel Drive,Automatic (variable gear ratios),4.0,1.6,Regular Gasoline,31,36,33,269.0
44847,2022,Nissan,Maxima,Midsize Cars,Front-Wheel Drive,Automatic (AV-S7),6.0,3.5,Premium Gasoline,20,30,24,370.0
44850,2022,Nissan,Murano AWD,Midsize Station Wagons,All-Wheel Drive,Automatic (AV-S7),6.0,3.5,Regular Gasoline,19,27,22,392.0
44849,2022,Nissan,Murano FWD,Midsize Station Wagons,Front-Wheel Drive,Automatic (AV-S7),6.0,3.5,Regular Gasoline,20,28,23,387.0
43949,2022,Nissan,Pathfinder 2WD,Small Sport Utility Vehicle 2WD,Front-Wheel Drive,Automatic (S9),6.0,3.5,Regular Gasoline,21,26,23,386.0
43950,2022,Nissan,Pathfinder 4WD,Small Sport Utility Vehicle 4WD,4-Wheel Drive,Automatic (S9),6.0,3.5,Regular Gasoline,21,27,23,384.0
43952,2022,Nissan,Pathfinder 4WD Platinum,Standard Sport Utility Vehicle 4WD,4-Wheel Drive,Automatic (S9),6.0,3.5,Regular Gasoline,20,25,22,399.0
44947,2022,Nissan,Rogue AWD,Small Sport Utility Vehicle 4WD,All-Wheel Drive,Automatic (AV-S8),3.0,1.5,Regular Gasoline,28,35,31,287.0
44948,2022,Nissan,Rogue AWD SL/Platinum,Small Sport Utility Vehicle 4WD,All-Wheel Drive,Automatic (AV-S8),3.0,1.5,Regular Gasoline,28,34,31,288.0
44942,2022,Nissan,Rogue FWD,Small Sport Utility Vehicle 2WD,Front-Wheel Drive,Automatic (AV-S8),3.0,1.5,Regular Gasoline,30,37,33,271.0
44943,2022,Nissan,Rogue FWD SL/Platinum,Small Sport Utility Vehicle 2WD,Front-Wheel Drive,Automatic (AV-S8),3.0,1.5,Regular Gasoline,29,36,32,278.0
45062,2022,Nissan,Rogue Sport,Small Station Wagons,Front-Wheel Drive,Automatic (AV-S8),4.0,2.0,Regular Gasoline,27,31,28,318.0
45061,2022,Nissan,Rogue Sport AWD,Small Station Wagons,All-Wheel Drive,Automatic (AV-S8),4.0,2.0,Regular Gasoline,26,30,27,330.0
44890,2022,Nissan,Sentra,Midsize Cars,Front-Wheel Drive,Automatic (variable gear ratios),4.0,2.0,Regular Gasoline,29,39,33,269.0
44891,2022,Nissan,Sentra SR,Midsize Cars,Front-Wheel Drive,Automatic (variable gear ratios),4.0,2.0,Regular Gasoline,28,37,32,283.0
45111,2022,Nissan,Titan 2WD,Standard Pickup Trucks 2WD,Rear-Wheel Drive,Automatic (S9),8.0,5.6,Premium Gasoline,16,21,18,503.0
45112,2022,Nissan,Titan 4WD,Standard Pickup Trucks 4WD,Part-time 4-Wheel Drive,Automatic (S9),8.0,5.6,Premium Gasoline,15,21,18,505.0
45113,2022,Nissan,Titan 4WD PRO4X,Standard Pickup Trucks 4WD,Part-time 4-Wheel Drive,Automatic (S9),8.0,5.6,Premium Gasoline,15,20,17,517.0
44888,2022,Nissan,Versa,Compact Cars,Front-Wheel Drive,Automatic (variable gear ratios),4.0,1.6,Regular Gasoline,32,40,35,254.0
44889,2022,Nissan,Versa,Compact Cars,Front-Wheel Drive,Manual 5-spd,4.0,1.6,Regular Gasoline,27,35,30,296.0
44503,2022,Porsche,718 Boxster,Two Seaters,Rear-Wheel Drive,Manual 6-spd,4.0,2.0,Premium Gasoline,20,26,22,394.0
44504,2022,Porsche,718 Boxster,Two Seaters,Rear-Wheel Drive,Automatic (AM-S7),4.0,2.0,Premium Gasoline,21,27,24,375.0
44509,2022,Porsche,718 Boxster GTS,Two Seaters,Rear-Wheel Drive,Manual 6-spd,6.0,4.0,Premium Gasoline,17,24,19,458.0
44510,2022,Porsche,718 Boxster GTS,Two Seaters,Rear-Wheel Drive,Automatic (AM-S7),6.0,4.0,Premium Gasoline,19,24,21,418.0
44507,2022,Porsche,718 Boxster S,Two Seaters,Rear-Wheel Drive,Manual 6-spd,4.0,2.5,Premium Gasoline,19,24,21,423.0
44508,2022,Porsche,718 Boxster S,Two Seaters,Rear-Wheel Drive,Automatic (AM-S7),4.0,2.5,Premium Gasoline,19,25,22,410.0
44517,2022,Porsche,718 Boxster T,Two Seaters,Rear-Wheel Drive,Manual 6-spd,4.0,2.0,Premium Gasoline,20,26,22,394.0
44518,2022,Porsche,718 Boxster T,Two Seaters,Rear-Wheel Drive,Automatic (AM-S7),4.0,2.0,Premium Gasoline,21,27,23,380.0
44505,2022,Porsche,718 Cayman,Two Seaters,Rear-Wheel Drive,Manual 6-spd,4.0,2.0,Premium Gasoline,20,26,22,394.0
44506,2022,Porsche,718 Cayman,Two Seaters,Rear-Wheel Drive,Automatic (AM-S7),4.0,2.0,Premium Gasoline,21,27,24,375.0
44519,2022,Porsche,718 Cayman GT4,Two Seaters,Rear-Wheel Drive,Manual 6-spd,6.0,4.0,Premium Gasoline,17,23,19,460.0
44520,2022,Porsche,718 Cayman GT4,Two Seaters,Rear-Wheel Drive,Automatic (AM-S7),6.0,4.0,Premium Gasoline,18,24,20,436.0
44513,2022,Porsche,718 Cayman GTS,Two Seaters,Rear-Wheel Drive,Manual 6-spd,6.0,4.0,Premium Gasoline,17,24,19,458.0
44514,2022,Porsche,718 Cayman GTS,Two Seaters,Rear-Wheel Drive,Automatic (AM-S7),6.0,4.0,Premium Gasoline,19,24,21,418.0
44515,2022,Porsche,718 Cayman S,Two Seaters,Rear-Wheel Drive,Manual 6-spd,4.0,2.5,Premium Gasoline,19,24,21,423.0
44516,2022,Porsche,718 Cayman S,Two Seaters,Rear-Wheel Drive,Automatic (AM-S7),4.0,2.5,Premium Gasoline,19,25,22,410.0
44521,2022,Porsche,718 Cayman T,Two Seaters,Rear-Wheel Drive,Manual 6-spd,4.0,2.0,Premium Gasoline,20,26,22,394.0
44522,2022,Porsche,718 Cayman T,Two Seaters,Rear-Wheel Drive,Automatic (AM-S7),4.0,2.0,Premium Gasoline,21,27,23,380.0
44511,2022,Porsche,718 Spyder,Two Seaters,Rear-Wheel Drive,Manual 6-spd,6.0,4.0,Premium Gasoline,17,23,19,460.0
44512,2022,Porsche,718 Spyder,Two Seaters,Rear-Wheel Drive,Automatic (AM-S7),6.0,4.0,Premium Gasoline,18,24,20,436.0
44415,2022,Porsche,911 Carrera,Minicompact Cars,Rear-Wheel Drive,Automatic (AM-S8),6.0,3.0,Premium Gasoline,18,24,20,443.0
44425,2022,Porsche,911 Carrera 4,Minicompact Cars,All-Wheel Drive,Automatic (AM-S8),6.0,3.0,Premium Gasoline,18,24,20,442.0
44426,2022,Porsche,911 Carrera 4 Cabriolet,Minicompact Cars,All-Wheel Drive,Automatic (AM-S8),6.0,3.0,Premium Gasoline,18,24,20,443.0
45121,2022,Porsche,911 Carrera 4 GTS,Minicompact Cars,All-Wheel Drive,Automatic (AM-S8),6.0,3.0,Premium Gasoline,17,23,19,464.0
45122,2022,Porsche,911 Carrera 4 GTS,Minicompact Cars,All-Wheel Drive,Manual 7-spd,6.0,3.0,Premium Gasoline,17,23,19,465.0
45123,2022,Porsche,911 Carrera 4 GTS Cabriolet,Minicompact Cars,All-Wheel Drive,Automatic (AM-S8),6.0,3.0,Premium Gasoline,17,22,19,463.0
45124,2022,Porsche,911 Carrera 4 GTS Cabriolet,Minicompact Cars,All-Wheel Drive,Manual 7-spd,6.0,3.0,Premium Gasoline,16,23,19,477.0
44421,2022,Porsche,911 Carrera 4S,Minicompact Cars,All-Wheel Drive,Manual 7-spd,6.0,3.0,Premium Gasoline,17,25,20,442.0
44422,2022,Porsche,911 Carrera 4S,Minicompact Cars,All-Wheel Drive,Automatic (AM-S8),6.0,3.0,Premium Gasoline,18,23,20,443.0
44423,2022,Porsche,911 Carrera 4S Cabriolet,Minicompact Cars,All-Wheel Drive,Manual 7-spd,6.0,3.0,Premium Gasoline,17,24,20,452.0
44424,2022,Porsche,911 Carrera 4S Cabriolet,Minicompact Cars,All-Wheel Drive,Automatic (AM-S8),6.0,3.0,Premium Gasoline,18,23,20,439.0
44416,2022,Porsche,911 Carrera Cabriolet,Minicompact Cars,Rear-Wheel Drive,Automatic (AM-S8),6.0,3.0,Premium Gasoline,18,24,20,443.0
45120,2022,Porsche,911 Carrera GTS,Minicompact Cars,Rear-Wheel Drive,Manual 7-spd,6.0,3.0,Premium Gasoline,17,24,20,444.0
45190,2022,Porsche,911 Carrera GTS,Minicompact Cars,Rear-Wheel Drive,Automatic (AM-S8),6.0,3.0,Premium Gasoline,17,23,19,465.0
45191,2022,Porsche,911 Carrera GTS Cabriolet,Minicompact Cars,Rear-Wheel Drive,Automatic (AM-S8),6.0,3.0,Premium Gasoline,17,23,19,465.0
45192,2022,Porsche,911 Carrera GTS Cabriolet,Minicompact Cars,Rear-Wheel Drive,Manual 7-spd,6.0,3.0,Premium Gasoline,17,24,20,448.0
44417,2022,Porsche,911 Carrera S,Minicompact Cars,Rear-Wheel Drive,Manual 7-spd,6.0,3.0,Premium Gasoline,18,25,21,425.0
44418,2022,Porsche,911 Carrera S,Minicompact Cars,Rear-Wheel Drive,Automatic (AM-S8),6.0,3.0,Premium Gasoline,18,23,20,441.0
44419,2022,Porsche,911 Carrera S Cabriolet,Minicompact Cars,Rear-Wheel Drive,Manual 7-spd,6.0,3.0,Premium Gasoline,17,25,20,443.0
44420,2022,Porsche,911 Carrera S Cabriolet,Minicompact Cars,Rear-Wheel Drive,Automatic (AM-S8),6.0,3.0,Premium Gasoline,18,23,20,439.0
44501,2022,Porsche,911 GT3,Two Seaters,Rear-Wheel Drive,Automatic (AM-S7),6.0,4.0,Premium Gasoline,15,18,16,538.0
44502,2022,Porsche,911 GT3,Two Seaters,Rear-Wheel Drive,Manual 6-spd,6.0,4.0,Premium Gasoline,14,18,16,571.0
44612,2022,Porsche,911 GT3 Touring,Two Seaters,Rear-Wheel Drive,Automatic (AM-S7),6.0,4.0,Premium Gasoline,15,18,16,539.0
44613,2022,Porsche,911 GT3 Touring,Two Seaters,Rear-Wheel Drive,Manual 6-spd,6.0,4.0,Premium Gasoline,14,18,16,570.0
44429,2022,Porsche,911 Targa 4,Minicompact Cars,All-Wheel Drive,Automatic (AM-S8),6.0,3.0,Premium Gasoline,18,24,20,442.0
45125,2022,Porsche,911 Targa 4 GTS,Minicompact Cars,All-Wheel Drive,Automatic (AM-S8),6.0,3.0,Premium Gasoline,17,22,19,461.0
45126,2022,Porsche,911 Targa 4 GTS,Minicompact Cars,All-Wheel Drive,Manual 7-spd,6.0,3.0,Premium Gasoline,16,23,19,477.0
44427,2022,Porsche,911 Targa 4S,Minicompact Cars,All-Wheel Drive,Automatic (AM-S8),6.0,3.0,Premium Gasoline,18,23,20,442.0
44428,2022,Porsche,911 Targa 4S,Minicompact Cars,All-Wheel Drive,Manual 7-spd,6.0,3.0,Premium Gasoline,17,24,20,447.0
44375,2022,Porsche,911 Turbo,Minicompact Cars,All-Wheel Drive,Automatic (AM-S8),6.0,3.7,Premium Gasoline,15,20,17,516.0
44376,2022,Porsche,911 Turbo Cabriolet,Minicompact Cars,All-Wheel Drive,Automatic (AM-S8),6.0,3.7,Premium Gasoline,15,20,17,521.0
44377,2022,Porsche,911 Turbo S,Minicompact Cars,All-Wheel Drive,Automatic (AM-S8),6.0,3.7,Premium Gasoline,15,20,17,517.0
44378,2022,Porsche,911 Turbo S Cabriolet,Minicompact Cars,All-Wheel Drive,Automatic (AM-S8),6.0,3.7,Premium Gasoline,15,20,17,528.0
45130,2022,Porsche,Cayenne,Standard Sport Utility Vehicle 4WD,All-Wheel Drive,Automatic (S8),6.0,3.0,Premium Gasoline,17,22,19,466.0
44676,2022,Porsche,Cayenne / Cayenne Coupe,Standard Sport Utility Vehicle 4WD,All-Wheel Drive,Automatic (S8),6.0,3.0,Premium Gasoline,17,22,19,466.0
44682,2022,Porsche,Cayenne GTS,Standard Sport Utility Vehicle 4WD,All-Wheel Drive,Automatic (S8),8.0,4.0,Premium Gasoline,15,19,17,533.0
44683,2022,Porsche,Cayenne GTS Coupe,Standard Sport Utility Vehicle 4WD,All-Wheel Drive,Automatic (S8),8.0,4.0,Premium Gasoline,15,19,17,525.0
44677,2022,Porsche,Cayenne S,Standard Sport Utility Vehicle 4WD,All-Wheel Drive,Automatic (S8),6.0,2.9,Premium Gasoline,16,22,18,494.0
44678,2022,Porsche,Cayenne S Coupe,Standard Sport Utility Vehicle 4WD,All-Wheel Drive,Automatic (S8),6.0,2.9,Premium Gasoline,16,21,18,490.0
44679,2022,Porsche,Cayenne Turbo,Standard Sport Utility Vehicle 4WD,All-Wheel Drive,Automatic (S8),8.0,4.0,Premium Gasoline,14,19,16,553.0
44681,2022,Porsche,Cayenne Turbo Coupe,Standard Sport Utility Vehicle 4WD,All-Wheel Drive,Automatic (S8),8.0,4.0,Premium Gasoline,15,20,17,531.0
44680,2022,Porsche,Cayenne Turbo GT Coupe,Standard Sport Utility Vehicle 4WD,All-Wheel Drive,Automatic (S8),8.0,4.0,Premium Gasoline,14,19,16,555.0
44770,2022,Porsche,Macan,Small Sport Utility Vehicle 4WD,All-Wheel Drive,Automatic (AM-S7),4.0,2.0,Premium Gasoline,19,25,21,424.0
44772,2022,Porsche,Macan GTS,Small Sport Utility Vehicle 4WD,All-Wheel Drive,Automatic (AM-S7),6.0,2.9,Premium Gasoline,17,22,19,466.0
44771,2022,Porsche,Macan S,Small Sport Utility Vehicle 4WD,All-Wheel Drive,Automatic (AM-S7),6.0,2.9,Premium Gasoline,17,23,19,466.0
44570,2022,Porsche,Panamera,Large Cars,Rear-Wheel Drive,Automatic (AM-S8),6.0,2.9,Premium Gasoline,18,24,20,441.0
44574,2022,Porsche,Panamera 4,Large Cars,All-Wheel Drive,Automatic (AM-S8),6.0,2.9,Premium Gasoline,18,24,20,441.0
44575,2022,Porsche,Panamera 4 Executive,Large Cars,All-Wheel Drive,Automatic (AM-S8),6.0,2.9,Premium Gasoline,17,23,19,465.0
44576,2022,Porsche,Panamera 4 ST,Large Cars,All-Wheel Drive,Automatic (AM-S8),6.0,2.9,Premium Gasoline,18,23,20,441.0
44571,2022,Porsche,Panamera 4S,Large Cars,All-Wheel Drive,Automatic (AM-S8),6.0,2.9,Premium Gasoline,18,24,20,445.0
44572,2022,Porsche,Panamera 4S Executive,Large Cars,All-Wheel Drive,Automatic (AM-S8),6.0,2.9,Premium Gasoline,17,23,19,469.0
44573,2022,Porsche,Panamera 4S ST,Large Cars,All-Wheel Drive,Automatic (AM-S8),6.0,2.9,Premium Gasoline,17,23,19,469.0
44578,2022,Porsche,Panamera GTS,Large Cars,All-Wheel Drive,Automatic (AM-S8),8.0,4.0,Premium Gasoline,15,21,17,520.0
44579,2022,Porsche,Panamera GTS ST,Large Cars,All-Wheel Drive,Automatic (AM-S8),8.0,4.0,Premium Gasoline,15,20,17,520.0
44577,2022,Porsche,Panamera Turbo S/Exec/ST,Large Cars,All-Wheel Drive,Automatic (AM-S8),8.0,4.0,Premium Gasoline,15,21,17,525.0
44396,2022,Ram,1500 2WD,Standard Pickup Trucks 2WD,Rear-Wheel Drive,Automatic 8-spd,8.0,5.7,Midgrade Gasoline,15,22,17,514.0
44402,2022,Ram,1500 4WD,Standard Pickup Trucks 4WD,4-Wheel Drive,Automatic 8-spd,8.0,5.7,Midgrade Gasoline,15,21,17,523.0
44762,2022,Ram,1500 Classic 2WD,Standard Pickup Trucks 2WD,Rear-Wheel Drive,Automatic 8-spd,6.0,3.6,Regular Gasoline,17,25,20,450.0
44763,2022,Ram,1500 Classic 2WD,Standard Pickup Trucks 2WD,Rear-Wheel Drive,Automatic 8-spd,8.0,5.7,Midgrade Gasoline,15,21,17,519.0
44764,2022,Ram,1500 Classic 4WD,Standard Pickup Trucks 4WD,4-Wheel Drive,Automatic 8-spd,6.0,3.6,Regular Gasoline,16,23,19,475.0
44765,2022,Ram,1500 Classic 4WD,Standard Pickup Trucks 4WD,4-Wheel Drive,Automatic 8-spd,8.0,5.7,Midgrade Gasoline,15,21,17,526.0
44403,2022,Ram,1500 TRX 4WD,Standard Pickup Trucks 4WD,4-Wheel Drive,Automatic 8-spd,8.0,6.2,Premium Gasoline,10,14,12,748.0
44990,2022,Ram,Promaster City,Special Purpose Vehicle 2WD,Front-Wheel Drive,Automatic 9-spd,4.0,2.4,Regular Gasoline,21,28,24,374.0
44254,2022,Rolls-Royce,Cullinan,Midsize Station Wagons,All-Wheel Drive,Automatic (S8),12.0,6.7,Premium Gasoline,12,20,14,618.0
44255,2022,Rolls-Royce,Cullinan Black Badge,Midsize Station Wagons,All-Wheel Drive,Automatic (S8),12.0,6.7,Premium Gasoline,12,20,14,618.0
44303,2022,Rolls-Royce,Ghost,Large Cars,All-Wheel Drive,Automatic (S8),12.0,6.7,Premium Gasoline,12,19,14,624.0
44305,2022,Rolls-Royce,Ghost Black Badge,Large Cars,All-Wheel Drive,Automatic (S8),12.0,6.7,Premium Gasoline,12,19,14,624.0
44304,2022,Rolls-Royce,Ghost Extended,Large Cars,All-Wheel Drive,Automatic (S8),12.0,6.7,Premium Gasoline,12,19,14,624.0
44248,2022,Rolls-Royce,Phantom,Large Cars,Rear-Wheel Drive,Automatic (S8),12.0,6.7,Premium Gasoline,12,20,14,615.0
44249,2022,Rolls-Royce,Phantom Extended,Large Cars,Rear-Wheel Drive,Automatic (S8),12.0,6.7,Premium Gasoline,12,20,14,615.0
44264,2022,Subaru,Ascent,Standard Sport Utility Vehicle 4WD,All-Wheel Drive,Automatic (AV-S8),4.0,2.4,Regular Gasoline,21,27,23,384.0
44265,2022,Subaru,Ascent Limited/Touring/Onyx AWD,Standard Sport Utility Vehicle 4WD,All-Wheel Drive,Automatic (AV-S8),4.0,2.4,Regular Gasoline,20,26,22,401.0
44271,2022,Subaru,BRZ,Minicompact Cars,Rear-Wheel Drive,Manual 6-spd,4.0,2.4,Premium Gasoline,20,27,22,398.0
44272,2022,Subaru,BRZ,Minicompact Cars,Rear-Wheel Drive,Automatic (S6),4.0,2.4,Premium Gasoline,21,30,25,362.0
44590,2022,Subaru,Crosstrek AWD,Small Sport Utility Vehicle 4WD,All-Wheel Drive,Manual 6-spd,4.0,2.0,Regular Gasoline,22,29,25,355.0
44591,2022,Subaru,Crosstrek AWD,Small Sport Utility Vehicle 4WD,All-Wheel Drive,Automatic (AV-S8),4.0,2.0,Regular Gasoline,28,33,30,297.0
44592,2022,Subaru,Crosstrek AWD,Small Sport Utility Vehicle 4WD,All-Wheel Drive,Automatic (AV-S8),4.0,2.5,Regular Gasoline,27,34,29,302.0
44484,2022,Subaru,Forester AWD,Small Sport Utility Vehicle 4WD,All-Wheel Drive,Automatic (AV-S7),4.0,2.5,Regular Gasoline,26,33,29,310.0
44485,2022,Subaru,Forester Wilderness AWD,Small Sport Utility Vehicle 4WD,All-Wheel Drive,Automatic (AV-S8),4.0,2.5,Regular Gasoline,25,28,26,338.0
44059,2022,Subaru,Impreza 4-Door,Midsize Cars,All-Wheel Drive,Manual 5-spd,4.0,2.0,Regular Gasoline,23,31,26,337.0
44060,2022,Subaru,Impreza 4-Door,Midsize Cars,All-Wheel Drive,Automatic (AV-S7),4.0,2.0,Regular Gasoline,28,36,32,280.0
44062,2022,Subaru,Impreza 5-Door,Small Station Wagons,All-Wheel Drive,Manual 5-spd,4.0,2.0,Regular Gasoline,24,31,26,335.0
44063,2022,Subaru,Impreza 5-Door,Small Station Wagons,All-Wheel Drive,Automatic (AV-S7),4.0,2.0,Regular Gasoline,28,36,31,284.0
44061,2022,Subaru,Impreza Sport 4-Door,Midsize Cars,All-Wheel Drive,Automatic (AV-S7),4.0,2.0,Regular Gasoline,27,36,30,291.0
44064,2022,Subaru,Impreza Sport 5-Door,Small Station Wagons,All-Wheel Drive,Manual 5-spd,4.0,2.0,Regular Gasoline,22,30,25,351.0
44065,2022,Subaru,Impreza Sport 5-Door,Small Station Wagons,All-Wheel Drive,Automatic (AV-S7),4.0,2.0,Regular Gasoline,27,35,30,292.0
43848,2022,Subaru,Legacy AWD,Large Cars,All-Wheel Drive,Automatic (AV-S8),4.0,2.5,Regular Gasoline,27,35,30,295.0
43849,2022,Subaru,Legacy AWD,Large Cars,All-Wheel Drive,Automatic (AV-S8),4.0,2.4,Regular Gasoline,24,32,27,330.0
43865,2022,Subaru,Outback AWD,Small Sport Utility Vehicle 4WD,All-Wheel Drive,Automatic (AV-S8),4.0,2.5,Regular Gasoline,26,33,29,308.0
43866,2022,Subaru,Outback AWD,Small Sport Utility Vehicle 4WD,All-Wheel Drive,Automatic (AV-S8),4.0,2.4,Regular Gasoline,23,30,26,343.0
43867,2022,Subaru,Outback Wilderness AWD,Small Sport Utility Vehicle 4WD,All-Wheel Drive,Automatic (AV-S8),4.0,2.4,Regular Gasoline,22,26,24,377.0
45059,2022,Subaru,WRX,Midsize Cars,All-Wheel Drive,Manual 6-spd,4.0,2.4,Premium Gasoline,19,26,22,407.0
45060,2022,Subaru,WRX,Midsize Cars,All-Wheel Drive,Automatic (AV-S8),4.0,2.4,Premium Gasoline,19,25,21,419.0
44437,2022,Toyota,4Runner 2WD,Standard Sport Utility Vehicle 2WD,Rear-Wheel Drive,Automatic (S5),6.0,4.0,Regular Gasoline,16,19,17,503.0
44440,2022,Toyota,4Runner 4WD,Standard Sport Utility Vehicle 4WD,Part-time 4-Wheel Drive,Automatic (S5),6.0,4.0,Regular Gasoline,16,19,17,515.0
44441,2022,Toyota,4Runner 4WD,Standard Sport Utility Vehicle 4WD,All-Wheel Drive,Automatic (S5),6.0,4.0,Regular Gasoline,16,19,17,519.0
44380,2022,Toyota,Avalon,Midsize Cars,Front-Wheel Drive,Automatic (S8),6.0,3.5,Regular Gasoline,22,31,25,352.0
44379,2022,Toyota,Avalon XLE,Midsize Cars,Front-Wheel Drive,Automatic (S8),6.0,3.5,Regular Gasoline,22,32,26,341.0
44985,2022,Toyota,C-HR,Compact Cars,Front-Wheel Drive,Automatic (AV-S7),4.0,2.0,Regular Gasoline,27,31,29,305.0
44343,2022,Toyota,Camry,Midsize Cars,Front-Wheel Drive,Automatic (S8),6.0,3.5,Regular Gasoline,22,33,26,338.0
44346,2022,Toyota,Camry AWD LE/SE,Midsize Cars,All-Wheel Drive,Automatic (S8),4.0,2.5,Regular Gasoline,25,34,29,310.0
44347,2022,Toyota,Camry AWD XLE/XSE,Midsize Cars,All-Wheel Drive,Automatic (S8),4.0,2.5,Regular Gasoline,25,34,28,315.0
44348,2022,Toyota,Camry LE/SE,Midsize Cars,Front-Wheel Drive,Automatic (S8),4.0,2.5,Regular Gasoline,28,39,32,280.0
44344,2022,Toyota,Camry TRD,Midsize Cars,Front-Wheel Drive,Automatic (S8),6.0,3.5,Regular Gasoline,22,31,25,354.0
44349,2022,Toyota,Camry XLE/XSE,Midsize Cars,Front-Wheel Drive,Automatic (S8),4.0,2.5,Regular Gasoline,27,38,31,286.0
44345,2022,Toyota,Camry XSE,Midsize Cars,Front-Wheel Drive,Automatic (S8),6.0,3.5,Regular Gasoline,22,32,26,345.0
44070,2022,Toyota,Corolla,Compact Cars,Front-Wheel Drive,Automatic (variable gear ratios),4.0,1.8,Regular Gasoline,30,38,33,267.0
44071,2022,Toyota,Corolla,Compact Cars,Front-Wheel Drive,Manual 6-spd,4.0,1.8,Regular Gasoline,29,39,33,271.0
44074,2022,Toyota,Corolla,Compact Cars,Front-Wheel Drive,Automatic (AV-S10),4.0,2.0,Regular Gasoline,31,40,34,257.0
44075,2022,Toyota,Corolla,Compact Cars,Front-Wheel Drive,Manual 6-spd,4.0,2.0,Regular Gasoline,29,36,32,277.0
44077,2022,Toyota,Corolla APEX,Compact Cars,Front-Wheel Drive,Automatic (AV-S10),4.0,2.0,Regular Gasoline,31,38,34,265.0
44078,2022,Toyota,Corolla APEX,Compact Cars,Front-Wheel Drive,Manual 6-spd,4.0,2.0,Regular Gasoline,28,36,31,286.0
44588,2022,Toyota,Corolla Cross,Small Sport Utility Vehicle 2WD,Front-Wheel Drive,Automatic (AV-S10),4.0,2.0,Regular Gasoline,31,33,32,275.0
44593,2022,Toyota,Corolla Cross 4WD,Small Sport Utility Vehicle 4WD,All-Wheel Drive,Automatic (AV-S10),4.0,2.0,Regular Gasoline,29,32,30,293.0
44237,2022,Toyota,Corolla Hatchback,Compact Cars,Front-Wheel Drive,Manual 6-spd,4.0,2.0,Regular Gasoline,28,36,31,284.0
44238,2022,Toyota,Corolla Hatchback,Compact Cars,Front-Wheel Drive,Automatic (AV-S10),4.0,2.0,Regular Gasoline,32,41,35,251.0
44239,2022,Toyota,Corolla Hatchback XSE,Compact Cars,Front-Wheel Drive,Automatic (AV-S10),4.0,2.0,Regular Gasoline,30,38,33,266.0
44072,2022,Toyota,Corolla XLE,Compact Cars,Front-Wheel Drive,Automatic (variable gear ratios),4.0,1.8,Regular Gasoline,29,37,32,274.0
44076,2022,Toyota,Corolla XSE,Compact Cars,Front-Wheel Drive,Automatic (AV-S10),4.0,2.0,Regular Gasoline,31,38,34,265.0
44614,2022,Toyota,GR 86,Minicompact Cars,Rear-Wheel Drive,Automatic (S6),4.0,2.4,Premium Gasoline,21,31,25,360.0
44615,2022,Toyota,GR 86,Minicompact Cars,Rear-Wheel Drive,Manual 6-spd,4.0,2.4,Premium Gasoline,20,27,22,396.0
44169,2022,Toyota,GR Supra,Two Seaters,Rear-Wheel Drive,Automatic (S8),4.0,2.0,Premium Gasoline,25,32,28,317.0
44170,2022,Toyota,GR Supra,Two Seaters,Rear-Wheel Drive,Automatic (S8),6.0,3.0,Premium Gasoline,22,30,25,351.0
44649,2022,Toyota,Highlander,Small Sport Utility Vehicle 2WD,Front-Wheel Drive,Automatic (S8),6.0,3.5,Regular Gasoline,20,28,23,389.0
44650,2022,Toyota,Highlander,Small Sport Utility Vehicle 2WD,Front-Wheel Drive,Automatic (S8),6.0,3.5,Regular Gasoline,21,29,24,372.0
44656,2022,Toyota,Highlander AWD,Small Sport Utility Vehicle 4WD,All-Wheel Drive,Automatic (S8),6.0,3.5,Regular Gasoline,20,27,23,387.0
44991,2022,Toyota,RAV4,Small Sport Utility Vehicle 2WD,Front-Wheel Drive,Automatic (S8),4.0,2.5,Regular Gasoline,27,35,30,296.0
44992,2022,Toyota,RAV4,Small Sport Utility Vehicle 2WD,Front-Wheel Drive,Automatic (S8),4.0,2.5,Regular Gasoline,27,35,30,292.0
45005,2022,Toyota,RAV4 AWD,Small Sport Utility Vehicle 4WD,All-Wheel Drive,Automatic (S8),4.0,2.5,Regular Gasoline,25,33,28,319.0
45006,2022,Toyota,RAV4 AWD,Small Sport Utility Vehicle 4WD,All-Wheel Drive,Automatic (S8),4.0,2.5,Regular Gasoline,27,33,29,301.0
45008,2022,Toyota,RAV4 AWD LE,Small Sport Utility Vehicle 4WD,All-Wheel Drive,Automatic (S8),4.0,2.5,Regular Gasoline,27,34,30,296.0
45007,2022,Toyota,RAV4 AWD TRD OFFROAD,Small Sport Utility Vehicle 4WD,All-Wheel Drive,Automatic (S8),4.0,2.5,Regular Gasoline,25,32,28,323.0
44358,2022,Toyota,Sequoia 2WD,Standard Sport Utility Vehicle 2WD,Rear-Wheel Drive,Automatic (S6),8.0,5.7,Regular Gasoline,13,17,15,604.0
44359,2022,Toyota,Sequoia 4WD,Standard Sport Utility Vehicle 4WD,Part-time 4-Wheel Drive,Automatic (S6),8.0,5.7,Regular Gasoline,13,17,14,618.0
44474,2022,Toyota,Tacoma 2WD,Small Pickup Trucks 2WD,Rear-Wheel Drive,Automatic (S6),6.0,3.5,Regular Gasoline,19,24,21,431.0
44475,2022,Toyota,Tacoma 2WD,Small Pickup Trucks 2WD,Rear-Wheel Drive,Automatic (S6),4.0,2.7,Regular Gasoline,20,23,21,423.0
44477,2022,Toyota,Tacoma 4WD,Small Pickup Trucks 4WD,Part-time 4-Wheel Drive,Automatic (S6),6.0,3.5,Regular Gasoline,18,22,20,448.0
44478,2022,Toyota,Tacoma 4WD,Small Pickup Trucks 4WD,Part-time 4-Wheel Drive,Manual 6-spd,6.0,3.5,Regular Gasoline,17,21,18,481.0
44480,2022,Toyota,Tacoma 4WD,Small Pickup Trucks 4WD,Part-time 4-Wheel Drive,Automatic (S6),4.0,2.7,Regular Gasoline,19,22,20,441.0
44479,2022,Toyota,Tacoma 4WD D-CAB MT TRD-ORP/PRO,Small Pickup Trucks 4WD,Part-time 4-Wheel Drive,Manual 6-spd,6.0,3.5,Regular Gasoline,17,20,18,483.0
44894,2022,Toyota,Tundra 2WD,Standard Pickup Trucks 2WD,Rear-Wheel Drive,Automatic (S10),6.0,3.4,Regular Gasoline,18,23,20,440.0
44895,2022,Toyota,Tundra 2WD,Standard Pickup Trucks 2WD,Rear-Wheel Drive,Automatic (S10),6.0,3.4,Regular Gasoline,18,24,20,441.0
44899,2022,Toyota,Tundra 4WD,Standard Pickup Trucks 4WD,Part-time 4-Wheel Drive,Automatic (S10),6.0,3.4,Regular Gasoline,17,22,19,460.0
44900,2022,Toyota,Tundra 4WD,Standard Pickup Trucks 4WD,Part-time 4-Wheel Drive,Automatic (S10),6.0,3.4,Regular Gasoline,17,23,19,459.0
45127,2022,Volkswagen,Arteon,Large Cars,Front-Wheel Drive,Automatic (AM7),4.0,2.0,Premium Gasoline,24,34,28,318.0
45128,2022,Volkswagen,Arteon 4motion,Large Cars,All-Wheel Drive,Automatic (AM7),4.0,2.0,Premium Gasoline,22,30,25,353.0
44196,2022,Volkswagen,Atlas,Small Sport Utility Vehicle 2WD,Front-Wheel Drive,Automatic (S8),4.0,2.0,Regular Gasoline,21,25,23,387.0
44219,2022,Volkswagen,Atlas,Small Sport Utility Vehicle 2WD,Front-Wheel Drive,Automatic (S8),6.0,3.6,Regular Gasoline,18,24,20,445.0
44200,2022,Volkswagen,Atlas 4motion,Small Sport Utility Vehicle 4WD,All-Wheel Drive,Automatic (S8),4.0,2.0,Regular Gasoline,20,24,22,411.0
44203,2022,Volkswagen,Atlas 4motion,Small Sport Utility Vehicle 4WD,All-Wheel Drive,Automatic (S8),6.0,3.6,Regular Gasoline,17,23,19,460.0
44197,2022,Volkswagen,Atlas Cross Sport,Small Sport Utility Vehicle 2WD,Front-Wheel Drive,Automatic (S8),4.0,2.0,Regular Gasoline,21,25,23,391.0
44198,2022,Volkswagen,Atlas Cross Sport,Small Sport Utility Vehicle 2WD,Front-Wheel Drive,Automatic (S8),6.0,3.6,Regular Gasoline,18,24,20,435.0
44201,2022,Volkswagen,Atlas Cross Sport 4motion,Small Sport Utility Vehicle 4WD,All-Wheel Drive,Automatic (S8),4.0,2.0,Regular Gasoline,20,24,22,406.0
44202,2022,Volkswagen,Atlas Cross Sport 4motion,Small Sport Utility Vehicle 4WD,All-Wheel Drive,Automatic (S8),6.0,3.6,Regular Gasoline,18,24,20,443.0
44240,2022,Volkswagen,GLI,Compact Cars,Front-Wheel Drive,Automatic (AM-S7),4.0,2.0,Regular Gasoline,26,36,30,297.0
44241,2022,Volkswagen,GLI,Compact Cars,Front-Wheel Drive,Manual 6-spd,4.0,2.0,Regular Gasoline,26,37,30,299.0
44342,2022,Volkswagen,GTI,Midsize Cars,Front-Wheel Drive,Manual 6-spd,4.0,2.0,Regular Gasoline,24,34,28,319.0
44539,2022,Volkswagen,GTI,Midsize Cars,Front-Wheel Drive,Automatic (AM7),4.0,2.0,Regular Gasoline,25,34,28,312.0
44702,2022,Volkswagen,Golf-R,Midsize Cars,All-Wheel Drive,Automatic (AM7),4.0,2.0,Premium Gasoline,23,30,26,343.0
44703,2022,Volkswagen,Golf-R,Midsize Cars,All-Wheel Drive,Manual 6-spd,4.0,2.0,Premium Gasoline,20,28,23,382.0
44624,2022,Volkswagen,Jetta,Compact Cars,Front-Wheel Drive,Manual 6-spd,4.0,1.5,Regular Gasoline,29,43,34,259.0
44757,2022,Volkswagen,Jetta,Compact Cars,Front-Wheel Drive,Automatic (S8),4.0,1.5,Regular Gasoline,31,41,35,256.0
44756,2022,Volkswagen,Jetta SE/SEL,Compact Cars,Front-Wheel Drive,Automatic (S8),4.0,1.5,Regular Gasoline,29,40,33,268.0
44136,2022,Volkswagen,Passat,Midsize Cars,Front-Wheel Drive,Automatic (S6),4.0,2.0,Regular Gasoline,24,36,28,315.0
43901,2022,Volkswagen,Taos,Small Sport Utility Vehicle 2WD,Front-Wheel Drive,Automatic 8-spd,4.0,1.5,Regular Gasoline,28,36,31,286.0
43902,2022,Volkswagen,Taos 4motion,Small Sport Utility Vehicle 4WD,All-Wheel Drive,Automatic 7-spd,4.0,1.5,Regular Gasoline,25,32,28,323.0
44142,2022,Volkswagen,Tiguan,Small Sport Utility Vehicle 2WD,Front-Wheel Drive,Automatic (S8),4.0,2.0,Regular Gasoline,23,30,26,346.0
44149,2022,Volkswagen,Tiguan 4motion,Small Sport Utility Vehicle 4WD,All-Wheel Drive,Automatic (S8),4.0,2.0,Regular Gasoline,22,29,25,357.0
44150,2022,Volkswagen,Tiguan R-Line 4motion,Small Sport Utility Vehicle 4WD,All-Wheel Drive,Automatic (S8),4.0,2.0,Regular Gasoline,21,28,24,369.0
44186,2022,Volvo,S60 B5,Compact Cars,Front-Wheel Drive,Automatic (S8),4.0,2.0,Premium Gasoline,26,35,30,299.0
44187,2022,Volvo,S60 B5 AWD,Compact Cars,All-Wheel Drive,Automatic (S8),4.0,2.0,Premium Gasoline,25,33,28,316.0
44192,2022,Volvo,S90 B6 AWD,Midsize Cars,All-Wheel Drive,Automatic (S8),4.0,2.0,Premium Gasoline,23,31,26,341.0
44193,2022,Volvo,V60CC T5 AWD,Small Station Wagons,All-Wheel Drive,Automatic (S8),4.0,2.0,Premium Gasoline,22,31,25,355.0
44195,2022,Volvo,V90CC B6 AWD,Midsize Station Wagons,All-Wheel Drive,Automatic (S8),4.0,2.0,Premium Gasoline,22,29,25,352.0
44199,2022,Volvo,XC40 T4,Small Sport Utility Vehicle 2WD,Front-Wheel Drive,Automatic (S8),4.0,2.0,Regular Gasoline,23,32,26,340.0
44204,2022,Volvo,XC40 T5 AWD,Small Sport Utility Vehicle 4WD,All-Wheel Drive,Automatic (S8),4.0,2.0,Premium Gasoline,22,30,25,359.0
44481,2022,Volvo,XC60 B5,Small Sport Utility Vehicle 2WD,Front-Wheel Drive,Automatic (S8),4.0,2.0,Premium Gasoline,23,30,26,345.0
44205,2022,Volvo,XC60 B5 AWD,Small Sport Utility Vehicle 4WD,All-Wheel Drive,Automatic (S8),4.0,2.0,Premium Gasoline,22,28,24,360.0
44206,2022,Volvo,XC60 B6 AWD,Small Sport Utility Vehicle 4WD,All-Wheel Drive,Automatic (S8),4.0,2.0,Premium Gasoline,21,27,24,373.0
44207,2022,Volvo,XC90 T5,Standard Sport Utility Vehicle 2WD,Front-Wheel Drive,Automatic (S8),4.0,2.0,Premium Gasoline,21,30,25,361.0
44209,2022,Volvo,XC90 T5 AWD,Standard Sport Utility Vehicle 4WD,All-Wheel Drive,Automatic (S8),4.0,2.0,Premium Gasoline,20,28,23,380.0
44210,2022,Volvo,XC90 T6 AWD,Standard Sport Utility Vehicle 4WD,All-Wheel Drive,Automatic (S8),4.0,2.0,Premium Gasoline,19,27,22,405.0
45337,2023,Acura,Integra,Large Cars,Front-Wheel Drive,Automatic (AV-S7),4.0,1.5,Premium Gasoline,30,37,33,269.0
45338,2023,Acura,Integra A-Spec,Large Cars,Front-Wheel Drive,Automatic (AV-S7),4.0,1.5,Premium Gasoline,29,36,32,277.0
45339,2023,Acura,Integra A-Spec,Large Cars,Front-Wheel Drive,Manual 6-spd,4.0,1.5,Premium Gasoline,26,36,30,293.0
45446,2023,Acura,MDX AWD,Small Sport Utility Vehicle 4WD,All-Wheel Drive,Automatic (S10),6.0,3.5,Premium Gasoline,19,25,21,423.0
45456,2023,Acura,MDX AWD Type-S,Standard Sport Utility Vehicle 4WD,All-Wheel Drive,Automatic (S10),6.0,3.0,Premium Gasoline,17,21,19,474.0
45444,2023,Acura,MDX FWD,Small Sport Utility Vehicle 2WD,Front-Wheel Drive,Automatic (S10),6.0,3.5,Premium Gasoline,19,26,22,411.0
46069,2023,Acura,RDX AWD,Small Sport Utility Vehicle 4WD,All-Wheel Drive,Automatic (S10),4.0,2.0,Premium Gasoline,21,27,23,385.0
46070,2023,Acura,RDX AWD A-SPEC,Small Sport Utility Vehicle 4WD,All-Wheel Drive,Automatic (S10),4.0,2.0,Premium Gasoline,21,26,23,388.0
46062,2023,Acura,RDX FWD,Small Sport Utility Vehicle 2WD,Front-Wheel Drive,Automatic (S10),4.0,2.0,Premium Gasoline,22,28,24,370.0
46063,2023,Acura,RDX FWD A-SPEC,Small Sport Utility Vehicle 2WD,Front-Wheel Drive,Automatic (S10),4.0,2.0,Premium Gasoline,22,27,24,375.0
46124,2023,Acura,TLX AWD,Compact Cars,All-Wheel Drive,Automatic (S10),4.0,2.0,Premium Gasoline,21,29,24,369.0
46126,2023,Acura,TLX AWD A-SPEC,Compact Cars,All-Wheel Drive,Automatic (S10),4.0,2.0,Premium Gasoline,21,29,24,371.0
46125,2023,Acura,TLX FWD,Compact Cars,Front-Wheel Drive,Automatic (S10),4.0,2.0,Premium Gasoline,22,31,25,352.0
46127,2023,Acura,TLX FWD A-SPEC,Compact Cars,Front-Wheel Drive,Automatic (S10),4.0,2.0,Premium Gasoline,22,30,25,357.0
46128,2023,Acura,TLX Type-S,Compact Cars,All-Wheel Drive,Automatic (S10),6.0,3.0,Premium Gasoline,19,25,21,420.0
46129,2023,Acura,TLX Type-S Perf Tire,Compact Cars,All-Wheel Drive,Automatic (S10),6.0,3.0,Premium Gasoline,19,24,21,421.0
45430,2023,Alfa Romeo,Giulia,Midsize Cars,Rear-Wheel Drive,Automatic 8-spd,4.0,2.0,Premium Gasoline,24,33,27,330.0
45431,2023,Alfa Romeo,Giulia,Midsize Cars,Rear-Wheel Drive,Automatic 8-spd,6.0,2.9,Premium Gasoline,17,25,20,436.0
45432,2023,Alfa Romeo,Giulia AWD,Midsize Cars,All-Wheel Drive,Automatic 8-spd,4.0,2.0,Premium Gasoline,23,31,26,348.0
45445,2023,Alfa Romeo,Stelvio,Small Sport Utility Vehicle 2WD,Rear-Wheel Drive,Automatic 8-spd,4.0,2.0,Premium Gasoline,22,29,25,359.0
45447,2023,Alfa Romeo,Stelvio AWD,Small Sport Utility Vehicle 4WD,All-Wheel Drive,Automatic 8-spd,4.0,2.0,Premium Gasoline,22,28,24,364.0
45448,2023,Alfa Romeo,Stelvio AWD,Small Sport Utility Vehicle 4WD,All-Wheel Drive,Automatic 8-spd,6.0,2.9,Premium Gasoline,17,23,19,463.0
45425,2023,Aston Martin,DB11 V12,Minicompact Cars,Rear-Wheel Drive,Automatic 8-spd,12.0,5.2,Premium Gasoline,14,22,17,522.0
45320,2023,Aston Martin,DB11 V8,Minicompact Cars,Rear-Wheel Drive,Automatic 8-spd,8.0,4.0,Premium Gasoline,18,24,20,431.0
45424,2023,Aston Martin,DBS,Minicompact Cars,Rear-Wheel Drive,Automatic 8-spd,12.0,5.2,Premium Gasoline,14,22,17,522.0
45386,2023,Aston Martin,DBX 707,Standard Sport Utility Vehicle 4WD,4-Wheel Drive,Automatic 9-spd,8.0,4.0,Premium Gasoline,15,20,17,536.0
45321,2023,Aston Martin,DBX V8,Standard Sport Utility Vehicle 4WD,4-Wheel Drive,Automatic 9-spd,8.0,4.0,Premium Gasoline,14,20,16,556.0
45423,2023,Aston Martin,Vantage V12,Two Seaters,Rear-Wheel Drive,Automatic 8-spd,12.0,5.2,Premium Gasoline,14,22,16,548.0
45319,2023,Aston Martin,Vantage V8,Two Seaters,Rear-Wheel Drive,Automatic 8-spd,8.0,4.0,Premium Gasoline,18,24,20,435.0
46438,2023,Audi,Q3,Small Sport Utility Vehicle 4WD,All-Wheel Drive,Automatic (S8),4.0,2.0,Regular Gasoline,22,29,25,361.0
45543,2023,Audi,Q3 S-Line,Small Sport Utility Vehicle 4WD,All-Wheel Drive,Automatic (S8),4.0,2.0,Regular Gasoline,21,28,24,375.0
45706,2023,Audi,Q7,Standard Sport Utility Vehicle 4WD,All-Wheel Drive,Automatic (S8),4.0,2.0,Premium Gasoline,19,25,21,414.0
45645,2023,Audi,R8 Coupe RWD,Two Seaters,Rear-Wheel Drive,Automatic (AM-S7),10.0,5.2,Premium Gasoline,14,23,17,515.0
45643,2023,Audi,R8 Coupe quattro,Two Seaters,All-Wheel Drive,Automatic (AM-S7),10.0,5.2,Premium Gasoline,13,18,15,580.0
46038,2023,Audi,R8 GT RWD,Two Seaters,Rear-Wheel Drive,Automatic (AM-S7),10.0,5.2,Premium Gasoline,14,21,17,527.0
45646,2023,Audi,R8 Spyder RWD,Two Seaters,Rear-Wheel Drive,Automatic (AM-S7),10.0,5.2,Premium Gasoline,14,23,17,515.0
45644,2023,Audi,R8 Spyder quattro,Two Seaters,All-Wheel Drive,Automatic (AM-S7),10.0,5.2,Premium Gasoline,13,18,15,580.0
45472,2023,Audi,RS 5 Coupe,Subcompact Cars,4-Wheel Drive,Automatic (S8),6.0,2.9,Premium Gasoline,18,26,21,429.0
45517,2023,Audi,RS 5 Sportback,Midsize Cars,4-Wheel Drive,Automatic (S8),6.0,2.9,Premium Gasoline,18,25,21,430.0
47510,2023,Audi,RS3,Subcompact Cars,All-Wheel Drive,Automatic (AM-S7),5.0,2.5,Premium Gasoline,20,29,23,383.0
45428,2023,Audi,S3,Subcompact Cars,All-Wheel Drive,Automatic (AM-S7),4.0,2.0,Premium Gasoline,23,32,26,334.0
45490,2023,Audi,S4,Compact Cars,4-Wheel Drive,Automatic (S8),6.0,3.0,Premium Gasoline,21,30,24,364.0
45471,2023,Audi,S5 Cabriolet,Subcompact Cars,4-Wheel Drive,Automatic (S8),6.0,3.0,Premium Gasoline,21,28,23,375.0
45470,2023,Audi,S5 Coupe,Subcompact Cars,4-Wheel Drive,Automatic (S8),6.0,3.0,Premium Gasoline,21,30,24,364.0
45516,2023,Audi,S5 Sportback,Midsize Cars,4-Wheel Drive,Automatic (S8),6.0,3.0,Premium Gasoline,21,30,24,364.0
45541,2023,Audi,SQ5,Small Sport Utility Vehicle 4WD,4-Wheel Drive,Automatic (S8),6.0,3.0,Premium Gasoline,19,24,21,422.0
45542,2023,Audi,SQ5 Sportback,Small Sport Utility Vehicle 4WD,4-Wheel Drive,Automatic (S8),6.0,3.0,Premium Gasoline,19,24,21,422.0
45570,2023,Audi,SQ7,Standard Sport Utility Vehicle 4WD,All-Wheel Drive,Automatic (S8),8.0,4.0,Premium Gasoline,14,20,17,532.0
45571,2023,Audi,SQ8,Standard Sport Utility Vehicle 4WD,All-Wheel Drive,Automatic (S8),8.0,4.0,Premium Gasoline,14,20,17,532.0
45473,2023,Audi,TT Coupe,Subcompact Cars,All-Wheel Drive,Automatic (AM-S7),4.0,2.0,Regular Gasoline,23,30,25,347.0
45463,2023,Audi,TT Roadster,Two Seaters,All-Wheel Drive,Automatic (AM-S7),4.0,2.0,Regular Gasoline,23,30,25,347.0
45474,2023,Audi,TTS Coupe,Subcompact Cars,All-Wheel Drive,Automatic (AM-S7),4.0,2.0,Premium Gasoline,23,31,26,337.0
45492,2023,BMW,228i Gran Coupe,Compact Cars,Front-Wheel Drive,Automatic (S8),4.0,2.0,Premium Gasoline,24,34,28,315.0
45491,2023,BMW,228i xDrive Gran Coupe,Compact Cars,All-Wheel Drive,Automatic (S8),4.0,2.0,Premium Gasoline,23,33,27,330.0
45475,2023,BMW,230i Coupe,Subcompact Cars,Rear-Wheel Drive,Automatic (S8),4.0,2.0,Premium Gasoline,26,35,29,300.0
45476,2023,BMW,230i xDrive Coupe,Subcompact Cars,All-Wheel Drive,Automatic (S8),4.0,2.0,Premium Gasoline,24,34,28,314.0
45765,2023,BMW,330i Sedan,Compact Cars,Rear-Wheel Drive,Automatic (S8),4.0,2.0,Premium Gasoline,25,34,29,308.0
46130,2023,BMW,330i xDrive Sedan,Compact Cars,All-Wheel Drive,Automatic (S8),4.0,2.0,Premium Gasoline,24,33,27,322.0
45602,2023,BMW,430i Convertible,Subcompact Cars,Rear-Wheel Drive,Automatic (S8),4.0,2.0,Premium Gasoline,25,34,28,313.0
45601,2023,BMW,430i Coupe,Subcompact Cars,Rear-Wheel Drive,Automatic (S8),4.0,2.0,Premium Gasoline,25,34,28,313.0
45604,2023,BMW,430i Gran Coupe,Compact Cars,Rear-Wheel Drive,Automatic (S8),4.0,2.0,Premium Gasoline,25,34,28,313.0
45480,2023,BMW,430i xDrive Convertible,Subcompact Cars,All-Wheel Drive,Automatic (S8),4.0,2.0,Premium Gasoline,23,33,27,327.0
45479,2023,BMW,430i xDrive Coupe,Subcompact Cars,All-Wheel Drive,Automatic (S8),4.0,2.0,Premium Gasoline,23,33,27,327.0
45273,2023,BMW,430i xDrive Gran Coupe,Compact Cars,All-Wheel Drive,Automatic (S8),4.0,2.0,Premium Gasoline,23,33,27,329.0
45518,2023,BMW,530i Sedan,Midsize Cars,Rear-Wheel Drive,Automatic (S8),4.0,2.0,Premium Gasoline,25,33,28,313.0
45519,2023,BMW,530i xDrive Sedan,Midsize Cars,All-Wheel Drive,Automatic (S8),4.0,2.0,Premium Gasoline,23,32,26,332.0
45265,2023,BMW,840i Convertible,Subcompact Cars,Rear-Wheel Drive,Automatic (S8),6.0,3.0,Premium Gasoline,21,29,24,374.0
45263,2023,BMW,840i Coupe,Subcompact Cars,Rear-Wheel Drive,Automatic (S8),6.0,3.0,Premium Gasoline,21,29,24,373.0
45276,2023,BMW,840i Gran Coupe,Midsize Cars,Rear-Wheel Drive,Automatic (S8),6.0,3.0,Premium Gasoline,21,29,24,374.0
45266,2023,BMW,840i xDrive Convertible,Subcompact Cars,All-Wheel Drive,Automatic (S8),6.0,3.0,Premium Gasoline,21,29,24,373.0
45264,2023,BMW,840i xDrive Coupe,Subcompact Cars,All-Wheel Drive,Automatic (S8),6.0,3.0,Premium Gasoline,21,29,24,373.0
45277,2023,BMW,840i xDrive Gran Coupe,Midsize Cars,All-Wheel Drive,Automatic (S8),6.0,3.0,Premium Gasoline,21,29,24,373.0
45233,2023,BMW,Alpina B8 Gran Coupe,Midsize Cars,All-Wheel Drive,Automatic (S8),8.0,4.4,Premium Gasoline,17,24,19,457.0
46120,2023,BMW,M2 Coupe,Subcompact Cars,Rear-Wheel Drive,Manual 6-spd,6.0,3.0,Premium Gasoline,16,24,19,461.0
46121,2023,BMW,M2 Coupe,Subcompact Cars,Rear-Wheel Drive,Automatic (S8),6.0,3.0,Premium Gasoline,16,23,19,472.0
45764,2023,BMW,M235i xDrive Gran Coupe,Compact Cars,All-Wheel Drive,Automatic (S8),4.0,2.0,Premium Gasoline,24,33,27,324.0
45477,2023,BMW,M240i Coupe,Subcompact Cars,Rear-Wheel Drive,Automatic (S8),6.0,3.0,Premium Gasoline,22,32,26,343.0
45478,2023,BMW,M240i xDrive Coupe,Subcompact Cars,All-Wheel Drive,Automatic (S8),6.0,3.0,Premium Gasoline,23,32,26,338.0
45496,2023,BMW,M3 Competition M xDrive Sedan,Compact Cars,All-Wheel Drive,Automatic (S8),6.0,3.0,Premium Gasoline,16,22,18,477.0
45495,2023,BMW,M3 Competition Sedan,Compact Cars,Rear-Wheel Drive,Automatic (S8),6.0,3.0,Premium Gasoline,16,23,19,470.0
45494,2023,BMW,M3 Sedan,Compact Cars,Rear-Wheel Drive,Manual 6-spd,6.0,3.0,Premium Gasoline,16,23,19,472.0
45649,2023,BMW,M4 CSL Coupe,Subcompact Cars,Rear-Wheel Drive,Automatic (S8),6.0,3.0,Premium Gasoline,16,23,18,485.0
45486,2023,BMW,M4 Competition Coupe,Subcompact Cars,Rear-Wheel Drive,Automatic (S8),6.0,3.0,Premium Gasoline,16,23,19,470.0
45488,2023,BMW,M4 Competition M xDrive Convertible,Subcompact Cars,All-Wheel Drive,Automatic (S8),6.0,3.0,Premium Gasoline,16,23,18,484.0
45487,2023,BMW,M4 Competition M xDrive Coupe,Subcompact Cars,All-Wheel Drive,Automatic (S8),6.0,3.0,Premium Gasoline,16,22,18,477.0
45485,2023,BMW,M4 Coupe,Subcompact Cars,Rear-Wheel Drive,Manual 6-spd,6.0,3.0,Premium Gasoline,16,23,19,472.0
45523,2023,BMW,M5 Competition Sedan,Midsize Cars,All-Wheel Drive,Automatic (S8),8.0,4.4,Premium Gasoline,15,21,17,522.0
45522,2023,BMW,M5 Sedan,Midsize Cars,All-Wheel Drive,Automatic (S8),8.0,4.4,Premium Gasoline,15,21,17,522.0
45521,2023,BMW,M550i xDrive Sedan,Midsize Cars,All-Wheel Drive,Automatic (S8),8.0,4.4,Premium Gasoline,17,25,20,446.0
45226,2023,BMW,M8 Competition Convertible,Subcompact Cars,All-Wheel Drive,Automatic (S8),8.0,4.4,Premium Gasoline,15,22,17,517.0
45225,2023,BMW,M8 Competition Coupe,Subcompact Cars,All-Wheel Drive,Automatic (S8),8.0,4.4,Premium Gasoline,15,22,17,517.0
45234,2023,BMW,M8 Competition Gran Coupe,Midsize Cars,All-Wheel Drive,Automatic (S8),8.0,4.4,Premium Gasoline,15,22,17,517.0
45224,2023,BMW,M850i xDrive Convertible,Subcompact Cars,All-Wheel Drive,Automatic (S8),8.0,4.4,Premium Gasoline,17,24,19,457.0
45223,2023,BMW,M850i xDrive Coupe,Subcompact Cars,All-Wheel Drive,Automatic (S8),8.0,4.4,Premium Gasoline,17,24,19,457.0
45232,2023,BMW,M850i xDrive Gran Coupe,Midsize Cars,All-Wheel Drive,Automatic (S8),8.0,4.4,Premium Gasoline,17,24,19,457.0
45617,2023,BMW,X1 xDrive28i,Small Sport Utility Vehicle 4WD,All-Wheel Drive,Automatic (AM-S7),4.0,2.0,Premium Gasoline,25,34,28,313.0
45231,2023,BMW,X2 M35i,Midsize Cars,All-Wheel Drive,Automatic (S8),4.0,2.0,Premium Gasoline,24,31,27,333.0
45275,2023,BMW,X2 sDrive28i,Midsize Cars,Front-Wheel Drive,Automatic (S8),4.0,2.0,Premium Gasoline,24,32,27,329.0
45274,2023,BMW,X2 xDrive28i,Midsize Cars,All-Wheel Drive,Automatic (S8),4.0,2.0,Premium Gasoline,24,31,27,333.0
45546,2023,BMW,X3 M,Small Sport Utility Vehicle 4WD,All-Wheel Drive,Automatic (S8),6.0,3.0,Premium Gasoline,15,20,17,519.0
45547,2023,BMW,X3 M Competition,Small Sport Utility Vehicle 4WD,All-Wheel Drive,Automatic (S8),6.0,3.0,Premium Gasoline,15,20,17,519.0
45535,2023,BMW,X3 sDrive30i,Small Sport Utility Vehicle 2WD,Rear-Wheel Drive,Automatic (S8),4.0,2.0,Premium Gasoline,23,29,25,352.0
45544,2023,BMW,X3 xDrive30i,Small Sport Utility Vehicle 4WD,All-Wheel Drive,Automatic (S8),4.0,2.0,Premium Gasoline,21,28,24,369.0
45550,2023,BMW,X4 M,Small Sport Utility Vehicle 4WD,All-Wheel Drive,Automatic (S8),6.0,3.0,Premium Gasoline,15,20,17,519.0
45551,2023,BMW,X4 M Competition,Small Sport Utility Vehicle 4WD,All-Wheel Drive,Automatic (S8),6.0,3.0,Premium Gasoline,15,20,17,519.0
45548,2023,BMW,X4 xDrive30i,Small Sport Utility Vehicle 4WD,All-Wheel Drive,Automatic (S8),4.0,2.0,Premium Gasoline,21,28,24,369.0
45574,2023,BMW,X5 M,Standard Sport Utility Vehicle 4WD,All-Wheel Drive,Automatic (S8),8.0,4.4,Premium Gasoline,13,18,15,586.0
45575,2023,BMW,X5 M Competition,Standard Sport Utility Vehicle 4WD,All-Wheel Drive,Automatic (S8),8.0,4.4,Premium Gasoline,13,18,15,586.0
45573,2023,BMW,X5 M50i,Standard Sport Utility Vehicle 4WD,All-Wheel Drive,Automatic (S8),8.0,4.4,Premium Gasoline,16,22,18,486.0
45578,2023,BMW,X6 M,Standard Sport Utility Vehicle 4WD,All-Wheel Drive,Automatic (S8),8.0,4.4,Premium Gasoline,13,18,15,586.0
45579,2023,BMW,X6 M Competition,Standard Sport Utility Vehicle 4WD,All-Wheel Drive,Automatic (S8),8.0,4.4,Premium Gasoline,13,18,15,586.0
45577,2023,BMW,X6 M50i,Standard Sport Utility Vehicle 4WD,All-Wheel Drive,Automatic (S8),8.0,4.4,Premium Gasoline,16,22,18,486.0
46082,2023,BMW,Z4 M40i,Two Seaters,Rear-Wheel Drive,Automatic (S8),6.0,3.0,Premium Gasoline,23,31,26,338.0
46081,2023,BMW,Z4 sDrive30i,Two Seaters,Rear-Wheel Drive,Automatic (S8),4.0,2.0,Premium Gasoline,25,33,28,312.0
45905,2023,Bentley,Bentayga,Standard Sport Utility Vehicle 4WD,All-Wheel Drive,Automatic (S8),8.0,4.0,Premium Gasoline,14,21,17,527.0
45906,2023,Bentley,Bentayga EWB,Standard Sport Utility Vehicle 4WD,All-Wheel Drive,Automatic (S8),8.0,4.0,Premium Gasoline,14,21,17,527.0
45907,2023,Bentley,Bentayga Speed,Standard Sport Utility Vehicle 4WD,All-Wheel Drive,Automatic (S8),12.0,6.0,Premium Gasoline,12,19,14,617.0
45860,2023,Bentley,Continental GT,Subcompact Cars,All-Wheel Drive,Automatic (AM-S8),8.0,4.0,Premium Gasoline,15,23,18,494.0
45859,2023,Bentley,Continental GT Convertible,Minicompact Cars,All-Wheel Drive,Automatic (AM-S8),8.0,4.0,Premium Gasoline,15,22,18,508.0
45897,2023,Bentley,Continental GT Convertible Speed,Minicompact Cars,All-Wheel Drive,Automatic (AM-S8),12.0,6.0,Premium Gasoline,12,18,14,636.0
45898,2023,Bentley,Continental GT Speed,Subcompact Cars,All-Wheel Drive,Automatic (AM-S8),12.0,6.0,Premium Gasoline,12,20,15,610.0
45901,2023,Bentley,Flying Spur,Midsize Cars,All-Wheel Drive,Automatic (AM-S8),8.0,4.0,Premium Gasoline,15,22,17,514.0
45902,2023,Bentley,Flying Spur,Midsize Cars,All-Wheel Drive,Automatic (AM-S8),12.0,6.0,Premium Gasoline,12,19,15,601.0
45962,2023,Bugatti,Chiron,Two Seaters,All-Wheel Drive,Automatic (AM-S7),16.0,8.0,Premium Gasoline,9,14,11,840.0
45895,2023,Bugatti,Chiron Pur Sport,Two Seaters,All-Wheel Drive,Automatic (AM-S7),16.0,8.0,Premium Gasoline,8,11,9,979.0
45896,2023,Bugatti,Chiron Super Sport,Two Seaters,All-Wheel Drive,Automatic (AM-S7),16.0,8.0,Premium Gasoline,8,11,9,979.0
45387,2023,Buick,Enclave AWD,Standard Sport Utility Vehicle 4WD,All-Wheel Drive,Automatic 9-spd,6.0,3.6,Regular Gasoline,17,25,20,448.0
45383,2023,Buick,Enclave FWD,Standard Sport Utility Vehicle 2WD,Front-Wheel Drive,Automatic 9-spd,6.0,3.6,Regular Gasoline,18,26,21,424.0
45310,2023,Buick,Encore GX AWD,Small Sport Utility Vehicle 4WD,All-Wheel Drive,Automatic 9-spd,3.0,1.3,Regular Gasoline,26,29,27,324.0
45305,2023,Buick,Encore GX FWD,Small Sport Utility Vehicle 2WD,Front-Wheel Drive,Automatic (variable gear ratios),3.0,1.2,Regular Gasoline,29,31,30,296.0
45306,2023,Buick,Encore GX FWD,Small Sport Utility Vehicle 2WD,Front-Wheel Drive,Automatic (variable gear ratios),3.0,1.3,Regular Gasoline,29,32,30,297.0
45376,2023,Buick,Envision AWD,Small Sport Utility Vehicle 4WD,All-Wheel Drive,Automatic (S9),4.0,2.0,Regular Gasoline,22,29,25,355.0
45368,2023,Buick,Envision FWD,Small Sport Utility Vehicle 2WD,Front-Wheel Drive,Automatic (S9),4.0,2.0,Regular Gasoline,23,31,26,337.0
45499,2023,Cadillac,CT4,Compact Cars,Rear-Wheel Drive,Automatic (S8),4.0,2.0,Premium Gasoline,23,34,27,331.0
45501,2023,Cadillac,CT4,Compact Cars,Rear-Wheel Drive,Automatic (S10),4.0,2.7,Premium Gasoline,21,31,25,356.0
45500,2023,Cadillac,CT4 AWD,Compact Cars,All-Wheel Drive,Automatic (S8),4.0,2.0,Premium Gasoline,22,31,26,348.0
45503,2023,Cadillac,CT4 AWD,Compact Cars,All-Wheel Drive,Automatic (S10),4.0,2.7,Premium Gasoline,21,29,24,371.0
45502,2023,Cadillac,CT4 V,Compact Cars,Rear-Wheel Drive,Automatic (S10),4.0,2.7,Premium Gasoline,20,29,23,385.0
45505,2023,Cadillac,CT4 V,Compact Cars,Rear-Wheel Drive,Automatic (S10),6.0,3.6,Premium Gasoline,16,24,19,478.0
45506,2023,Cadillac,CT4 V,Compact Cars,Rear-Wheel Drive,Manual 6-spd,6.0,3.6,Premium Gasoline,15,23,18,488.0
45504,2023,Cadillac,CT4 V AWD,Compact Cars,All-Wheel Drive,Automatic (S10),4.0,2.7,Premium Gasoline,20,28,23,387.0
45525,2023,Cadillac,CT5,Midsize Cars,Rear-Wheel Drive,Automatic (S10),4.0,2.0,Premium Gasoline,23,33,27,333.0
45526,2023,Cadillac,CT5,Midsize Cars,Rear-Wheel Drive,Automatic (S10),6.0,3.0,Premium Gasoline,19,27,22,405.0
45524,2023,Cadillac,CT5 AWD,Midsize Cars,All-Wheel Drive,Automatic (S10),4.0,2.0,Premium Gasoline,22,30,25,358.0
45528,2023,Cadillac,CT5 AWD,Midsize Cars,All-Wheel Drive,Automatic (S10),6.0,3.0,Premium Gasoline,18,26,21,419.0
45527,2023,Cadillac,CT5 V,Midsize Cars,Rear-Wheel Drive,Automatic (S10),6.0,3.0,Premium Gasoline,18,27,21,423.0
45529,2023,Cadillac,CT5 V,Midsize Cars,Rear-Wheel Drive,Manual 6-spd,8.0,6.2,Premium Gasoline,13,21,15,592.0
45662,2023,Cadillac,CT5 V,Midsize Cars,Rear-Wheel Drive,Automatic (S10),8.0,6.2,Premium Gasoline,13,21,16,558.0
46556,2023,Cadillac,CT5 V AWD,Midsize Cars,All-Wheel Drive,Automatic (S10),6.0,3.0,Premium Gasoline,18,26,21,419.0
45620,2023,Cadillac,Escalade 2WD,Standard Sport Utility Vehicle 2WD,Rear-Wheel Drive,Automatic 10-spd,8.0,6.2,Premium Gasoline,14,19,16,556.0
45633,2023,Cadillac,Escalade 4WD,Standard Sport Utility Vehicle 4WD,4-Wheel Drive,Automatic 10-spd,8.0,6.2,Premium Gasoline,14,18,16,564.0
45581,2023,Cadillac,Escalade V 4WD,Standard Sport Utility Vehicle 4WD,4-Wheel Drive,Automatic (S10),8.0,6.2,Premium Gasoline,11,16,13,702.0
45379,2023,Cadillac,XT4 AWD,Small Sport Utility Vehicle 4WD,All-Wheel Drive,Automatic (S9),4.0,2.0,Premium Gasoline,22,29,24,370.0
45369,2023,Cadillac,XT4 FWD,Small Sport Utility Vehicle 2WD,Front-Wheel Drive,Automatic (S9),4.0,2.0,Premium Gasoline,23,30,26,341.0
45377,2023,Cadillac,XT5 AWD,Small Sport Utility Vehicle 4WD,All-Wheel Drive,Automatic (S9),6.0,3.6,Regular Gasoline,18,25,21,426.0
45380,2023,Cadillac,XT5 AWD,Small Sport Utility Vehicle 4WD,All-Wheel Drive,Automatic (S9),4.0,2.0,Premium Gasoline,21,27,23,386.0
45370,2023,Cadillac,XT5 FWD,Small Sport Utility Vehicle 2WD,Front-Wheel Drive,Automatic (S9),6.0,3.6,Regular Gasoline,19,26,21,419.0
45372,2023,Cadillac,XT5 FWD,Small Sport Utility Vehicle 2WD,Front-Wheel Drive,Automatic (S9),4.0,2.0,Premium Gasoline,22,29,24,370.0
45366,2023,Cadillac,XT5 Hearse AWD,Special Purpose Vehicle 4WD,All-Wheel Drive,Automatic (S9),4.0,2.0,Premium Gasoline,20,23,21,425.0
45364,2023,Cadillac,XT5 Hearse FWD,Special Purpose Vehicle 2WD,Front-Wheel Drive,Automatic (S9),4.0,2.0,Premium Gasoline,20,23,21,425.0
45367,2023,Cadillac,XT5 Limo AWD,Special Purpose Vehicle 4WD,All-Wheel Drive,Automatic (S9),4.0,2.0,Premium Gasoline,20,23,21,425.0
45365,2023,Cadillac,XT5 Limo FWD,Special Purpose Vehicle 2WD,Front-Wheel Drive,Automatic (S9),4.0,2.0,Premium Gasoline,20,23,21,425.0
45378,2023,Cadillac,XT6 AWD,Small Sport Utility Vehicle 4WD,All-Wheel Drive,Automatic (S9),6.0,3.6,Regular Gasoline,18,25,21,433.0
45381,2023,Cadillac,XT6 AWD,Small Sport Utility Vehicle 4WD,All-Wheel Drive,Automatic (S9),4.0,2.0,Premium Gasoline,21,26,23,386.0
45371,2023,Cadillac,XT6 FWD,Small Sport Utility Vehicle 2WD,Front-Wheel Drive,Automatic (S9),6.0,3.6,Regular Gasoline,19,26,21,419.0
45373,2023,Cadillac,XT6 FWD,Small Sport Utility Vehicle 2WD,Front-Wheel Drive,Automatic (S9),4.0,2.0,Premium Gasoline,21,27,23,386.0
45382,2023,Chevrolet,Blazer AWD,Small Sport Utility Vehicle 4WD,All-Wheel Drive,Automatic 9-spd,6.0,3.6,Regular Gasoline,19,26,21,417.0
45407,2023,Chevrolet,Blazer AWD,Small Sport Utility Vehicle 4WD,All-Wheel Drive,Automatic 9-spd,4.0,2.0,Regular Gasoline,22,27,24,368.0
45374,2023,Chevrolet,Blazer FWD,Small Sport Utility Vehicle 2WD,Front-Wheel Drive,Automatic 9-spd,6.0,3.6,Regular Gasoline,19,27,22,404.0
45406,2023,Chevrolet,Blazer FWD,Small Sport Utility Vehicle 2WD,Front-Wheel Drive,Automatic 9-spd,4.0,2.0,Regular Gasoline,22,29,25,365.0
45343,2023,Chevrolet,Camaro,Subcompact Cars,Rear-Wheel Drive,Manual 6-spd,6.0,3.6,Regular Gasoline,16,26,20,453.0
45344,2023,Chevrolet,Camaro,Subcompact Cars,Rear-Wheel Drive,Manual 6-spd,4.0,2.0,Premium Gasoline,19,28,22,401.0
45345,2023,Chevrolet,Camaro,Subcompact Cars,Rear-Wheel Drive,Automatic (S8),4.0,2.0,Premium Gasoline,22,30,25,360.0
45346,2023,Chevrolet,Camaro,Subcompact Cars,Rear-Wheel Drive,Manual 6-spd,8.0,6.2,Premium Gasoline,14,20,16,559.0
45347,2023,Chevrolet,Camaro,Subcompact Cars,Rear-Wheel Drive,Automatic (S10),8.0,6.2,Premium Gasoline,13,21,16,571.0
45348,2023,Chevrolet,Camaro,Subcompact Cars,Rear-Wheel Drive,Manual 6-spd,8.0,6.2,Premium Gasoline,16,24,19,477.0
45403,2023,Chevrolet,Camaro,Subcompact Cars,Rear-Wheel Drive,Automatic (S10),6.0,3.6,Regular Gasoline,18,29,22,407.0
45975,2023,Chevrolet,Camaro,Subcompact Cars,Rear-Wheel Drive,Automatic (S10),8.0,6.2,Premium Gasoline,16,26,20,453.0
46459,2023,Chevrolet,Colorado 2WD,Small Pickup Trucks 2WD,Rear-Wheel Drive,Automatic 8-spd,4.0,2.7,Regular Gasoline,20,25,22,406.0
46559,2023,Chevrolet,Colorado 2WD,Small Pickup Trucks 2WD,Rear-Wheel Drive,Automatic 8-spd,4.0,2.7,Regular Gasoline,18,23,20,446.0
46460,2023,Chevrolet,Colorado 4WD,Small Pickup Trucks 4WD,4-Wheel Drive,Automatic 8-spd,4.0,2.7,Regular Gasoline,19,23,21,427.0
46562,2023,Chevrolet,Colorado 4WD,Small Pickup Trucks 4WD,4-Wheel Drive,Automatic 8-spd,4.0,2.7,Regular Gasoline,17,21,19,467.0
46561,2023,Chevrolet,Colorado Mud Terrain Tires 4WD,Small Pickup Trucks 4WD,4-Wheel Drive,Automatic 8-spd,4.0,2.7,Regular Gasoline,17,19,18,494.0
47514,2023,Chevrolet,Colorado ZR2 4WD,Small Pickup Trucks 4WD,4-Wheel Drive,Automatic 8-spd,4.0,2.7,Regular Gasoline,16,16,16,539.0
45293,2023,Chevrolet,Corvette,Two Seaters,Rear-Wheel Drive,Automatic (S8),8.0,6.2,Regular Gasoline,16,24,19,480.0
45908,2023,Chevrolet,Corvette Z06,Two Seaters,Rear-Wheel Drive,Automatic (S8),8.0,5.5,Premium Gasoline,12,21,15,597.0
45909,2023,Chevrolet,Corvette Z06 Carbon Aero,Two Seaters,Rear-Wheel Drive,Automatic (S8),8.0,5.5,Premium Gasoline,12,19,14,631.0
45827,2023,Chevrolet,Equinox AWD,Small Sport Utility Vehicle 4WD,All-Wheel Drive,Automatic 6-spd,4.0,1.5,Regular Gasoline,24,30,26,340.0
45823,2023,Chevrolet,Equinox FWD,Small Sport Utility Vehicle 2WD,Front-Wheel Drive,Automatic 6-spd,4.0,1.5,Regular Gasoline,26,31,28,317.0
45903,2023,Chevrolet,Malibu,Midsize Cars,Front-Wheel Drive,Automatic (variable gear ratios),4.0,1.5,Regular Gasoline,27,35,30,292.0
45771,2023,Chevrolet,Silverado 2WD,Standard Pickup Trucks 2WD,Rear-Wheel Drive,Automatic 10-spd,8.0,5.3,Regular Gasoline,17,21,19,478.0
45773,2023,Chevrolet,Silverado 2WD,Standard Pickup Trucks 2WD,Rear-Wheel Drive,Automatic 10-spd,8.0,5.3,Regular Gasoline,16,20,18,500.0
45774,2023,Chevrolet,Silverado 2WD,Standard Pickup Trucks 2WD,Rear-Wheel Drive,Automatic 10-spd,8.0,5.3,Regular Gasoline,17,21,19,478.0
45775,2023,Chevrolet,Silverado 2WD,Standard Pickup Trucks 2WD,Rear-Wheel Drive,Automatic 8-spd,4.0,2.7,Regular Gasoline,19,22,20,446.0
45776,2023,Chevrolet,Silverado 2WD,Standard Pickup Trucks 2WD,Rear-Wheel Drive,Automatic 8-spd,4.0,2.7,Regular Gasoline,19,21,20,453.0
45787,2023,Chevrolet,Silverado 4WD,Standard Pickup Trucks 4WD,4-Wheel Drive,Automatic 8-spd,4.0,2.7,Regular Gasoline,18,21,19,462.0
45788,2023,Chevrolet,Silverado 4WD,Standard Pickup Trucks 4WD,4-Wheel Drive,Automatic 10-spd,8.0,5.3,Regular Gasoline,16,20,17,523.0
45789,2023,Chevrolet,Silverado 4WD,Standard Pickup Trucks 4WD,4-Wheel Drive,Automatic 10-spd,8.0,5.3,Regular Gasoline,16,20,17,522.0
45791,2023,Chevrolet,Silverado 4WD,Standard Pickup Trucks 4WD,4-Wheel Drive,Automatic 10-spd,8.0,5.3,Regular Gasoline,15,19,17,535.0
45793,2023,Chevrolet,Silverado 4WD,Standard Pickup Trucks 4WD,4-Wheel Drive,Automatic 10-spd,8.0,6.2,Premium Gasoline,16,20,17,513.0
45799,2023,Chevrolet,Silverado 4WD,Standard Pickup Trucks 4WD,4-Wheel Drive,Automatic 8-spd,4.0,2.7,Regular Gasoline,18,21,19,459.0
45794,2023,Chevrolet,Silverado 4WD ZR2,Standard Pickup Trucks 4WD,4-Wheel Drive,Automatic 10-spd,8.0,6.2,Premium Gasoline,14,17,15,585.0
45820,2023,Chevrolet,Silverado Cab Chassis 2WD,Special Purpose Vehicle 2WD,Rear-Wheel Drive,Automatic 10-spd,8.0,5.3,Regular Gasoline,15,18,16,553.0
45819,2023,Chevrolet,Silverado Cab Chassis 4WD,Special Purpose Vehicle 4WD,4-Wheel Drive,Automatic 10-spd,8.0,5.3,Regular Gasoline,15,17,16,564.0
45786,2023,Chevrolet,Silverado Mud Terrain Tires 4WD,Standard Pickup Trucks 4WD,4-Wheel Drive,Automatic 10-spd,8.0,6.2,Premium Gasoline,14,18,16,567.0
45790,2023,Chevrolet,Silverado Mud Terrain Tires 4WD,Standard Pickup Trucks 4WD,4-Wheel Drive,Automatic 10-spd,8.0,5.3,Regular Gasoline,15,18,16,552.0
45792,2023,Chevrolet,Silverado Mud Terrain Tires 4WD,Standard Pickup Trucks 4WD,4-Wheel Drive,Automatic 10-spd,8.0,5.3,Regular Gasoline,15,19,16,555.0
45795,2023,Chevrolet,Silverado Mud Terrain Tires 4WD,Standard Pickup Trucks 4WD,4-Wheel Drive,Automatic 8-spd,4.0,2.7,Regular Gasoline,17,18,17,512.0
45622,2023,Chevrolet,Suburban 2WD,Standard Sport Utility Vehicle 2WD,Rear-Wheel Drive,Automatic 10-spd,8.0,6.2,Premium Gasoline,14,20,16,555.0
45624,2023,Chevrolet,Suburban 2WD,Standard Sport Utility Vehicle 2WD,Rear-Wheel Drive,Automatic 10-spd,8.0,5.3,Regular Gasoline,15,20,17,527.0
45635,2023,Chevrolet,Suburban 4WD,Standard Sport Utility Vehicle 4WD,4-Wheel Drive,Automatic 10-spd,8.0,6.2,Premium Gasoline,14,18,16,564.0
45636,2023,Chevrolet,Suburban 4WD,Standard Sport Utility Vehicle 4WD,4-Wheel Drive,Automatic 10-spd,8.0,5.3,Regular Gasoline,15,19,16,545.0
45621,2023,Chevrolet,Tahoe 2WD,Standard Sport Utility Vehicle 2WD,Rear-Wheel Drive,Automatic 10-spd,8.0,6.2,Premium Gasoline,14,20,16,555.0
45623,2023,Chevrolet,Tahoe 2WD,Standard Sport Utility Vehicle 2WD,Rear-Wheel Drive,Automatic 10-spd,8.0,5.3,Regular Gasoline,15,20,17,527.0
45634,2023,Chevrolet,Tahoe 4WD,Standard Sport Utility Vehicle 4WD,4-Wheel Drive,Automatic 10-spd,8.0,6.2,Premium Gasoline,14,18,16,564.0
45746,2023,Chevrolet,Tahoe 4WD,Standard Sport Utility Vehicle 4WD,4-Wheel Drive,Automatic 10-spd,8.0,5.3,Regular Gasoline,15,20,17,527.0
45747,2023,Chevrolet,Tahoe 4WD,Standard Sport Utility Vehicle 4WD,4-Wheel Drive,Automatic 10-spd,8.0,5.3,Regular Gasoline,14,18,16,566.0
45311,2023,Chevrolet,Trailblazer AWD,Small Sport Utility Vehicle 4WD,All-Wheel Drive,Automatic 9-spd,3.0,1.3,Regular Gasoline,26,30,28,320.0
45307,2023,Chevrolet,Trailblazer FWD,Small Sport Utility Vehicle 2WD,Front-Wheel Drive,Automatic (variable gear ratios),3.0,1.2,Regular Gasoline,29,31,30,296.0
45308,2023,Chevrolet,Trailblazer FWD,Small Sport Utility Vehicle 2WD,Front-Wheel Drive,Automatic (variable gear ratios),3.0,1.3,Regular Gasoline,29,33,31,290.0
45388,2023,Chevrolet,Traverse AWD,Standard Sport Utility Vehicle 4WD,All-Wheel Drive,Automatic 9-spd,6.0,3.6,Regular Gasoline,17,25,20,448.0
45384,2023,Chevrolet,Traverse FWD,Standard Sport Utility Vehicle 2WD,Front-Wheel Drive,Automatic 9-spd,6.0,3.6,Regular Gasoline,18,27,21,417.0
46277,2023,Chrysler,300,Large Cars,Rear-Wheel Drive,Automatic 8-spd,6.0,3.6,Regular Gasoline,19,30,23,389.0
46278,2023,Chrysler,300,Large Cars,Rear-Wheel Drive,Automatic 8-spd,8.0,5.7,Midgrade Gasoline,16,25,19,466.0
46279,2023,Chrysler,300,Large Cars,Rear-Wheel Drive,Automatic 8-spd,8.0,6.4,Premium Gasoline,15,24,18,495.0
46276,2023,Chrysler,300 AWD,Large Cars,All-Wheel Drive,Automatic 8-spd,6.0,3.6,Regular Gasoline,18,27,21,415.0
46372,2023,Chrysler,Pacifica,Minivan - 2WD,Front-Wheel Drive,Automatic 9-spd,6.0,3.6,Regular Gasoline,19,28,22,401.0
46292,2023,Chrysler,Pacifica AWD,Minivan - 4WD,All-Wheel Drive,Automatic 9-spd,6.0,3.6,Regular Gasoline,17,25,20,450.0
46373,2023,Chrysler,Voyager,Minivan - 2WD,Front-Wheel Drive,Automatic 9-spd,6.0,3.6,Regular Gasoline,19,28,22,401.0
46264,2023,Dodge,Challenger,Midsize Cars,Rear-Wheel Drive,Automatic 8-spd,6.0,3.6,Regular Gasoline,19,30,23,389.0
46265,2023,Dodge,Challenger,Midsize Cars,Rear-Wheel Drive,Automatic 8-spd,8.0,5.7,Midgrade Gasoline,16,25,19,466.0
46266,2023,Dodge,Challenger,Midsize Cars,Rear-Wheel Drive,Manual 6-spd,8.0,5.7,Premium Gasoline,15,23,18,494.0
46267,2023,Dodge,Challenger,Midsize Cars,Rear-Wheel Drive,Automatic 8-spd,8.0,6.4,Premium Gasoline,15,24,18,495.0
46268,2023,Dodge,Challenger,Midsize Cars,Rear-Wheel Drive,Manual 6-spd,8.0,6.4,Premium Gasoline,14,23,17,523.0
46272,2023,Dodge,Challenger AWD,Midsize Cars,All-Wheel Drive,Automatic 8-spd,6.0,3.6,Regular Gasoline,18,27,21,415.0
46269,2023,Dodge,Challenger SRT,Midsize Cars,Rear-Wheel Drive,Automatic 8-spd,8.0,6.2,Premium Gasoline,13,22,16,546.0
46557,2023,Dodge,Challenger SRT,Midsize Cars,Rear-Wheel Drive,Manual 6-spd,8.0,6.2,Premium Gasoline,13,21,16,567.0
46273,2023,Dodge,Challenger SRT Widebody,Midsize Cars,Rear-Wheel Drive,Automatic 8-spd,8.0,6.2,Premium Gasoline,13,21,15,572.0
46558,2023,Dodge,Challenger SRT Widebody,Midsize Cars,Rear-Wheel Drive,Manual 6-spd,8.0,6.2,Premium Gasoline,13,21,16,567.0
46270,2023,Dodge,Challenger Widebody,Midsize Cars,Rear-Wheel Drive,Automatic 8-spd,8.0,6.4,Premium Gasoline,15,24,18,495.0
46271,2023,Dodge,Challenger Widebody,Midsize Cars,Rear-Wheel Drive,Manual 6-spd,8.0,6.4,Premium Gasoline,14,23,17,523.0
46280,2023,Dodge,Charger,Large Cars,Rear-Wheel Drive,Automatic 8-spd,6.0,3.6,Regular Gasoline,19,30,23,389.0
46281,2023,Dodge,Charger,Large Cars,Rear-Wheel Drive,Automatic 8-spd,8.0,5.7,Midgrade Gasoline,16,25,19,466.0
46282,2023,Dodge,Charger,Large Cars,Rear-Wheel Drive,Automatic 8-spd,8.0,6.4,Premium Gasoline,15,24,18,495.0
46284,2023,Dodge,Charger AWD,Large Cars,All-Wheel Drive,Automatic 8-spd,6.0,3.6,Regular Gasoline,18,27,21,415.0
46283,2023,Dodge,Charger SRT Widebody,Large Cars,Rear-Wheel Drive,Automatic 8-spd,8.0,6.2,Premium Gasoline,12,21,15,592.0
46285,2023,Dodge,Charger Widebody,Large Cars,Rear-Wheel Drive,Automatic 8-spd,8.0,6.4,Premium Gasoline,15,24,18,495.0
45890,2023,Dodge,Durango AWD,Standard Sport Utility Vehicle 4WD,All-Wheel Drive,Automatic 8-spd,6.0,3.6,Regular Gasoline,18,25,21,430.0
45891,2023,Dodge,Durango AWD,Standard Sport Utility Vehicle 4WD,All-Wheel Drive,Automatic 8-spd,8.0,5.7,Midgrade Gasoline,14,22,17,533.0
45566,2023,Dodge,Durango RWD,Standard Sport Utility Vehicle 2WD,Rear-Wheel Drive,Automatic 8-spd,6.0,3.6,Regular Gasoline,19,26,21,416.0
45889,2023,Dodge,Durango RWD,Standard Sport Utility Vehicle 2WD,Rear-Wheel Drive,Automatic 8-spd,8.0,5.7,Midgrade Gasoline,14,22,17,525.0
46239,2023,Dodge,Durango SRT AWD,Standard Sport Utility Vehicle 4WD,All-Wheel Drive,Automatic 8-spd,8.0,6.2,Premium Gasoline,12,17,13,659.0
46240,2023,Dodge,Durango SRT AWD,Standard Sport Utility Vehicle 4WD,All-Wheel Drive,Automatic 8-spd,8.0,6.4,Premium Gasoline,13,19,15,584.0
46381,2023,Dodge,Hornet AWD,Small Sport Utility Vehicle 4WD,All-Wheel Drive,Automatic 9-spd,4.0,2.0,Regular Gasoline,21,29,24,371.0
45467,2023,Ferrari,812 Competizione,Two Seaters,Rear-Wheel Drive,Automatic (AM7),12.0,6.5,Premium Gasoline,12,16,14,652.0
45468,2023,Ferrari,812 Competizione A,Two Seaters,Rear-Wheel Drive,Automatic (AM7),12.0,6.5,Premium Gasoline,12,16,14,648.0
45466,2023,Ferrari,812 GTS,Two Seaters,Rear-Wheel Drive,Automatic (AM7),12.0,6.5,Premium Gasoline,12,15,13,665.0
45965,2023,Ferrari,Daytona SP3,Two Seaters,Rear-Wheel Drive,Automatic (AM7),12.0,6.5,Premium Gasoline,12,16,13,660.0
47511,2023,Ferrari,F175 AHA,Compact Cars,All-Wheel Drive,Automatic (AM8),12.0,6.5,Premium Gasoline,11,15,12,711.0
45465,2023,Ferrari,F8 Spider,Two Seaters,Rear-Wheel Drive,Automatic (AM7),8.0,3.9,Premium Gasoline,15,18,16,552.0
45464,2023,Ferrari,F8 Tributo,Two Seaters,Rear-Wheel Drive,Automatic (AM7),8.0,3.9,Premium Gasoline,15,19,16,541.0
45963,2023,Ferrari,Monza SP1,Two Seaters,Rear-Wheel Drive,Automatic (AM7),12.0,6.5,Premium Gasoline,12,15,13,658.0
45964,2023,Ferrari,Monza SP2,Two Seaters,Rear-Wheel Drive,Automatic (AM7),12.0,6.5,Premium Gasoline,12,15,13,658.0
45469,2023,Ferrari,Portofino M,Minicompact Cars,Rear-Wheel Drive,Automatic (AM8),8.0,3.9,Premium Gasoline,16,23,19,471.0
45489,2023,Ferrari,Roma,Subcompact Cars,Rear-Wheel Drive,Automatic (AM8),8.0,3.9,Premium Gasoline,17,22,19,472.0
46326,2023,Fiat,500X AWD,Small Sport Utility Vehicle 4WD,All-Wheel Drive,Automatic 9-spd,4.0,1.3,Regular Gasoline,24,30,26,356.0
46189,2023,Ford,Bronco 4WD,Small Sport Utility Vehicle 4WD,Part-time 4-Wheel Drive,Automatic (S10),4.0,2.3,Regular Gasoline,20,21,20,439.0
46190,2023,Ford,Bronco 4WD,Small Sport Utility Vehicle 4WD,Part-time 4-Wheel Drive,Manual 7-spd,4.0,2.3,Regular Gasoline,20,21,20,440.0
46191,2023,Ford,Bronco 4WD,Small Sport Utility Vehicle 4WD,Part-time 4-Wheel Drive,Automatic (S10),6.0,2.7,Regular Gasoline,19,21,20,454.0
46192,2023,Ford,Bronco Badlands 4WD,Small Sport Utility Vehicle 4WD,Part-time 4-Wheel Drive,Automatic (S10),4.0,2.3,Regular Gasoline,17,17,17,510.0
46193,2023,Ford,Bronco Badlands 4WD,Small Sport Utility Vehicle 4WD,Part-time 4-Wheel Drive,Manual 7-spd,4.0,2.3,Regular Gasoline,16,17,17,530.0
46194,2023,Ford,Bronco Badlands 4WD,Small Sport Utility Vehicle 4WD,Part-time 4-Wheel Drive,Automatic (S10),6.0,2.7,Regular Gasoline,17,17,17,530.0
46195,2023,Ford,Bronco Black Diamond 4WD,Small Sport Utility Vehicle 4WD,Part-time 4-Wheel Drive,Automatic (S10),4.0,2.3,Regular Gasoline,18,18,18,494.0
46196,2023,Ford,Bronco Black Diamond 4WD,Small Sport Utility Vehicle 4WD,Part-time 4-Wheel Drive,Manual 7-spd,4.0,2.3,Regular Gasoline,16,18,17,523.0
46197,2023,Ford,Bronco Black Diamond 4WD,Small Sport Utility Vehicle 4WD,Part-time 4-Wheel Drive,Automatic (S10),6.0,2.7,Regular Gasoline,18,18,18,494.0
46202,2023,Ford,Bronco Raptor 4WD,Standard Sport Utility Vehicle 4WD,Part-time 4-Wheel Drive,Automatic (S10),6.0,3.0,Regular Gasoline,15,16,15,577.0
46198,2023,Ford,Bronco Sasquatch 4WD,Small Sport Utility Vehicle 4WD,Part-time 4-Wheel Drive,Automatic (S10),4.0,2.3,Regular Gasoline,18,17,18,494.0
46199,2023,Ford,Bronco Sasquatch 4WD,Small Sport Utility Vehicle 4WD,Part-time 4-Wheel Drive,Manual 7-spd,4.0,2.3,Regular Gasoline,16,18,17,523.0
46200,2023,Ford,Bronco Sasquatch 4WD,Small Sport Utility Vehicle 4WD,Part-time 4-Wheel Drive,Automatic (S10),6.0,2.7,Regular Gasoline,17,17,17,531.0
46385,2023,Ford,Bronco Sport 4WD,Small Sport Utility Vehicle 4WD,All-Wheel Drive,Automatic 8-spd,3.0,1.5,Regular Gasoline,25,28,26,342.0
46386,2023,Ford,Bronco Sport 4WD,Small Sport Utility Vehicle 4WD,Part-time 4-Wheel Drive,Automatic (S8),4.0,2.0,Regular Gasoline,21,26,23,387.0
46382,2023,Ford,Edge AWD,Small Sport Utility Vehicle 4WD,All-Wheel Drive,Automatic 8-spd,4.0,2.0,Regular Gasoline,21,28,23,380.0
46383,2023,Ford,Edge AWD,Small Sport Utility Vehicle 4WD,All-Wheel Drive,Automatic (S8),4.0,2.0,Regular Gasoline,20,28,23,382.0
46384,2023,Ford,Edge AWD,Small Sport Utility Vehicle 4WD,All-Wheel Drive,Automatic (S8),6.0,2.7,Regular Gasoline,19,25,21,421.0
46387,2023,Ford,Escape AWD,Small Sport Utility Vehicle 4WD,All-Wheel Drive,Automatic 8-spd,4.0,2.0,Regular Gasoline,23,31,26,340.0
46388,2023,Ford,Escape AWD,Small Sport Utility Vehicle 4WD,All-Wheel Drive,Automatic 8-spd,3.0,1.5,Regular Gasoline,26,32,28,317.0
46324,2023,Ford,Escape FWD,Small Sport Utility Vehicle 2WD,Front-Wheel Drive,Automatic 8-spd,3.0,1.5,Regular Gasoline,27,34,30,299.0
46402,2023,Ford,Expedition 2WD,Standard Sport Utility Vehicle 2WD,Rear-Wheel Drive,Automatic (S10),6.0,3.5,Regular Gasoline,17,23,19,462.0
46406,2023,Ford,Expedition 2WD,Standard Sport Utility Vehicle 2WD,Rear-Wheel Drive,Automatic (S10),6.0,3.5,Regular Gasoline,16,23,19,468.0
46412,2023,Ford,Expedition 4WD,Standard Sport Utility Vehicle 4WD,Part-time 4-Wheel Drive,Automatic (S10),6.0,3.5,Regular Gasoline,16,22,18,484.0
46413,2023,Ford,Expedition 4WD,Standard Sport Utility Vehicle 4WD,Part-time 4-Wheel Drive,Automatic (S10),6.0,3.5,Regular Gasoline,16,21,18,494.0
46414,2023,Ford,Expedition Timberline AWD,Standard Sport Utility Vehicle 4WD,Part-time 4-Wheel Drive,Automatic (S10),6.0,3.5,Regular Gasoline,16,19,17,523.0
46415,2023,Ford,Expedition Timberline AWD,Standard Sport Utility Vehicle 4WD,Part-time 4-Wheel Drive,Automatic (S10),6.0,3.5,Regular Gasoline,15,19,17,523.0
46409,2023,Ford,Explorer AWD,Standard Sport Utility Vehicle 4WD,Part-time 4-Wheel Drive,Automatic 10-spd,4.0,2.3,Regular Gasoline,20,27,23,387.0
46410,2023,Ford,Explorer AWD,Standard Sport Utility Vehicle 4WD,Part-time 4-Wheel Drive,Automatic 10-spd,6.0,3.0,Regular Gasoline,18,24,20,444.0
46411,2023,Ford,Explorer AWD,Standard Sport Utility Vehicle 4WD,Part-time 4-Wheel Drive,Automatic (S10),6.0,3.0,Regular Gasoline,18,24,20,445.0
46416,2023,Ford,Explorer AWD,Standard Sport Utility Vehicle 4WD,Part-time 4-Wheel Drive,Automatic 10-spd,4.0,2.3,Regular Gasoline,20,26,22,404.0
46439,2023,Ford,Explorer AWD,Standard Sport Utility Vehicle 4WD,Part-time 4-Wheel Drive,Automatic 10-spd,6.0,3.0,Regular Gasoline,17,24,20,451.0
46440,2023,Ford,Explorer AWD,Standard Sport Utility Vehicle 4WD,Part-time 4-Wheel Drive,Automatic (S10),6.0,3.0,Regular Gasoline,17,24,20,454.0
46399,2023,Ford,Explorer RWD,Standard Sport Utility Vehicle 2WD,Rear-Wheel Drive,Automatic 10-spd,4.0,2.3,Regular Gasoline,21,28,24,370.0
46400,2023,Ford,Explorer RWD,Standard Sport Utility Vehicle 2WD,Rear-Wheel Drive,Automatic 10-spd,6.0,3.0,Regular Gasoline,18,26,21,428.0
46401,2023,Ford,Explorer RWD,Standard Sport Utility Vehicle 2WD,Rear-Wheel Drive,Automatic (S10),6.0,3.0,Regular Gasoline,18,25,20,438.0
46405,2023,Ford,Explorer RWD,Standard Sport Utility Vehicle 2WD,Rear-Wheel Drive,Automatic 10-spd,4.0,2.3,Regular Gasoline,20,28,23,385.0
46417,2023,Ford,Explorer Timberline AWD,Standard Sport Utility Vehicle 4WD,Part-time 4-Wheel Drive,Automatic (S10),4.0,2.3,Regular Gasoline,19,21,20,445.0
46420,2023,Ford,Explorer Timberline AWD,Standard Sport Utility Vehicle 4WD,Part-time 4-Wheel Drive,Automatic (S10),4.0,2.3,Regular Gasoline,19,22,21,433.0
46159,2023,Ford,F150 Pickup 2WD,Standard Pickup Trucks 2WD,Rear-Wheel Drive,Automatic (S10),6.0,2.7,Regular Gasoline,18,25,21,431.0
46160,2023,Ford,F150 Pickup 2WD,Standard Pickup Trucks 2WD,Rear-Wheel Drive,Automatic (S10),6.0,2.7,Regular Gasoline,20,26,22,405.0
46161,2023,Ford,F150 Pickup 2WD,Standard Pickup Trucks 2WD,Rear-Wheel Drive,Automatic (S10),6.0,3.5,Regular Gasoline,18,24,21,432.0
46169,2023,Ford,F150 Pickup 4WD,Standard Pickup Trucks 4WD,Part-time 4-Wheel Drive,Automatic (S10),6.0,2.7,Regular Gasoline,17,23,20,451.0
46170,2023,Ford,F150 Pickup 4WD,Standard Pickup Trucks 4WD,Part-time 4-Wheel Drive,Automatic (S10),6.0,2.7,Regular Gasoline,18,24,20,435.0
46171,2023,Ford,F150 Pickup 4WD,Standard Pickup Trucks 4WD,Part-time 4-Wheel Drive,Automatic (S10),6.0,3.5,Regular Gasoline,17,23,19,470.0
46172,2023,Ford,F150 Pickup 4WD,Standard Pickup Trucks 4WD,Part-time 4-Wheel Drive,Automatic (S10),6.0,3.5,Regular Gasoline,18,23,20,451.0
46177,2023,Ford,F150 Pickup Tremor 4WD,Standard Pickup Trucks 4WD,Part-time 4-Wheel Drive,Automatic (S10),6.0,3.5,Regular Gasoline,16,20,18,501.0
46178,2023,Ford,F150 Pickup Tremor 4WD,Standard Pickup Trucks 4WD,Part-time 4-Wheel Drive,Automatic (S10),6.0,3.5,Regular Gasoline,16,20,18,497.0
46181,2023,Ford,F150 RAPTOR 37 4WD,Standard Pickup Trucks 4WD,Part-time 4-Wheel Drive,Automatic (S10),6.0,3.5,Regular Gasoline,14,16,15,596.0
46182,2023,Ford,F150 RAPTOR 37 4WD,Standard Pickup Trucks 4WD,Part-time 4-Wheel Drive,Automatic (S10),6.0,3.5,Regular Gasoline,15,16,15,578.0
46183,2023,Ford,F150 RAPTOR 4WD,Standard Pickup Trucks 4WD,Part-time 4-Wheel Drive,Automatic (S10),6.0,3.5,Regular Gasoline,14,18,15,593.0
46184,2023,Ford,F150 RAPTOR 4WD,Standard Pickup Trucks 4WD,Part-time 4-Wheel Drive,Automatic (S10),6.0,3.5,Regular Gasoline,15,18,16,553.0
46185,2023,Ford,F150 RAPTOR R 4WD,Standard Pickup Trucks 4WD,Part-time 4-Wheel Drive,Automatic (S10),8.0,5.2,Regular Gasoline,10,15,12,741.0
46367,2023,Ford,Maverick AWD,Small Pickup Trucks 4WD,All-Wheel Drive,Automatic 8-spd,4.0,2.0,Regular Gasoline,22,28,24,370.0
46365,2023,Ford,Maverick FWD,Small Pickup Trucks 2WD,Front-Wheel Drive,Automatic 8-spd,4.0,2.0,Regular Gasoline,23,30,25,355.0
46368,2023,Ford,Maverick Tremor AWD,Small Pickup Trucks 4WD,All-Wheel Drive,Automatic 8-spd,4.0,2.0,Regular Gasoline,20,24,21,414.0
46335,2023,Ford,Mustang,Subcompact Cars,Rear-Wheel Drive,Manual 6-spd,4.0,2.3,Regular Gasoline,21,29,24,371.0
46336,2023,Ford,Mustang,Subcompact Cars,Rear-Wheel Drive,Manual 6-spd,8.0,5.0,Regular Gasoline,15,24,18,498.0
46337,2023,Ford,Mustang,Subcompact Cars,Rear-Wheel Drive,Automatic 10-spd,4.0,2.3,Regular Gasoline,22,32,25,350.0
46340,2023,Ford,Mustang,Subcompact Cars,Rear-Wheel Drive,Automatic (S10),8.0,5.0,Regular Gasoline,15,24,19,480.0
46343,2023,Ford,Mustang,Subcompact Cars,Rear-Wheel Drive,Automatic (S10),4.0,2.3,Regular Gasoline,21,31,24,363.0
46341,2023,Ford,Mustang Convertible,Subcompact Cars,Rear-Wheel Drive,Automatic (S10),8.0,5.0,Regular Gasoline,15,23,18,497.0
46344,2023,Ford,Mustang Convertible,Subcompact Cars,Rear-Wheel Drive,Automatic (S10),4.0,2.3,Regular Gasoline,20,28,23,389.0
46345,2023,Ford,Mustang Convertible,Subcompact Cars,Rear-Wheel Drive,Automatic 10-spd,4.0,2.3,Regular Gasoline,20,28,23,386.0
46346,2023,Ford,Mustang Convertible,Subcompact Cars,Rear-Wheel Drive,Manual 6-spd,4.0,2.3,Regular Gasoline,20,27,23,387.0
46348,2023,Ford,Mustang HO Convertible,Subcompact Cars,Rear-Wheel Drive,Manual 6-spd,4.0,2.3,Regular Gasoline,19,25,21,423.0
46349,2023,Ford,Mustang HO Convertible,Subcompact Cars,Rear-Wheel Drive,Automatic (S10),4.0,2.3,Regular Gasoline,19,26,22,404.0
46342,2023,Ford,Mustang HO Coupe,Subcompact Cars,Rear-Wheel Drive,Automatic (S10),4.0,2.3,Regular Gasoline,20,27,23,387.0
46347,2023,Ford,Mustang HO Coupe,Subcompact Cars,Rear-Wheel Drive,Manual 6-spd,4.0,2.3,Regular Gasoline,20,27,22,396.0
46338,2023,Ford,Mustang Mach 1,Subcompact Cars,Rear-Wheel Drive,Manual 6-spd,8.0,5.0,Regular Gasoline,14,22,17,523.0
46339,2023,Ford,Mustang Mach 1,Subcompact Cars,Rear-Wheel Drive,Automatic (S10),8.0,5.0,Regular Gasoline,15,23,18,493.0
46167,2023,Ford,Ranger 2WD,Standard Pickup Trucks 2WD,Rear-Wheel Drive,Automatic (S10),4.0,2.3,Regular Gasoline,20,26,22,397.0
46168,2023,Ford,Ranger 2WD,Standard Pickup Trucks 2WD,Rear-Wheel Drive,Automatic (S10),4.0,2.3,Regular Gasoline,21,26,23,387.0
46186,2023,Ford,Ranger 4WD,Standard Pickup Trucks 4WD,Part-time 4-Wheel Drive,Automatic (S10),4.0,2.3,Regular Gasoline,19,24,21,420.0
46187,2023,Ford,Ranger 4WD,Standard Pickup Trucks 4WD,Part-time 4-Wheel Drive,Automatic (S10),4.0,2.3,Regular Gasoline,20,24,22,410.0
46188,2023,Ford,Ranger Tremor 4WD,Standard Pickup Trucks 4WD,Part-time 4-Wheel Drive,Automatic (S10),4.0,2.3,Regular Gasoline,19,19,19,471.0
46370,2023,Ford,Transit Connect Van FWD,Special Purpose Vehicle 2WD,Front-Wheel Drive,Automatic (S8),4.0,2.0,Regular Gasoline,24,26,25,355.0
46371,2023,Ford,Transit Connect Wagon LWB FWD,Special Purpose Vehicle 2WD,Front-Wheel Drive,Automatic (S8),4.0,2.0,Regular Gasoline,24,28,26,348.0
45389,2023,GMC,Acadia AWD,Standard Sport Utility Vehicle 4WD,All-Wheel Drive,Automatic 9-spd,6.0,3.6,Regular Gasoline,19,26,21,417.0
45412,2023,GMC,Acadia AWD,Standard Sport Utility Vehicle 4WD,All-Wheel Drive,Automatic 9-spd,4.0,2.0,Regular Gasoline,22,27,24,368.0
45385,2023,GMC,Acadia FWD,Standard Sport Utility Vehicle 2WD,Front-Wheel Drive,Automatic 9-spd,6.0,3.6,Regular Gasoline,19,27,22,404.0
45411,2023,GMC,Acadia FWD,Standard Sport Utility Vehicle 2WD,Front-Wheel Drive,Automatic 9-spd,4.0,2.0,Regular Gasoline,22,29,25,365.0
46560,2023,GMC,Canyon 2WD,Small Pickup Trucks 2WD,Rear-Wheel Drive,Automatic 8-spd,4.0,2.7,Regular Gasoline,18,23,20,446.0
46563,2023,GMC,Canyon 4WD,Small Pickup Trucks 4WD,4-Wheel Drive,Automatic 8-spd,4.0,2.7,Regular Gasoline,17,21,19,467.0
47515,2023,GMC,Canyon AT4X 4WD,Small Pickup Trucks 4WD,4-Wheel Drive,Automatic 8-spd,4.0,2.7,Regular Gasoline,16,16,16,539.0
46564,2023,GMC,Canyon Mud Terrain Tires 4WD,Small Pickup Trucks 4WD,4-Wheel Drive,Automatic 8-spd,4.0,2.7,Regular Gasoline,17,20,18,495.0
45778,2023,GMC,Sierra 2WD,Standard Pickup Trucks 2WD,Rear-Wheel Drive,Automatic 10-spd,8.0,5.3,Regular Gasoline,16,21,18,493.0
45780,2023,GMC,Sierra 2WD,Standard Pickup Trucks 2WD,Rear-Wheel Drive,Automatic 10-spd,8.0,5.3,Regular Gasoline,16,20,18,500.0
45781,2023,GMC,Sierra 2WD,Standard Pickup Trucks 2WD,Rear-Wheel Drive,Automatic 10-spd,8.0,5.3,Regular Gasoline,16,21,18,493.0
45782,2023,GMC,Sierra 2WD,Standard Pickup Trucks 2WD,Rear-Wheel Drive,Automatic 8-spd,4.0,2.7,Regular Gasoline,19,22,20,446.0
45783,2023,GMC,Sierra 2WD,Standard Pickup Trucks 2WD,Rear-Wheel Drive,Automatic 8-spd,4.0,2.7,Regular Gasoline,19,21,20,453.0
45804,2023,GMC,Sierra 4WD,Standard Pickup Trucks 4WD,4-Wheel Drive,Automatic 8-spd,4.0,2.7,Regular Gasoline,18,20,19,468.0
45805,2023,GMC,Sierra 4WD,Standard Pickup Trucks 4WD,4-Wheel Drive,Automatic 10-spd,8.0,5.3,Regular Gasoline,16,20,17,523.0
45806,2023,GMC,Sierra 4WD,Standard Pickup Trucks 4WD,4-Wheel Drive,Automatic 10-spd,8.0,5.3,Regular Gasoline,16,20,17,523.0
45808,2023,GMC,Sierra 4WD,Standard Pickup Trucks 4WD,4-Wheel Drive,Automatic 10-spd,8.0,5.3,Regular Gasoline,15,19,17,535.0
45810,2023,GMC,Sierra 4WD,Standard Pickup Trucks 4WD,4-Wheel Drive,Automatic 10-spd,8.0,6.2,Premium Gasoline,15,19,17,530.0
45814,2023,GMC,Sierra 4WD,Standard Pickup Trucks 4WD,4-Wheel Drive,Automatic 8-spd,4.0,2.7,Regular Gasoline,18,20,19,467.0
45811,2023,GMC,Sierra 4WD AT4X,Standard Pickup Trucks 4WD,4-Wheel Drive,Automatic 10-spd,8.0,6.2,Premium Gasoline,14,17,15,585.0
45822,2023,GMC,Sierra Cab Chassis 2WD,Special Purpose Vehicle 2WD,Rear-Wheel Drive,Automatic 10-spd,8.0,5.3,Regular Gasoline,15,18,16,553.0
45821,2023,GMC,Sierra Cab Chassis 4WD,Special Purpose Vehicle 4WD,4-Wheel Drive,Automatic 10-spd,8.0,5.3,Regular Gasoline,15,17,16,564.0
45803,2023,GMC,Sierra Mud Terrain Tires 4WD,Standard Pickup Trucks 4WD,4-Wheel Drive,Automatic 10-spd,8.0,6.2,Premium Gasoline,14,17,15,585.0
45807,2023,GMC,Sierra Mud Terrain Tires 4WD,Standard Pickup Trucks 4WD,4-Wheel Drive,Automatic 10-spd,8.0,5.3,Regular Gasoline,15,18,16,554.0
45809,2023,GMC,Sierra Mud Terrain Tires 4WD,Standard Pickup Trucks 4WD,4-Wheel Drive,Automatic 10-spd,8.0,5.3,Regular Gasoline,15,19,16,555.0
45812,2023,GMC,Sierra Mud Terrain Tires 4WD,Standard Pickup Trucks 4WD,4-Wheel Drive,Automatic 8-spd,4.0,2.7,Regular Gasoline,17,18,17,512.0
45828,2023,GMC,Terrain AWD,Small Sport Utility Vehicle 4WD,All-Wheel Drive,Automatic 9-spd,4.0,1.5,Regular Gasoline,24,28,26,347.0
45824,2023,GMC,Terrain FWD,Small Sport Utility Vehicle 2WD,Front-Wheel Drive,Automatic 9-spd,4.0,1.5,Regular Gasoline,24,29,26,338.0
45625,2023,GMC,Yukon 2WD,Standard Sport Utility Vehicle 2WD,Rear-Wheel Drive,Automatic 10-spd,8.0,6.2,Premium Gasoline,14,20,16,555.0
45627,2023,GMC,Yukon 2WD,Standard Sport Utility Vehicle 2WD,Rear-Wheel Drive,Automatic 10-spd,8.0,5.3,Regular Gasoline,15,20,17,527.0
45637,2023,GMC,Yukon 4WD,Standard Sport Utility Vehicle 4WD,4-Wheel Drive,Automatic 10-spd,8.0,5.3,Regular Gasoline,15,20,17,527.0
45639,2023,GMC,Yukon 4WD,Standard Sport Utility Vehicle 4WD,4-Wheel Drive,Automatic 10-spd,8.0,6.2,Premium Gasoline,14,18,16,564.0
45626,2023,GMC,Yukon XL 2WD,Standard Sport Utility Vehicle 2WD,Rear-Wheel Drive,Automatic 10-spd,8.0,6.2,Premium Gasoline,14,19,16,555.0
45628,2023,GMC,Yukon XL 2WD,Standard Sport Utility Vehicle 2WD,Rear-Wheel Drive,Automatic 10-spd,8.0,5.3,Regular Gasoline,15,20,17,527.0
45638,2023,GMC,Yukon XL 4WD,Standard Sport Utility Vehicle 4WD,4-Wheel Drive,Automatic 10-spd,8.0,6.2,Premium Gasoline,14,18,16,564.0
45640,2023,GMC,Yukon XL 4WD,Standard Sport Utility Vehicle 4WD,4-Wheel Drive,Automatic 10-spd,8.0,5.3,Regular Gasoline,15,19,16,545.0
45186,2023,Genesis,G70 AWD,Compact Cars,All-Wheel Drive,Automatic (S8),6.0,3.3,Premium Gasoline,17,26,20,439.0
45202,2023,Genesis,G70 AWD,Compact Cars,All-Wheel Drive,Automatic (S8),4.0,2.0,Premium Gasoline,20,28,23,393.0
45187,2023,Genesis,G70 RWD,Compact Cars,Rear-Wheel Drive,Automatic (S8),6.0,3.3,Premium Gasoline,18,27,21,433.0
45188,2023,Genesis,G70 RWD,Compact Cars,Rear-Wheel Drive,Automatic (S8),4.0,2.0,Premium Gasoline,21,31,25,361.0
45299,2023,Genesis,G80 AWD,Large Cars,All-Wheel Drive,Automatic (S8),4.0,2.5,Premium Gasoline,22,30,25,361.0
45301,2023,Genesis,G80 AWD,Large Cars,All-Wheel Drive,Automatic (S8),6.0,3.5,Premium Gasoline,16,25,19,465.0
45300,2023,Genesis,G80 RWD,Large Cars,Rear-Wheel Drive,Automatic (S8),4.0,2.5,Premium Gasoline,22,32,26,346.0
45243,2023,Genesis,G90 AWD,Large Cars,All-Wheel Drive,Automatic (S8),6.0,3.5,Premium Gasoline,18,26,21,426.0
45204,2023,Genesis,GV70 AWD,Small Sport Utility Vehicle 4WD,All-Wheel Drive,Automatic (S8),4.0,2.5,Premium Gasoline,19,26,22,408.0
45205,2023,Genesis,GV70 AWD,Small Sport Utility Vehicle 4WD,All-Wheel Drive,Automatic (S8),4.0,2.5,Premium Gasoline,22,28,24,368.0
45206,2023,Genesis,GV70 AWD,Small Sport Utility Vehicle 4WD,All-Wheel Drive,Automatic (S8),6.0,3.5,Premium Gasoline,19,24,21,431.0
45209,2023,Genesis,GV80 AWD,Standard Sport Utility Vehicle 4WD,All-Wheel Drive,Automatic (S8),4.0,2.5,Premium Gasoline,20,24,22,404.0
45210,2023,Genesis,GV80 AWD,Standard Sport Utility Vehicle 4WD,All-Wheel Drive,Automatic (S8),6.0,3.5,Premium Gasoline,18,23,20,448.0
46363,2023,Honda,Accord,Large Cars,Front-Wheel Drive,Automatic (variable gear ratios),4.0,1.5,Regular Gasoline,29,37,32,277.0
45952,2023,Honda,CR-V AWD,Small Sport Utility Vehicle 4WD,All-Wheel Drive,Automatic (variable gear ratios),4.0,1.5,Regular Gasoline,27,32,29,305.0
45950,2023,Honda,CR-V FWD,Small Sport Utility Vehicle 2WD,Front-Wheel Drive,Automatic (variable gear ratios),4.0,1.5,Regular Gasoline,28,34,30,290.0
46051,2023,Honda,Civic 4Dr,Midsize Cars,Front-Wheel Drive,Automatic (variable gear ratios),4.0,1.5,Regular Gasoline,33,42,36,243.0
46052,2023,Honda,Civic 4Dr,Midsize Cars,Front-Wheel Drive,Automatic (AV-S7),4.0,1.5,Regular Gasoline,31,38,34,260.0
46053,2023,Honda,Civic 4Dr,Midsize Cars,Front-Wheel Drive,Manual 6-spd,4.0,1.5,Premium Gasoline,27,37,31,285.0
46054,2023,Honda,Civic 4Dr,Midsize Cars,Front-Wheel Drive,Automatic (AV-S7),4.0,2.0,Regular Gasoline,30,37,33,266.0
46506,2023,Honda,Civic 4Dr,Midsize Cars,Front-Wheel Drive,Automatic (variable gear ratios),4.0,2.0,Regular Gasoline,31,40,35,254.0
46137,2023,Honda,Civic 5Dr,Large Cars,Front-Wheel Drive,Automatic (variable gear ratios),4.0,1.5,Regular Gasoline,31,39,35,258.0
46138,2023,Honda,Civic 5Dr,Large Cars,Front-Wheel Drive,Automatic (AV-S7),4.0,1.5,Regular Gasoline,30,37,33,267.0
46139,2023,Honda,Civic 5Dr,Large Cars,Front-Wheel Drive,Manual 6-spd,4.0,1.5,Regular Gasoline,28,37,31,282.0
46140,2023,Honda,Civic 5Dr,Large Cars,Front-Wheel Drive,Automatic (AV-S7),4.0,2.0,Regular Gasoline,29,37,32,277.0
46141,2023,Honda,Civic 5Dr,Large Cars,Front-Wheel Drive,Manual 6-spd,4.0,2.0,Regular Gasoline,26,36,29,304.0
46142,2023,Honda,Civic 5Dr,Large Cars,Front-Wheel Drive,Manual 6-spd,4.0,2.0,Premium Gasoline,22,28,24,364.0
46509,2023,Honda,Civic 5Dr,Large Cars,Front-Wheel Drive,Automatic (variable gear ratios),4.0,2.0,Regular Gasoline,30,38,33,269.0
45362,2023,Honda,HR-V AWD,Small Station Wagons,All-Wheel Drive,Automatic (variable gear ratios),4.0,2.0,Regular Gasoline,25,30,27,326.0
45363,2023,Honda,HR-V FWD,Small Station Wagons,Front-Wheel Drive,Automatic (variable gear ratios),4.0,2.0,Regular Gasoline,26,32,28,309.0
45203,2023,Honda,Odyssey,Minivan - 2WD,Front-Wheel Drive,Automatic (S10),6.0,3.5,Regular Gasoline,19,28,22,394.0
45978,2023,Honda,Passport AWD,Small Sport Utility Vehicle 4WD,All-Wheel Drive,Automatic (S9),6.0,3.5,Regular Gasoline,19,24,21,416.0
46422,2023,Honda,Pilot AWD,Standard Sport Utility Vehicle 4WD,All-Wheel Drive,Automatic (S10),6.0,3.5,Regular Gasoline,19,25,21,415.0
46423,2023,Honda,Pilot AWD Touring/Elite/Black,Standard Sport Utility Vehicle 4WD,All-Wheel Drive,Automatic (S10),6.0,3.5,Regular Gasoline,19,25,21,422.0
46424,2023,Honda,Pilot AWD TrailSport,Standard Sport Utility Vehicle 4WD,All-Wheel Drive,Automatic (S10),6.0,3.5,Regular Gasoline,18,23,20,442.0
46374,2023,Honda,Pilot FWD,Small Sport Utility Vehicle 2WD,Front-Wheel Drive,Automatic (S10),6.0,3.5,Regular Gasoline,19,27,22,402.0
45739,2023,Honda,Ridgeline AWD,Standard Pickup Trucks 4WD,All-Wheel Drive,Automatic (S9),6.0,3.5,Regular Gasoline,18,24,21,441.0
45294,2023,Hyundai,Elantra,Midsize Cars,Front-Wheel Drive,Automatic (AV-S1),4.0,2.0,Regular Gasoline,30,40,34,263.0
45295,2023,Hyundai,Elantra,Midsize Cars,Front-Wheel Drive,Automatic (AV-S1),4.0,2.0,Regular Gasoline,33,42,37,245.0
45296,2023,Hyundai,Elantra,Midsize Cars,Front-Wheel Drive,Automatic (AM-S7),4.0,1.6,Regular Gasoline,28,36,31,288.0
45933,2023,Hyundai,Elantra N,Midsize Cars,Front-Wheel Drive,Automatic (AM-S8),4.0,2.0,Premium Gasoline,20,30,23,388.0
45934,2023,Hyundai,Elantra N,Midsize Cars,Front-Wheel Drive,Manual 6-spd,4.0,2.0,Premium Gasoline,22,31,25,358.0
45324,2023,Hyundai,Kona AWD,Small Sport Utility Vehicle 4WD,All-Wheel Drive,Automatic (AM-S7),4.0,1.6,Regular Gasoline,27,32,29,311.0
45325,2023,Hyundai,Kona AWD,Small Sport Utility Vehicle 4WD,All-Wheel Drive,Automatic (AV-S1),4.0,2.0,Regular Gasoline,28,33,30,301.0
45323,2023,Hyundai,Kona FWD,Small Sport Utility Vehicle 2WD,Front-Wheel Drive,Automatic (AV-S1),4.0,2.0,Regular Gasoline,30,35,32,281.0
45375,2023,Hyundai,Kona FWD,Small Sport Utility Vehicle 2WD,Front-Wheel Drive,Automatic (AM-S7),4.0,1.6,Regular Gasoline,29,35,32,284.0
45536,2023,Hyundai,Kona N,Small Sport Utility Vehicle 2WD,Front-Wheel Drive,Automatic (AM-S8),4.0,2.0,Premium Gasoline,20,27,23,396.0
45312,2023,Hyundai,Palisade AWD,Small Sport Utility Vehicle 4WD,All-Wheel Drive,Automatic (S8),6.0,3.8,Regular Gasoline,19,25,21,422.0
45309,2023,Hyundai,Palisade FWD,Small Sport Utility Vehicle 2WD,Front-Wheel Drive,Automatic (S8),6.0,3.8,Regular Gasoline,19,27,22,406.0
45552,2023,Hyundai,Santa Cruz AWD,Small Sport Utility Vehicle 4WD,All-Wheel Drive,Automatic (S8),4.0,2.5,Regular Gasoline,21,25,23,390.0
45553,2023,Hyundai,Santa Cruz AWD,Small Sport Utility Vehicle 4WD,All-Wheel Drive,Automatic (AM-S8),4.0,2.5,Regular Gasoline,19,27,22,402.0
45537,2023,Hyundai,Santa Cruz FWD,Small Sport Utility Vehicle 2WD,Front-Wheel Drive,Automatic (S8),4.0,2.5,Regular Gasoline,22,26,23,381.0
45618,2023,Hyundai,Santa Fe AWD,Small Sport Utility Vehicle 4WD,All-Wheel Drive,Automatic (S8),4.0,2.5,Regular Gasoline,22,25,24,378.0
45619,2023,Hyundai,Santa Fe AWD,Small Sport Utility Vehicle 4WD,All-Wheel Drive,Automatic (AM-S8),4.0,2.5,Regular Gasoline,21,28,24,375.0
45615,2023,Hyundai,Santa Fe FWD,Small Sport Utility Vehicle 2WD,Front-Wheel Drive,Automatic (S8),4.0,2.5,Regular Gasoline,25,28,26,344.0
45616,2023,Hyundai,Santa Fe FWD,Small Sport Utility Vehicle 2WD,Front-Wheel Drive,Automatic (AM-S8),4.0,2.5,Regular Gasoline,22,28,25,365.0
45418,2023,Hyundai,Sonata,Large Cars,Front-Wheel Drive,Automatic (S8),4.0,1.6,Regular Gasoline,27,37,31,293.0
45419,2023,Hyundai,Sonata,Large Cars,Front-Wheel Drive,Automatic (S8),4.0,2.5,Regular Gasoline,27,37,31,293.0
45420,2023,Hyundai,Sonata,Large Cars,Front-Wheel Drive,Automatic (S8),4.0,2.5,Regular Gasoline,28,38,32,282.0
45439,2023,Hyundai,Sonata,Large Cars,Front-Wheel Drive,Automatic (AM-S8),4.0,2.5,Regular Gasoline,23,33,27,335.0
45688,2023,Hyundai,Tucson AWD,Small Sport Utility Vehicle 4WD,All-Wheel Drive,Automatic (S8),4.0,2.5,Regular Gasoline,23,28,25,351.0
46375,2023,Hyundai,Tucson FWD,Small Sport Utility Vehicle 2WD,Front-Wheel Drive,Automatic (S8),4.0,2.5,Regular Gasoline,25,32,28,322.0
45608,2023,Hyundai,Venue,Midsize Cars,Front-Wheel Drive,Automatic (AV-S1),4.0,1.6,Regular Gasoline,29,33,31,290.0
47520,2023,INEOS Automotive,Grenadier,Standard Sport Utility Vehicle 4WD,4-Wheel Drive,Automatic (S8),6.0,3.0,Premium Gasoline,15,15,15,592.0
47521,2023,INEOS Automotive,Grenadier Trialmaster Edition,Standard Sport Utility Vehicle 4WD,4-Wheel Drive,Automatic (S8),6.0,3.0,Premium Gasoline,14,14,14,633.0
45609,2023,Infiniti,Q50,Midsize Cars,Rear-Wheel Drive,Automatic (S7),6.0,3.0,Premium Gasoline,20,29,23,388.0
45610,2023,Infiniti,Q50 AWD,Midsize Cars,All-Wheel Drive,Automatic (S7),6.0,3.0,Premium Gasoline,19,27,22,403.0
45611,2023,Infiniti,Q50 Red Sport,Midsize Cars,Rear-Wheel Drive,Automatic (S7),6.0,3.0,Premium Gasoline,20,26,22,403.0
45612,2023,Infiniti,Q50 Red Sport  AWD,Midsize Cars,All-Wheel Drive,Automatic (S7),6.0,3.0,Premium Gasoline,19,26,22,411.0
45880,2023,Infiniti,QX50,Small Sport Utility Vehicle 2WD,Front-Wheel Drive,Automatic (AV-S8),4.0,2.0,Premium Gasoline,23,29,26,343.0
45885,2023,Infiniti,QX50 AWD,Small Sport Utility Vehicle 4WD,All-Wheel Drive,Automatic (AV-S8),4.0,2.0,Premium Gasoline,22,28,25,357.0
45449,2023,Infiniti,QX55 AWD,Small Sport Utility Vehicle 4WD,All-Wheel Drive,Automatic (AV-S8),4.0,2.0,Premium Gasoline,22,28,25,366.0
45843,2023,Infiniti,QX60 AWD,Standard Sport Utility Vehicle 4WD,All-Wheel Drive,Automatic (S9),6.0,3.5,Premium Gasoline,20,25,22,405.0
45840,2023,Infiniti,QX60 FWD,Standard Sport Utility Vehicle 2WD,Front-Wheel Drive,Automatic (S9),6.0,3.5,Premium Gasoline,21,26,23,387.0
45959,2023,Infiniti,QX80 2WD,Standard Sport Utility Vehicle 2WD,Rear-Wheel Drive,Automatic (S7),8.0,5.6,Premium Gasoline,14,20,16,552.0
45960,2023,Infiniti,QX80 4WD,Standard Sport Utility Vehicle 4WD,4-Wheel Drive,Automatic (S7),8.0,5.6,Premium Gasoline,13,19,15,592.0
45961,2023,Infiniti,QX80 4WD,Standard Sport Utility Vehicle 4WD,4-Wheel Drive,Automatic (S7),8.0,5.6,Premium Gasoline,13,19,15,593.0
45247,2023,Jaguar,E-Pace,Small Sport Utility Vehicle 4WD,All-Wheel Drive,Automatic (S9),4.0,2.0,Premium Gasoline,20,26,23,398.0
45450,2023,Jaguar,F-Pace,Small Sport Utility Vehicle 4WD,All-Wheel Drive,Automatic (S8),4.0,2.0,Premium Gasoline,22,27,24,365.0
45554,2023,Jaguar,F-Pace SVR,Small Sport Utility Vehicle 4WD,All-Wheel Drive,Automatic (S8),8.0,5.0,Premium Gasoline,15,21,17,509.0
45185,2023,Jaguar,F-Type P450 AWD R-Dynamic Convertible,Two Seaters,All-Wheel Drive,Automatic (S8),8.0,5.0,Premium Gasoline,16,24,18,481.0
45184,2023,Jaguar,F-Type P450 AWD R-Dynamic Coupe,Two Seaters,All-Wheel Drive,Automatic (S8),8.0,5.0,Premium Gasoline,16,24,18,481.0
45183,2023,Jaguar,F-Type P450 RWD Convertible,Two Seaters,Rear-Wheel Drive,Automatic (S8),8.0,5.0,Premium Gasoline,17,24,19,460.0
45182,2023,Jaguar,F-Type P450 RWD Coupe,Two Seaters,Rear-Wheel Drive,Automatic (S8),8.0,5.0,Premium Gasoline,17,24,19,460.0
45181,2023,Jaguar,F-Type R AWD Convertible,Two Seaters,All-Wheel Drive,Automatic (S8),8.0,5.0,Premium Gasoline,16,24,18,481.0
45180,2023,Jaguar,F-Type R AWD Coupe,Two Seaters,All-Wheel Drive,Automatic (S8),8.0,5.0,Premium Gasoline,16,24,18,481.0
45433,2023,Jaguar,XF P250,Midsize Cars,Rear-Wheel Drive,Automatic (S8),4.0,2.0,Premium Gasoline,25,33,28,317.0
45434,2023,Jaguar,XF P250 AWD,Midsize Cars,All-Wheel Drive,Automatic (S8),4.0,2.0,Premium Gasoline,23,32,26,336.0
45435,2023,Jaguar,XF P300 AWD,Midsize Cars,All-Wheel Drive,Automatic (S8),4.0,2.0,Premium Gasoline,22,30,25,352.0
46294,2023,Jeep,Cherokee 4WD,Small Sport Utility Vehicle 4WD,All-Wheel Drive,Automatic 9-spd,4.0,2.4,Regular Gasoline,21,29,24,370.0
46295,2023,Jeep,Cherokee Trailhawk 4WD,Small Sport Utility Vehicle 4WD,All-Wheel Drive,Automatic 9-spd,4.0,2.0,Regular Gasoline,20,26,22,400.0
46390,2023,Jeep,Compass 4WD,Small Sport Utility Vehicle 4WD,All-Wheel Drive,Automatic 8-spd,4.0,2.0,Regular Gasoline,24,32,27,330.0
45817,2023,Jeep,Gladiator 4WD,Standard Pickup Trucks 4WD,4-Wheel Drive,Automatic 8-spd,6.0,3.6,Regular Gasoline,17,22,19,466.0
45818,2023,Jeep,Gladiator 4WD,Standard Pickup Trucks 4WD,4-Wheel Drive,Manual 6-spd,6.0,3.6,Regular Gasoline,16,23,19,476.0
46510,2023,Jeep,Grand Cherokee 2WD,Standard Sport Utility Vehicle 2WD,Rear-Wheel Drive,Automatic 8-spd,6.0,3.6,Regular Gasoline,19,26,22,407.0
45586,2023,Jeep,Grand Cherokee 4WD,Standard Sport Utility Vehicle 4WD,All-Wheel Drive,Automatic 8-spd,8.0,5.7,Midgrade Gasoline,14,22,17,533.0
46511,2023,Jeep,Grand Cherokee 4WD,Standard Sport Utility Vehicle 4WD,All-Wheel Drive,Automatic 8-spd,6.0,3.6,Regular Gasoline,19,26,22,413.0
45569,2023,Jeep,Grand Cherokee L 2WD,Standard Sport Utility Vehicle 2WD,Rear-Wheel Drive,Automatic 8-spd,6.0,3.6,Regular Gasoline,19,26,21,416.0
45587,2023,Jeep,Grand Cherokee L 4WD,Standard Sport Utility Vehicle 4WD,All-Wheel Drive,Automatic 8-spd,6.0,3.6,Regular Gasoline,18,25,21,430.0
45588,2023,Jeep,Grand Cherokee L 4WD,Standard Sport Utility Vehicle 4WD,All-Wheel Drive,Automatic 8-spd,8.0,5.7,Midgrade Gasoline,14,22,17,533.0
45844,2023,Jeep,Grand Wagoneer 4WD,Standard Sport Utility Vehicle 4WD,All-Wheel Drive,Automatic 8-spd,6.0,3.0,Premium Gasoline,14,20,17,537.0
45845,2023,Jeep,Grand Wagoneer 4WD,Standard Sport Utility Vehicle 4WD,All-Wheel Drive,Automatic 8-spd,8.0,6.4,Premium Gasoline,13,18,15,602.0
45846,2023,Jeep,Grand Wagoneer L 4WD,Standard Sport Utility Vehicle 4WD,All-Wheel Drive,Automatic 8-spd,6.0,3.0,Premium Gasoline,14,19,16,566.0
46231,2023,Jeep,Renegade 4WD,Small Sport Utility Vehicle 4WD,All-Wheel Drive,Automatic 9-spd,4.0,1.3,Regular Gasoline,23,29,26,347.0
46232,2023,Jeep,Renegade Trailhawk 4WD,Small Sport Utility Vehicle 4WD,All-Wheel Drive,Automatic 9-spd,4.0,1.3,Regular Gasoline,22,27,24,372.0
46236,2023,Jeep,Wagoneer 2WD,Standard Sport Utility Vehicle 2WD,Rear-Wheel Drive,Automatic 8-spd,6.0,3.0,Regular Gasoline,17,24,20,453.0
46241,2023,Jeep,Wagoneer 4WD,Standard Sport Utility Vehicle 4WD,All-Wheel Drive,Automatic 8-spd,6.0,3.0,Regular Gasoline,16,23,19,472.0
46237,2023,Jeep,Wagoneer L 2WD,Standard Sport Utility Vehicle 2WD,Rear-Wheel Drive,Automatic 8-spd,6.0,3.0,Regular Gasoline,17,24,20,453.0
46242,2023,Jeep,Wagoneer L 4WD,Standard Sport Utility Vehicle 4WD,All-Wheel Drive,Automatic 8-spd,6.0,3.0,Regular Gasoline,16,23,19,476.0
45691,2023,Jeep,Wrangler 2dr 4WD,Small Sport Utility Vehicle 4WD,4-Wheel Drive,Automatic 8-spd,4.0,2.0,Regular Gasoline,22,24,23,388.0
45693,2023,Jeep,Wrangler 2dr 4WD,Small Sport Utility Vehicle 4WD,4-Wheel Drive,Manual 6-spd,6.0,3.6,Regular Gasoline,17,25,20,446.0
45953,2023,Jeep,Wrangler 2dr 4WD,Small Sport Utility Vehicle 4WD,4-Wheel Drive,Automatic 8-spd,6.0,3.6,Regular Gasoline,18,23,20,440.0
45694,2023,Jeep,Wrangler 4dr 4WD,Small Sport Utility Vehicle 4WD,4-Wheel Drive,Automatic 8-spd,4.0,2.0,Regular Gasoline,21,24,22,404.0
45696,2023,Jeep,Wrangler 4dr 4WD,Small Sport Utility Vehicle 4WD,4-Wheel Drive,Manual 6-spd,6.0,3.6,Regular Gasoline,17,23,19,459.0
45697,2023,Jeep,Wrangler 4dr 4WD,Small Sport Utility Vehicle 4WD,4-Wheel Drive,Automatic 8-spd,8.0,6.4,Premium Gasoline,13,17,14,623.0
45954,2023,Jeep,Wrangler 4dr 4WD,Small Sport Utility Vehicle 4WD,4-Wheel Drive,Automatic 8-spd,6.0,3.6,Regular Gasoline,18,23,20,443.0
45304,2023,Kia,Carnival,Minivan - 2WD,Front-Wheel Drive,Automatic (S8),6.0,3.5,Regular Gasoline,19,26,22,408.0
45349,2023,Kia,Forte,Midsize Cars,Front-Wheel Drive,Manual 6-spd,4.0,1.6,Regular Gasoline,22,31,26,348.0
45350,2023,Kia,Forte,Midsize Cars,Front-Wheel Drive,Automatic (AM-S7),4.0,1.6,Regular Gasoline,27,35,30,296.0
45352,2023,Kia,Forte,Midsize Cars,Front-Wheel Drive,Automatic (variable gear ratios),4.0,2.0,Regular Gasoline,28,39,32,277.0
45351,2023,Kia,Forte FE,Midsize Cars,Front-Wheel Drive,Automatic (variable gear ratios),4.0,2.0,Regular Gasoline,30,41,34,261.0
45356,2023,Kia,K5,Large Cars,Front-Wheel Drive,Automatic (S8),4.0,1.6,Regular Gasoline,27,37,31,293.0
45358,2023,Kia,K5,Large Cars,Front-Wheel Drive,Automatic (AM-S8),4.0,2.5,Regular Gasoline,24,32,27,332.0
45357,2023,Kia,K5 AWD,Large Cars,All-Wheel Drive,Automatic (S8),4.0,1.6,Regular Gasoline,25,33,28,316.0
45652,2023,Kia,Rio,Compact Cars,Front-Wheel Drive,Automatic (AV-S1),4.0,1.6,Regular Gasoline,32,41,36,250.0
45248,2023,Kia,Seltos AWD,Small Sport Utility Vehicle 4WD,All-Wheel Drive,Automatic (AM-S7),4.0,1.6,Regular Gasoline,25,30,27,331.0
45249,2023,Kia,Seltos AWD,Small Sport Utility Vehicle 4WD,All-Wheel Drive,Automatic (AV-S8),4.0,2.0,Regular Gasoline,27,31,29,314.0
45244,2023,Kia,Seltos FWD,Small Sport Utility Vehicle 2WD,Front-Wheel Drive,Automatic (AV-S8),4.0,2.0,Regular Gasoline,29,35,31,283.0
46072,2023,Kia,Sorento AWD,Small Sport Utility Vehicle 4WD,All-Wheel Drive,Automatic (S8),4.0,2.5,Regular Gasoline,23,25,24,366.0
46073,2023,Kia,Sorento AWD,Small Sport Utility Vehicle 4WD,All-Wheel Drive,Automatic (AM-S8),4.0,2.5,Regular Gasoline,22,27,24,377.0
46065,2023,Kia,Sorento FWD,Small Sport Utility Vehicle 2WD,Front-Wheel Drive,Automatic (S8),4.0,2.5,Regular Gasoline,24,29,26,342.0
46066,2023,Kia,Sorento FWD,Small Sport Utility Vehicle 2WD,Front-Wheel Drive,Automatic (AM-S8),4.0,2.5,Regular Gasoline,22,29,25,360.0
45302,2023,Kia,Soul,Small Station Wagons,Front-Wheel Drive,Automatic (variable gear ratios),4.0,2.0,Regular Gasoline,28,33,30,301.0
45303,2023,Kia,Soul Eco dynamics,Small Station Wagons,Front-Wheel Drive,Automatic (variable gear ratios),4.0,2.0,Regular Gasoline,29,35,31,287.0
45102,2023,Kia,Sportage AWD,Small Sport Utility Vehicle 4WD,All-Wheel Drive,Automatic (S8),4.0,2.5,Regular Gasoline,23,28,25,357.0
45101,2023,Kia,Sportage FWD,Small Sport Utility Vehicle 2WD,Front-Wheel Drive,Automatic (S8),4.0,2.5,Regular Gasoline,25,32,28,322.0
45235,2023,Kia,Stinger AWD,Midsize Cars,All-Wheel Drive,Automatic (S8),4.0,2.5,Premium Gasoline,21,29,24,380.0
45237,2023,Kia,Stinger AWD,Midsize Cars,All-Wheel Drive,Automatic (S8),6.0,3.3,Premium Gasoline,17,24,20,451.0
45236,2023,Kia,Stinger RWD,Midsize Cars,Rear-Wheel Drive,Automatic (S8),4.0,2.5,Premium Gasoline,22,32,25,355.0
45238,2023,Kia,Stinger RWD,Midsize Cars,Rear-Wheel Drive,Automatic (S8),6.0,3.3,Premium Gasoline,18,25,20,437.0
45955,2023,Kia,Telluride AWD,Small Sport Utility Vehicle 4WD,All-Wheel Drive,Automatic (S8),6.0,3.8,Regular Gasoline,18,24,21,433.0
45951,2023,Kia,Telluride FWD,Small Sport Utility Vehicle 2WD,Front-Wheel Drive,Automatic (S8),6.0,3.8,Regular Gasoline,20,26,23,395.0
45333,2023,Lamborghini,Huracan Coupe,Two Seaters,All-Wheel Drive,Automatic (AM-S7),10.0,5.2,Premium Gasoline,13,18,15,596.0
45334,2023,Lamborghini,Huracan Coupe 2WD,Two Seaters,Rear-Wheel Drive,Automatic (AM-S7),10.0,5.2,Premium Gasoline,13,18,15,593.0
45335,2023,Lamborghini,Huracan Spyder,Two Seaters,All-Wheel Drive,Automatic (AM-S7),10.0,5.2,Premium Gasoline,13,18,15,596.0
45336,2023,Lamborghini,Huracan Spyder 2WD,Two Seaters,Rear-Wheel Drive,Automatic (AM-S7),10.0,5.2,Premium Gasoline,13,18,15,593.0
45767,2023,Lamborghini,Urus Performante,Small Station Wagons,All-Wheel Drive,Automatic (S8),8.0,4.0,Premium Gasoline,14,19,16,554.0
45980,2023,Lamborghini,Urus S,Standard Sport Utility Vehicle 4WD,All-Wheel Drive,Automatic (S8),8.0,4.0,Premium Gasoline,14,19,16,554.0
45105,2023,Land Rover,Defender 110,Standard Sport Utility Vehicle 4WD,4-Wheel Drive,Automatic (S8),4.0,2.0,Premium Gasoline,17,20,18,492.0
45109,2023,Land Rover,Defender 110,Standard Sport Utility Vehicle 4WD,4-Wheel Drive,Automatic (S8),8.0,5.0,Premium Gasoline,14,19,16,563.0
45099,2023,Land Rover,Defender 90,Standard Sport Utility Vehicle 4WD,4-Wheel Drive,Automatic (S8),4.0,2.0,Premium Gasoline,18,21,19,465.0
45108,2023,Land Rover,Defender 90,Standard Sport Utility Vehicle 4WD,4-Wheel Drive,Automatic (S8),8.0,5.0,Premium Gasoline,15,19,16,545.0
45103,2023,Land Rover,Discovery,Standard Sport Utility Vehicle 4WD,4-Wheel Drive,Automatic (S8),4.0,2.0,Premium Gasoline,19,22,21,436.0
45158,2023,Land Rover,Discovery Sport,Small Sport Utility Vehicle 4WD,All-Wheel Drive,Automatic (S9),4.0,2.0,Premium Gasoline,19,23,20,437.0
45848,2023,Land Rover,New Range Rover,Standard Sport Utility Vehicle 4WD,4-Wheel Drive,Automatic (S8),8.0,4.4,Premium Gasoline,16,21,18,508.0
45851,2023,Land Rover,New Range Rover,Standard Sport Utility Vehicle 4WD,4-Wheel Drive,Automatic (S8),8.0,4.4,Premium Gasoline,16,21,18,508.0
45849,2023,Land Rover,New Range Rover LWB,Standard Sport Utility Vehicle 4WD,4-Wheel Drive,Automatic (S8),8.0,4.4,Premium Gasoline,16,21,18,505.0
45850,2023,Land Rover,New Range Rover LWB,Standard Sport Utility Vehicle 4WD,4-Wheel Drive,Automatic (S8),8.0,4.4,Premium Gasoline,16,21,18,505.0
45390,2023,Land Rover,New Range Rover Sport,Standard Sport Utility Vehicle 4WD,4-Wheel Drive,Automatic (S8),8.0,4.4,Premium Gasoline,16,21,18,508.0
45157,2023,Land Rover,Range Rover Evoque,Small Sport Utility Vehicle 4WD,All-Wheel Drive,Automatic (S9),4.0,2.0,Premium Gasoline,20,27,22,398.0
45453,2023,Land Rover,Range Rover Velar,Small Sport Utility Vehicle 4WD,All-Wheel Drive,Automatic (S8),4.0,2.0,Premium Gasoline,20,26,23,393.0
45861,2023,Lexus,ES 250 AWD,Midsize Cars,All-Wheel Drive,Automatic (S8),4.0,2.5,Regular Gasoline,25,34,28,315.0
45935,2023,Lexus,ES 350,Midsize Cars,Front-Wheel Drive,Automatic (S8),6.0,3.5,Regular Gasoline,22,32,26,346.0
45936,2023,Lexus,ES 350 F Sport,Midsize Cars,Front-Wheel Drive,Automatic (S8),6.0,3.5,Regular Gasoline,22,31,25,352.0
45852,2023,Lexus,GX 460,Standard Sport Utility Vehicle 4WD,4-Wheel Drive,Automatic (S6),8.0,4.6,Premium Gasoline,15,19,16,542.0
45928,2023,Lexus,IS 300,Compact Cars,Rear-Wheel Drive,Automatic (S8),4.0,2.0,Premium Gasoline,21,31,25,355.0
45924,2023,Lexus,IS 300 AWD,Compact Cars,All-Wheel Drive,Automatic (S6),6.0,3.5,Premium Gasoline,19,26,22,407.0
45925,2023,Lexus,IS 350,Compact Cars,Rear-Wheel Drive,Automatic (S8),6.0,3.5,Premium Gasoline,20,28,23,385.0
45926,2023,Lexus,IS 350 AWD,Compact Cars,All-Wheel Drive,Automatic (S6),6.0,3.5,Premium Gasoline,19,26,22,407.0
45927,2023,Lexus,IS 500,Compact Cars,Rear-Wheel Drive,Automatic (S8),8.0,5.0,Premium Gasoline,17,25,20,451.0
46044,2023,Lexus,LC 500,Subcompact Cars,Rear-Wheel Drive,Automatic (S10),8.0,5.0,Premium Gasoline,16,25,19,473.0
46039,2023,Lexus,LC 500 Convertible,Minicompact Cars,Rear-Wheel Drive,Automatic (S10),8.0,5.0,Premium Gasoline,15,25,18,489.0
46135,2023,Lexus,LS 500,Midsize Cars,Rear-Wheel Drive,Automatic (S10),6.0,3.4,Premium Gasoline,18,29,22,405.0
46136,2023,Lexus,LS 500 AWD,Midsize Cars,All-Wheel Drive,Automatic (S10),6.0,3.4,Premium Gasoline,17,27,21,432.0
46243,2023,Lexus,LX 600,Standard Sport Utility Vehicle 4WD,All-Wheel Drive,Automatic (S10),6.0,3.4,Premium Gasoline,17,22,19,478.0
46143,2023,Lexus,NX 250,Small Sport Utility Vehicle 2WD,Front-Wheel Drive,Automatic (S8),4.0,2.5,Regular Gasoline,26,33,28,311.0
46148,2023,Lexus,NX 250 AWD,Small Sport Utility Vehicle 4WD,All-Wheel Drive,Automatic (S8),4.0,2.5,Regular Gasoline,25,32,28,318.0
46150,2023,Lexus,NX 350 AWD,Small Sport Utility Vehicle 4WD,All-Wheel Drive,Automatic (S8),4.0,2.4,Premium Gasoline,22,29,25,356.0
46151,2023,Lexus,NX 350 AWD,Small Sport Utility Vehicle 4WD,All-Wheel Drive,Automatic (S8),4.0,2.4,Premium Gasoline,22,28,25,358.0
46043,2023,Lexus,RC 300,Subcompact Cars,Rear-Wheel Drive,Automatic (S8),4.0,2.0,Premium Gasoline,21,31,25,355.0
46040,2023,Lexus,RC 300 AWD,Subcompact Cars,All-Wheel Drive,Automatic (S6),6.0,3.5,Premium Gasoline,19,26,22,407.0
46041,2023,Lexus,RC 350,Subcompact Cars,Rear-Wheel Drive,Automatic (S8),6.0,3.5,Premium Gasoline,20,28,23,385.0
46042,2023,Lexus,RC 350 AWD,Subcompact Cars,All-Wheel Drive,Automatic (S6),6.0,3.5,Premium Gasoline,19,26,22,407.0
46350,2023,Lexus,RC F,Subcompact Cars,Rear-Wheel Drive,Automatic (S8),8.0,5.0,Premium Gasoline,16,24,19,459.0
46230,2023,Lexus,RX 350,Small Sport Utility Vehicle 2WD,Front-Wheel Drive,Automatic (S8),4.0,2.4,Premium Gasoline,22,29,25,353.0
46233,2023,Lexus,RX 350 AWD,Small Sport Utility Vehicle 4WD,All-Wheel Drive,Automatic (S8),4.0,2.4,Premium Gasoline,21,28,24,371.0
46203,2023,Lincoln,Aviator AWD,Standard Sport Utility Vehicle 4WD,Part-time 4-Wheel Drive,Automatic (S10),6.0,3.0,Regular Gasoline,17,24,20,451.0
46441,2023,Lincoln,Aviator AWD,Standard Sport Utility Vehicle 4WD,Part-time 4-Wheel Drive,Automatic (S10),6.0,3.0,Regular Gasoline,16,24,19,466.0
46201,2023,Lincoln,Aviator RWD,Standard Sport Utility Vehicle 2WD,Rear-Wheel Drive,Automatic (S10),6.0,3.0,Regular Gasoline,18,26,21,424.0
46396,2023,Lincoln,Corsair AWD,Small Sport Utility Vehicle 4WD,All-Wheel Drive,Automatic (S8),4.0,2.0,Regular Gasoline,21,28,24,374.0
46378,2023,Lincoln,Corsair FWD,Small Sport Utility Vehicle 2WD,Front-Wheel Drive,Automatic (S8),4.0,2.0,Regular Gasoline,22,30,25,356.0
46393,2023,Lincoln,Nautilus AWD,Small Sport Utility Vehicle 4WD,All-Wheel Drive,Automatic 8-spd,4.0,2.0,Regular Gasoline,20,25,22,404.0
46394,2023,Lincoln,Nautilus AWD,Small Sport Utility Vehicle 4WD,All-Wheel Drive,Automatic (S8),4.0,2.0,Regular Gasoline,20,25,22,404.0
46395,2023,Lincoln,Nautilus AWD,Small Sport Utility Vehicle 4WD,All-Wheel Drive,Automatic (S8),6.0,2.7,Regular Gasoline,19,25,21,421.0
46376,2023,Lincoln,Nautilus FWD,Small Sport Utility Vehicle 2WD,Front-Wheel Drive,Automatic 8-spd,4.0,2.0,Regular Gasoline,21,26,23,386.0
46377,2023,Lincoln,Nautilus FWD,Small Sport Utility Vehicle 2WD,Front-Wheel Drive,Automatic (S8),4.0,2.0,Regular Gasoline,21,26,23,387.0
46407,2023,Lincoln,Navigator 2WD,Standard Sport Utility Vehicle 2WD,Rear-Wheel Drive,Automatic (S10),6.0,3.5,Regular Gasoline,17,23,19,462.0
46408,2023,Lincoln,Navigator 2WD,Standard Sport Utility Vehicle 2WD,Rear-Wheel Drive,Automatic (S10),6.0,3.5,Regular Gasoline,16,23,19,468.0
46425,2023,Lincoln,Navigator 4WD,Standard Sport Utility Vehicle 4WD,Part-time 4-Wheel Drive,Automatic (S10),6.0,3.5,Regular Gasoline,16,22,18,498.0
46426,2023,Lincoln,Navigator 4WD,Standard Sport Utility Vehicle 4WD,Part-time 4-Wheel Drive,Automatic (S10),6.0,3.5,Regular Gasoline,15,21,17,510.0
45221,2023,MINI,Cooper Convertible,Minicompact Cars,Front-Wheel Drive,Automatic (AM-S7),3.0,1.5,Premium Gasoline,29,38,32,273.0
45222,2023,MINI,Cooper Convertible,Minicompact Cars,Front-Wheel Drive,Manual 6-spd,3.0,1.5,Premium Gasoline,27,37,31,284.0
45239,2023,MINI,Cooper Countryman,Midsize Cars,Front-Wheel Drive,Automatic (AM-S7),3.0,1.5,Premium Gasoline,26,32,28,311.0
45240,2023,MINI,Cooper Countryman All4,Midsize Cars,All-Wheel Drive,Automatic (S8),3.0,1.5,Premium Gasoline,23,31,26,336.0
45227,2023,MINI,Cooper Hardtop 2 door,Subcompact Cars,Front-Wheel Drive,Automatic (AM-S7),3.0,1.5,Premium Gasoline,29,38,32,273.0
45228,2023,MINI,Cooper Hardtop 2 door,Subcompact Cars,Front-Wheel Drive,Manual 6-spd,3.0,1.5,Premium Gasoline,27,37,31,284.0
45229,2023,MINI,Cooper Hardtop 4 door,Subcompact Cars,Front-Wheel Drive,Automatic (AM-S7),3.0,1.5,Premium Gasoline,29,38,32,273.0
45230,2023,MINI,Cooper Hardtop 4 door,Subcompact Cars,Front-Wheel Drive,Manual 6-spd,3.0,1.5,Premium Gasoline,27,37,31,284.0
45278,2023,MINI,Cooper S Clubman,Midsize Cars,Front-Wheel Drive,Automatic (AM-S7),4.0,2.0,Premium Gasoline,25,35,29,307.0
45279,2023,MINI,Cooper S Clubman,Midsize Cars,Front-Wheel Drive,Manual 6-spd,4.0,2.0,Premium Gasoline,22,32,25,349.0
45282,2023,MINI,Cooper S Clubman All4,Midsize Cars,All-Wheel Drive,Automatic (S8),4.0,2.0,Premium Gasoline,23,32,27,332.0
45260,2023,MINI,Cooper S Convertible,Minicompact Cars,Front-Wheel Drive,Automatic (AM-S7),4.0,2.0,Premium Gasoline,27,36,30,293.0
45261,2023,MINI,Cooper S Convertible,Minicompact Cars,Front-Wheel Drive,Manual 6-spd,4.0,2.0,Premium Gasoline,23,33,27,329.0
45280,2023,MINI,Cooper S Countryman,Midsize Cars,Front-Wheel Drive,Automatic (AM-S7),4.0,2.0,Premium Gasoline,24,33,28,321.0
45281,2023,MINI,Cooper S Countryman All4,Midsize Cars,All-Wheel Drive,Automatic (S8),4.0,2.0,Premium Gasoline,23,31,26,341.0
45267,2023,MINI,Cooper S Hardtop 2 door,Subcompact Cars,Front-Wheel Drive,Automatic (AM-S7),4.0,2.0,Premium Gasoline,28,38,31,280.0
45268,2023,MINI,Cooper S Hardtop 2 door,Subcompact Cars,Front-Wheel Drive,Manual 6-spd,4.0,2.0,Premium Gasoline,23,33,27,331.0
45269,2023,MINI,Cooper S Hardtop 4 door,Subcompact Cars,Front-Wheel Drive,Automatic (AM-S7),4.0,2.0,Premium Gasoline,28,38,31,280.0
45270,2023,MINI,Cooper S Hardtop 4 door,Subcompact Cars,Front-Wheel Drive,Manual 6-spd,4.0,2.0,Premium Gasoline,23,33,27,331.0
45242,2023,MINI,JCW Countryman All4,Midsize Cars,All-Wheel Drive,Automatic (S8),4.0,2.0,Premium Gasoline,24,30,26,338.0
45241,2023,MINI,John Cooper Works Clubman All4,Midsize Cars,All-Wheel Drive,Automatic (S8),4.0,2.0,Premium Gasoline,23,31,26,339.0
45262,2023,MINI,John Cooper Works Convertible,Minicompact Cars,Front-Wheel Drive,Automatic (S8),4.0,2.0,Premium Gasoline,24,33,27,322.0
45271,2023,MINI,John Cooper Works Hardtop 2 door,Subcompact Cars,Front-Wheel Drive,Automatic (S8),4.0,2.0,Premium Gasoline,25,34,29,307.0
45272,2023,MINI,John Cooper Works Hardtop 2 door,Subcompact Cars,Front-Wheel Drive,Manual 6-spd,4.0,2.0,Premium Gasoline,22,31,25,348.0
45354,2023,Maserati,Ghibli GT,Midsize Cars,Rear-Wheel Drive,Automatic 8-spd,6.0,3.0,Premium Gasoline,18,25,20,436.0
45417,2023,Maserati,Ghibli Modena AWD,Midsize Cars,All-Wheel Drive,Automatic 8-spd,6.0,3.0,Premium Gasoline,17,25,20,457.0
45355,2023,Maserati,Ghibli Modena RWD,Midsize Cars,Rear-Wheel Drive,Automatic 8-spd,6.0,3.0,Premium Gasoline,18,25,20,436.0
45353,2023,Maserati,Ghibli Trofeo,Midsize Cars,Rear-Wheel Drive,Automatic 8-spd,8.0,3.8,Premium Gasoline,13,20,16,560.0
45556,2023,Maserati,Grecale Trofeo,Small Sport Utility Vehicle 4WD,All-Wheel Drive,Automatic 8-spd,6.0,3.0,Premium Gasoline,18,25,20,432.0
45392,2023,Maserati,Levante GT,Standard Sport Utility Vehicle 4WD,All-Wheel Drive,Automatic 8-spd,6.0,3.0,Premium Gasoline,16,22,18,495.0
45391,2023,Maserati,Levante Modena,Standard Sport Utility Vehicle 4WD,All-Wheel Drive,Automatic 8-spd,6.0,3.0,Premium Gasoline,16,22,18,495.0
45393,2023,Maserati,Levante Modena V8,Standard Sport Utility Vehicle 4WD,All-Wheel Drive,Automatic 8-spd,8.0,3.8,Premium Gasoline,13,20,16,562.0
45394,2023,Maserati,Levante Trofeo,Standard Sport Utility Vehicle 4WD,All-Wheel Drive,Automatic 8-spd,8.0,3.8,Premium Gasoline,13,20,16,562.0
45762,2023,Maserati,MC20,Two Seaters,Rear-Wheel Drive,Automatic (S8),6.0,3.0,Premium Gasoline,15,25,18,474.0
45763,2023,Maserati,MC20 Spyder,Two Seaters,Rear-Wheel Drive,Automatic (S8),6.0,3.0,Premium Gasoline,15,25,18,482.0
45361,2023,Maserati,Quattroporte GT,Large Cars,Rear-Wheel Drive,Automatic 8-spd,6.0,3.0,Premium Gasoline,16,25,19,453.0
45421,2023,Maserati,Quattroporte Modena AWD,Large Cars,All-Wheel Drive,Automatic 8-spd,6.0,3.0,Premium Gasoline,17,25,20,457.0
45360,2023,Maserati,Quattroporte Modena RWD,Large Cars,Rear-Wheel Drive,Automatic 8-spd,6.0,3.0,Premium Gasoline,16,25,19,453.0
45359,2023,Maserati,Quattroporte Trofeo,Large Cars,Rear-Wheel Drive,Automatic 8-spd,8.0,3.8,Premium Gasoline,13,20,16,560.0
46352,2023,Mazda,3 4-Door 2WD,Compact Cars,Front-Wheel Drive,Automatic (S6),4.0,2.0,Regular Gasoline,28,36,31,287.0
46353,2023,Mazda,3 4-Door 2WD,Compact Cars,Front-Wheel Drive,Automatic (S6),4.0,2.5,Regular Gasoline,28,37,31,287.0
46354,2023,Mazda,3 4-Door 4WD,Compact Cars,4-Wheel Drive,Automatic (S6),4.0,2.5,Regular Gasoline,26,35,30,301.0
46355,2023,Mazda,3 4-Door 4WD,Compact Cars,4-Wheel Drive,Automatic (S6),4.0,2.5,Regular Gasoline,23,32,27,334.0
45937,2023,Mazda,3 5-Door 2WD,Midsize Cars,Front-Wheel Drive,Manual 6-spd,4.0,2.5,Regular Gasoline,26,36,30,296.0
45938,2023,Mazda,3 5-Door 2WD,Midsize Cars,Front-Wheel Drive,Automatic (S6),4.0,2.5,Regular Gasoline,27,35,30,292.0
45939,2023,Mazda,3 5-Door 4WD,Midsize Cars,4-Wheel Drive,Automatic (S6),4.0,2.5,Regular Gasoline,26,33,29,311.0
45940,2023,Mazda,3 5-Door 4WD,Midsize Cars,4-Wheel Drive,Automatic (S6),4.0,2.5,Regular Gasoline,23,31,26,337.0
46234,2023,Mazda,CX-30 4WD,Small Sport Utility Vehicle 4WD,4-Wheel Drive,Automatic (S6),4.0,2.5,Regular Gasoline,26,33,29,309.0
46235,2023,Mazda,CX-30 4WD,Small Sport Utility Vehicle 4WD,4-Wheel Drive,Automatic (S6),4.0,2.5,Regular Gasoline,22,30,25,353.0
45829,2023,Mazda,CX-5 4WD,Small Sport Utility Vehicle 4WD,4-Wheel Drive,Automatic (S6),4.0,2.5,Regular Gasoline,24,30,26,337.0
45830,2023,Mazda,CX-5 4WD,Small Sport Utility Vehicle 4WD,4-Wheel Drive,Automatic (S6),4.0,2.5,Regular Gasoline,22,27,24,370.0
45250,2023,Mazda,CX-50 4WD,Small Sport Utility Vehicle 4WD,4-Wheel Drive,Automatic (S6),4.0,2.5,Regular Gasoline,24,30,27,335.0
45251,2023,Mazda,CX-50 4WD,Small Sport Utility Vehicle 4WD,4-Wheel Drive,Automatic (S6),4.0,2.5,Regular Gasoline,23,29,25,356.0
45956,2023,Mazda,CX-9 4WD,Small Sport Utility Vehicle 4WD,4-Wheel Drive,Automatic (S6),4.0,2.5,Regular Gasoline,20,26,23,392.0
46333,2023,Mazda,MX-5,Two Seaters,Rear-Wheel Drive,Manual 6-spd,4.0,2.0,Premium Gasoline,26,34,29,305.0
46334,2023,Mazda,MX-5,Two Seaters,Rear-Wheel Drive,Automatic (S6),4.0,2.0,Premium Gasoline,26,35,30,299.0
46217,2023,Mercedes-Benz,AMG C43 4matic Convertible,Subcompact Cars,All-Wheel Drive,Automatic 9-spd,6.0,3.0,Premium Gasoline,18,28,22,412.0
46123,2023,Mercedes-Benz,AMG C43 4matic Coupe,Subcompact Cars,All-Wheel Drive,Automatic 9-spd,6.0,3.0,Premium Gasoline,18,27,21,413.0
46431,2023,Mercedes-Benz,AMG C63 S Convertible,Subcompact Cars,Rear-Wheel Drive,Automatic 9-spd,8.0,4.0,Premium Gasoline,16,24,19,461.0
46432,2023,Mercedes-Benz,AMG C63 S Coupe,Subcompact Cars,Rear-Wheel Drive,Automatic 9-spd,8.0,4.0,Premium Gasoline,16,24,19,461.0
46263,2023,Mercedes-Benz,AMG CLA35 4matic,Compact Cars,All-Wheel Drive,Automatic (AM7),4.0,2.0,Premium Gasoline,21,29,24,373.0
46219,2023,Mercedes-Benz,AMG CLA45 4matic,Compact Cars,All-Wheel Drive,Automatic (AM8),4.0,2.0,Premium Gasoline,20,28,23,388.0
46320,2023,Mercedes-Benz,AMG E63 S 4matic Plus,Midsize Cars,All-Wheel Drive,Automatic 9-spd,8.0,4.0,Premium Gasoline,16,24,19,474.0
46323,2023,Mercedes-Benz,AMG E63 S 4matic Plus (SW),Midsize Station Wagons,All-Wheel Drive,Automatic 9-spd,8.0,4.0,Premium Gasoline,16,24,19,470.0
46443,2023,Mercedes-Benz,AMG G 63 4x4 Squared,Standard Sport Utility Vehicle 4WD,4-Wheel Drive,Automatic 9-spd,8.0,4.0,Premium Gasoline,10,12,11,817.0
46442,2023,Mercedes-Benz,AMG G63,Standard Sport Utility Vehicle 4WD,4-Wheel Drive,Automatic 9-spd,8.0,4.0,Premium Gasoline,13,16,14,621.0
46286,2023,Mercedes-Benz,AMG GLA35 4matic,Small Station Wagons,All-Wheel Drive,Automatic (AM8),4.0,2.0,Premium Gasoline,22,29,25,358.0
46223,2023,Mercedes-Benz,AMG GLA45 4matic,Small Station Wagons,All-Wheel Drive,Automatic (AM8),4.0,2.0,Premium Gasoline,20,25,22,407.0
46287,2023,Mercedes-Benz,AMG GLB35 4matic,Midsize Station Wagons,All-Wheel Drive,Automatic (AM8),4.0,2.0,Premium Gasoline,21,27,23,382.0
46152,2023,Mercedes-Benz,AMG GLC43 4matic Coupe,Small Sport Utility Vehicle 4WD,All-Wheel Drive,Automatic 9-spd,6.0,3.0,Premium Gasoline,17,24,20,444.0
46318,2023,Mercedes-Benz,AMG GT 63 4matic Plus,Compact Cars,All-Wheel Drive,Automatic 9-spd,8.0,4.0,Premium Gasoline,15,21,17,530.0
46319,2023,Mercedes-Benz,AMG GT 63 S 4matic Plus,Compact Cars,All-Wheel Drive,Automatic 9-spd,8.0,4.0,Premium Gasoline,15,21,17,530.0
46430,2023,Mercedes-Benz,AMG SL55 4matic Plus,Minicompact Cars,All-Wheel Drive,Automatic 9-spd,8.0,4.0,Premium Gasoline,13,21,16,562.0
46429,2023,Mercedes-Benz,AMG SL63 4matic Plus,Minicompact Cars,All-Wheel Drive,Automatic 9-spd,8.0,4.0,Premium Gasoline,14,22,16,544.0
45922,2023,Mercedes-Benz,C300 4matic Convertible,Subcompact Cars,All-Wheel Drive,Automatic 9-spd,4.0,2.0,Premium Gasoline,21,30,25,358.0
45921,2023,Mercedes-Benz,C300 4matic Coupe,Subcompact Cars,All-Wheel Drive,Automatic 9-spd,4.0,2.0,Premium Gasoline,22,31,25,351.0
45923,2023,Mercedes-Benz,C300 Convertible,Subcompact Cars,Rear-Wheel Drive,Automatic 9-spd,4.0,2.0,Premium Gasoline,21,29,24,370.0
45920,2023,Mercedes-Benz,C300 Coupe,Subcompact Cars,Rear-Wheel Drive,Automatic 9-spd,4.0,2.0,Premium Gasoline,22,31,25,351.0
45718,2023,Mercedes-Benz,CLA250,Compact Cars,Front-Wheel Drive,Automatic (AM7),4.0,2.0,Premium Gasoline,25,36,29,309.0
45717,2023,Mercedes-Benz,CLA250 4matic,Compact Cars,All-Wheel Drive,Automatic (AM7),4.0,2.0,Premium Gasoline,24,33,27,322.0
45941,2023,Mercedes-Benz,E350,Midsize Cars,Rear-Wheel Drive,Automatic 9-spd,4.0,2.0,Premium Gasoline,23,31,26,342.0
45942,2023,Mercedes-Benz,E350 4matic,Midsize Cars,All-Wheel Drive,Automatic 9-spd,4.0,2.0,Premium Gasoline,21,30,24,364.0
46244,2023,Mercedes-Benz,G550,Standard Sport Utility Vehicle 4WD,4-Wheel Drive,Automatic 9-spd,8.0,4.0,Premium Gasoline,13,16,14,617.0
45742,2023,Mercedes-Benz,GLA250,Special Purpose Vehicle 2WD,Front-Wheel Drive,Automatic (AM8),4.0,2.0,Premium Gasoline,24,34,28,321.0
45744,2023,Mercedes-Benz,GLA250 4matic,Small Sport Utility Vehicle 4WD,All-Wheel Drive,Automatic (AM8),4.0,2.0,Premium Gasoline,23,32,26,337.0
45743,2023,Mercedes-Benz,GLB250,Special Purpose Vehicle 2WD,Front-Wheel Drive,Automatic (AM8),4.0,2.0,Premium Gasoline,24,32,27,330.0
45698,2023,Mercedes-Benz,GLB250 4matic,Small Sport Utility Vehicle 4WD,All-Wheel Drive,Automatic (AM8),4.0,2.0,Premium Gasoline,22,30,25,355.0
45979,2023,Mercedes-Benz,GLC300 4matic Coupe,Small Sport Utility Vehicle 4WD,All-Wheel Drive,Automatic 9-spd,4.0,2.0,Premium Gasoline,20,26,22,397.0
45957,2023,Mercedes-Benz,GLE350,Small Sport Utility Vehicle 4WD,Rear-Wheel Drive,Automatic 9-spd,4.0,2.0,Premium Gasoline,20,25,22,401.0
45958,2023,Mercedes-Benz,GLE350 4matic,Small Sport Utility Vehicle 4WD,All-Wheel Drive,Automatic 9-spd,4.0,2.0,Premium Gasoline,20,24,21,413.0
46458,2023,Mercedes-Benz,Maybach S680 4matic,Large Cars,All-Wheel Drive,Automatic 9-spd,12.0,6.0,Premium Gasoline,12,20,14,618.0
46060,2023,Mercedes-Benz,Metris (Cargo Van),Special Purpose Vehicle 2WD,Rear-Wheel Drive,Automatic 9-spd,4.0,2.0,Premium Gasoline,19,23,20,436.0
46061,2023,Mercedes-Benz,"Metris (Cargo Van, LWB)",Special Purpose Vehicle 2WD,Rear-Wheel Drive,Automatic 9-spd,4.0,2.0,Premium Gasoline,19,23,20,436.0
46059,2023,Mercedes-Benz,Metris (Passenger Van),Special Purpose Vehicle 2WD,Rear-Wheel Drive,Automatic 9-spd,4.0,2.0,Premium Gasoline,18,22,19,459.0
45976,2023,Mercedes-Benz,Metris (US Postal Long),Special Purpose Vehicle 2WD,Rear-Wheel Drive,Automatic 9-spd,4.0,2.0,Premium Gasoline,19,25,21,415.0
45977,2023,Mercedes-Benz,Metris (US Postal),Special Purpose Vehicle 2WD,Rear-Wheel Drive,Automatic 9-spd,4.0,2.0,Premium Gasoline,19,25,21,415.0
45245,2023,Mitsubishi,Eclipse Cross 2WD,Small Sport Utility Vehicle 2WD,Front-Wheel Drive,Automatic (AV-S8),4.0,1.5,Regular Gasoline,25,28,26,338.0
45252,2023,Mitsubishi,Eclipse Cross 4WD,Small Sport Utility Vehicle 4WD,4-Wheel Drive,Automatic (AV-S8),4.0,1.5,Regular Gasoline,25,26,25,347.0
45246,2023,Mitsubishi,Eclipse Cross ES 2WD,Small Sport Utility Vehicle 2WD,Front-Wheel Drive,Automatic (AV-S8),4.0,1.5,Regular Gasoline,26,29,27,327.0
45253,2023,Mitsubishi,Eclipse Cross ES 4WD,Small Sport Utility Vehicle 4WD,4-Wheel Drive,Automatic (AV-S8),4.0,1.5,Regular Gasoline,25,28,26,337.0
45507,2023,Mitsubishi,Mirage,Compact Cars,Front-Wheel Drive,Manual 5-spd,3.0,1.2,Regular Gasoline,33,41,36,242.0
45508,2023,Mitsubishi,Mirage,Compact Cars,Front-Wheel Drive,Automatic (variable gear ratios),3.0,1.2,Regular Gasoline,36,43,39,225.0
45509,2023,Mitsubishi,Mirage G4,Compact Cars,Front-Wheel Drive,Manual 5-spd,3.0,1.2,Regular Gasoline,33,40,35,252.0
45510,2023,Mitsubishi,Mirage G4,Compact Cars,Front-Wheel Drive,Automatic (variable gear ratios),3.0,1.2,Regular Gasoline,35,41,37,235.0
45881,2023,Mitsubishi,Outlander 2WD,Small Sport Utility Vehicle 2WD,Front-Wheel Drive,Automatic (AV-S8),4.0,2.5,Regular Gasoline,24,31,27,332.0
45886,2023,Mitsubishi,Outlander 4WD,Small Sport Utility Vehicle 4WD,4-Wheel Drive,Automatic (AV-S8),4.0,2.5,Regular Gasoline,24,30,26,342.0
46144,2023,Mitsubishi,Outlander Sport 2WD,Small Sport Utility Vehicle 2WD,Front-Wheel Drive,Automatic (AV-S6),4.0,2.0,Regular Gasoline,24,30,27,333.0
47517,2023,Mitsubishi,Outlander Sport 2WD,Small Sport Utility Vehicle 2WD,Front-Wheel Drive,Automatic (AV-S6),4.0,2.4,Regular Gasoline,23,29,25,354.0
46153,2023,Mitsubishi,Outlander Sport 4WD,Small Sport Utility Vehicle 4WD,4-Wheel Drive,Automatic (AV-S6),4.0,2.0,Regular Gasoline,23,29,26,343.0
46154,2023,Mitsubishi,Outlander Sport 4WD,Small Sport Utility Vehicle 4WD,4-Wheel Drive,Automatic (AV-S6),4.0,2.4,Regular Gasoline,23,28,25,350.0
45944,2023,Nissan,Altima,Midsize Cars,Front-Wheel Drive,Automatic (variable gear ratios),4.0,2.5,Regular Gasoline,27,38,31,282.0
45945,2023,Nissan,Altima AWD,Midsize Cars,All-Wheel Drive,Automatic (variable gear ratios),4.0,2.5,Regular Gasoline,26,34,29,300.0
45946,2023,Nissan,Altima SL/SR,Midsize Cars,Front-Wheel Drive,Automatic (variable gear ratios),4.0,2.5,Regular Gasoline,27,36,30,287.0
45947,2023,Nissan,Altima SR,Midsize Cars,Front-Wheel Drive,Automatic (AV-S8),4.0,2.0,Regular Gasoline,25,34,29,311.0
46238,2023,Nissan,Armada 2WD,Standard Sport Utility Vehicle 2WD,Rear-Wheel Drive,Automatic (S7),8.0,5.6,Premium Gasoline,14,19,16,558.0
46427,2023,Nissan,Armada 4WD,Standard Sport Utility Vehicle 4WD,4-Wheel Drive,Automatic (S7),8.0,5.6,Premium Gasoline,13,18,15,592.0
46428,2023,Nissan,Armada 4WD,Standard Sport Utility Vehicle 4WD,4-Wheel Drive,Automatic (S7),8.0,5.6,Premium Gasoline,13,18,15,594.0
45870,2023,Nissan,Frontier 2WD,Standard Pickup Trucks 2WD,Rear-Wheel Drive,Automatic (S9),6.0,3.8,Regular Gasoline,18,24,20,444.0
46435,2023,Nissan,Frontier 2WD,Standard Pickup Trucks 2WD,Rear-Wheel Drive,Automatic (S9),6.0,3.8,Regular Gasoline,18,24,21,437.0
45874,2023,Nissan,Frontier 4WD,Standard Pickup Trucks 4WD,Part-time 4-Wheel Drive,Automatic (S9),6.0,3.8,Regular Gasoline,17,21,19,468.0
46436,2023,Nissan,Frontier 4WD,Standard Pickup Trucks 4WD,Part-time 4-Wheel Drive,Automatic (S9),6.0,3.8,Regular Gasoline,18,22,20,438.0
45875,2023,Nissan,Frontier 4WD PRO4X,Standard Pickup Trucks 4WD,Part-time 4-Wheel Drive,Automatic (S9),6.0,3.8,Regular Gasoline,16,21,18,472.0
46437,2023,Nissan,Frontier 4WD PRO4X,Standard Pickup Trucks 4WD,Part-time 4-Wheel Drive,Automatic (S9),6.0,3.8,Regular Gasoline,17,21,19,469.0
46351,2023,Nissan,GT-R,Subcompact Cars,All-Wheel Drive,Automatic (AM-S6),6.0,3.8,Premium Gasoline,16,22,18,493.0
45766,2023,Nissan,Kicks,Midsize Cars,Front-Wheel Drive,Automatic (variable gear ratios),4.0,1.6,Regular Gasoline,31,36,33,269.0
45943,2023,Nissan,Maxima,Midsize Cars,Front-Wheel Drive,Automatic (AV-S7),6.0,3.5,Premium Gasoline,20,30,24,371.0
45769,2023,Nissan,Murano AWD,Midsize Station Wagons,All-Wheel Drive,Automatic (AV-S7),6.0,3.5,Regular Gasoline,19,27,22,391.0
45768,2023,Nissan,Murano FWD,Midsize Station Wagons,Front-Wheel Drive,Automatic (AV-S7),6.0,3.5,Regular Gasoline,20,28,23,387.0
45882,2023,Nissan,Pathfinder 2WD,Small Sport Utility Vehicle 2WD,Front-Wheel Drive,Automatic (S9),6.0,3.5,Regular Gasoline,20,27,23,390.0
45887,2023,Nissan,Pathfinder 4WD,Small Sport Utility Vehicle 4WD,4-Wheel Drive,Automatic (S9),6.0,3.5,Regular Gasoline,21,27,23,379.0
45833,2023,Nissan,Pathfinder 4WD Rock Creek,Small Sport Utility Vehicle 4WD,4-Wheel Drive,Automatic (S9),6.0,3.5,Premium Gasoline,20,23,21,418.0
45888,2023,Nissan,Pathfinder 4WD SL/Platinum,Small Sport Utility Vehicle 4WD,4-Wheel Drive,Automatic (S9),6.0,3.5,Regular Gasoline,20,25,22,396.0
45831,2023,Nissan,Rogue AWD,Small Sport Utility Vehicle 4WD,All-Wheel Drive,Automatic (AV-S8),3.0,1.5,Regular Gasoline,28,35,31,287.0
46397,2023,Nissan,Rogue AWD,Small Sport Utility Vehicle 4WD,All-Wheel Drive,Automatic (AV-S8),3.0,1.5,Regular Gasoline,28,35,31,287.0
45832,2023,Nissan,Rogue AWD SL/Platinum,Small Sport Utility Vehicle 4WD,All-Wheel Drive,Automatic (AV-S8),3.0,1.5,Regular Gasoline,28,34,31,288.0
46398,2023,Nissan,Rogue AWD SL/Platinum,Small Sport Utility Vehicle 4WD,All-Wheel Drive,Automatic (AV-S8),3.0,1.5,Regular Gasoline,28,34,31,287.0
45825,2023,Nissan,Rogue FWD,Small Sport Utility Vehicle 2WD,Front-Wheel Drive,Automatic (AV-S8),3.0,1.5,Regular Gasoline,30,37,33,271.0
46379,2023,Nissan,Rogue FWD,Small Sport Utility Vehicle 2WD,Front-Wheel Drive,Automatic (AV-S8),3.0,1.5,Regular Gasoline,30,37,33,269.0
45826,2023,Nissan,Rogue FWD SL/Platinum,Small Sport Utility Vehicle 2WD,Front-Wheel Drive,Automatic (AV-S8),3.0,1.5,Regular Gasoline,29,36,32,278.0
46380,2023,Nissan,Rogue FWD SL/Platinum,Small Sport Utility Vehicle 2WD,Front-Wheel Drive,Automatic (AV-S8),3.0,1.5,Regular Gasoline,29,36,32,278.0
46433,2023,Nissan,Sentra,Midsize Cars,Front-Wheel Drive,Automatic (variable gear ratios),4.0,2.0,Regular Gasoline,29,39,33,268.0
46434,2023,Nissan,Sentra SR,Midsize Cars,Front-Wheel Drive,Automatic (variable gear ratios),4.0,2.0,Regular Gasoline,28,37,32,283.0
45738,2023,Nissan,Titan 2WD,Standard Pickup Trucks 2WD,Rear-Wheel Drive,Automatic (S9),8.0,5.6,Premium Gasoline,16,21,18,503.0
45740,2023,Nissan,Titan 4WD,Standard Pickup Trucks 4WD,Part-time 4-Wheel Drive,Automatic (S9),8.0,5.6,Premium Gasoline,15,21,18,505.0
45741,2023,Nissan,Titan 4WD PRO4X,Standard Pickup Trucks 4WD,Part-time 4-Wheel Drive,Automatic (S9),8.0,5.6,Premium Gasoline,15,20,17,517.0
46356,2023,Nissan,Versa,Compact Cars,Front-Wheel Drive,Automatic (variable gear ratios),4.0,1.6,Regular Gasoline,32,40,35,254.0
46357,2023,Nissan,Versa,Compact Cars,Front-Wheel Drive,Manual 5-spd,4.0,1.6,Regular Gasoline,27,35,30,296.0
45399,2023,Nissan,Z,Two Seaters,Rear-Wheel Drive,Manual 6-spd,6.0,3.0,Premium Gasoline,18,24,20,435.0
45400,2023,Nissan,Z,Two Seaters,Rear-Wheel Drive,Automatic (S9),6.0,3.0,Premium Gasoline,19,28,22,405.0
47506,2023,Pagani,Huayra,Two Seaters,Rear-Wheel Drive,Automatic (AM7),12.0,6.0,Premium Gasoline,10,15,12,744.0
45910,2023,Porsche,718 Boxster,Two Seaters,Rear-Wheel Drive,Automatic (AM-S7),4.0,2.0,Premium Gasoline,21,27,24,375.0
45966,2023,Porsche,718 Boxster,Two Seaters,Rear-Wheel Drive,Manual 6-spd,4.0,2.0,Premium Gasoline,20,25,22,409.0
45967,2023,Porsche,718 Boxster GTS,Two Seaters,Rear-Wheel Drive,Manual 6-spd,6.0,4.0,Premium Gasoline,17,24,19,458.0
45968,2023,Porsche,718 Boxster GTS,Two Seaters,Rear-Wheel Drive,Automatic (AM-S7),6.0,4.0,Premium Gasoline,19,24,21,418.0
45912,2023,Porsche,718 Boxster S,Two Seaters,Rear-Wheel Drive,Manual 6-spd,4.0,2.5,Premium Gasoline,19,24,21,423.0
45913,2023,Porsche,718 Boxster S,Two Seaters,Rear-Wheel Drive,Automatic (AM-S7),4.0,2.5,Premium Gasoline,19,25,22,410.0
45916,2023,Porsche,718 Boxster T,Two Seaters,Rear-Wheel Drive,Manual 6-spd,4.0,2.0,Premium Gasoline,20,26,22,394.0
45917,2023,Porsche,718 Boxster T,Two Seaters,Rear-Wheel Drive,Automatic (AM-S7),4.0,2.0,Premium Gasoline,21,27,23,380.0
45911,2023,Porsche,718 Cayman,Two Seaters,Rear-Wheel Drive,Automatic (AM-S7),4.0,2.0,Premium Gasoline,21,27,24,375.0
46087,2023,Porsche,718 Cayman,Two Seaters,Rear-Wheel Drive,Manual 6-spd,4.0,2.0,Premium Gasoline,20,25,22,409.0
45973,2023,Porsche,718 Cayman GT4,Two Seaters,Rear-Wheel Drive,Manual 6-spd,6.0,4.0,Premium Gasoline,17,23,19,462.0
45974,2023,Porsche,718 Cayman GT4,Two Seaters,Rear-Wheel Drive,Automatic (AM-S7),6.0,4.0,Premium Gasoline,18,24,20,436.0
45971,2023,Porsche,718 Cayman GTS,Two Seaters,Rear-Wheel Drive,Manual 6-spd,6.0,4.0,Premium Gasoline,17,24,19,458.0
45972,2023,Porsche,718 Cayman GTS,Two Seaters,Rear-Wheel Drive,Automatic (AM-S7),6.0,4.0,Premium Gasoline,19,24,21,418.0
45914,2023,Porsche,718 Cayman S,Two Seaters,Rear-Wheel Drive,Manual 6-spd,4.0,2.5,Premium Gasoline,19,24,21,423.0
45915,2023,Porsche,718 Cayman S,Two Seaters,Rear-Wheel Drive,Automatic (AM-S7),4.0,2.5,Premium Gasoline,19,25,22,410.0
45918,2023,Porsche,718 Cayman T,Two Seaters,Rear-Wheel Drive,Manual 6-spd,4.0,2.0,Premium Gasoline,20,26,22,394.0
45919,2023,Porsche,718 Cayman T,Two Seaters,Rear-Wheel Drive,Automatic (AM-S7),4.0,2.0,Premium Gasoline,21,27,23,380.0
45858,2023,Porsche,718 GT4 RS,Two Seaters,Rear-Wheel Drive,Automatic (AM-S7),6.0,4.0,Premium Gasoline,15,19,16,544.0
45969,2023,Porsche,718 Spyder,Two Seaters,Rear-Wheel Drive,Manual 6-spd,6.0,4.0,Premium Gasoline,17,23,19,462.0
45970,2023,Porsche,718 Spyder,Two Seaters,Rear-Wheel Drive,Automatic (AM-S7),6.0,4.0,Premium Gasoline,18,24,20,436.0
46090,2023,Porsche,911 Carrera,Minicompact Cars,Rear-Wheel Drive,Automatic (AM-S8),6.0,3.0,Premium Gasoline,18,24,20,443.0
46100,2023,Porsche,911 Carrera 4,Minicompact Cars,All-Wheel Drive,Automatic (AM-S8),6.0,3.0,Premium Gasoline,18,24,20,442.0
46101,2023,Porsche,911 Carrera 4 Cabriolet,Minicompact Cars,All-Wheel Drive,Automatic (AM-S8),6.0,3.0,Premium Gasoline,18,24,20,443.0
46109,2023,Porsche,911 Carrera 4 GTS,Minicompact Cars,All-Wheel Drive,Automatic (AM-S8),6.0,3.0,Premium Gasoline,17,23,19,464.0
46110,2023,Porsche,911 Carrera 4 GTS,Minicompact Cars,All-Wheel Drive,Manual 7-spd,6.0,3.0,Premium Gasoline,17,23,19,465.0
46111,2023,Porsche,911 Carrera 4 GTS Cabriolet,Minicompact Cars,All-Wheel Drive,Automatic (AM-S8),6.0,3.0,Premium Gasoline,17,22,19,463.0
46112,2023,Porsche,911 Carrera 4 GTS Cabriolet,Minicompact Cars,All-Wheel Drive,Manual 7-spd,6.0,3.0,Premium Gasoline,16,23,19,477.0
46096,2023,Porsche,911 Carrera 4S,Minicompact Cars,All-Wheel Drive,Manual 7-spd,6.0,3.0,Premium Gasoline,17,25,20,442.0
46097,2023,Porsche,911 Carrera 4S,Minicompact Cars,All-Wheel Drive,Automatic (AM-S8),6.0,3.0,Premium Gasoline,18,23,20,443.0
46098,2023,Porsche,911 Carrera 4S Cabriolet,Minicompact Cars,All-Wheel Drive,Manual 7-spd,6.0,3.0,Premium Gasoline,17,24,20,452.0
46099,2023,Porsche,911 Carrera 4S Cabriolet,Minicompact Cars,All-Wheel Drive,Automatic (AM-S8),6.0,3.0,Premium Gasoline,18,23,20,439.0
46091,2023,Porsche,911 Carrera Cabriolet,Minicompact Cars,Rear-Wheel Drive,Automatic (AM-S8),6.0,3.0,Premium Gasoline,18,24,20,443.0
46105,2023,Porsche,911 Carrera GTS,Minicompact Cars,Rear-Wheel Drive,Automatic (AM-S8),6.0,3.0,Premium Gasoline,17,23,19,465.0
46106,2023,Porsche,911 Carrera GTS,Minicompact Cars,Rear-Wheel Drive,Manual 7-spd,6.0,3.0,Premium Gasoline,17,24,20,444.0
46107,2023,Porsche,911 Carrera GTS Cabriolet,Minicompact Cars,Rear-Wheel Drive,Automatic (AM-S8),6.0,3.0,Premium Gasoline,17,23,19,465.0
46108,2023,Porsche,911 Carrera GTS Cabriolet,Minicompact Cars,Rear-Wheel Drive,Manual 7-spd,6.0,3.0,Premium Gasoline,17,24,20,448.0
46092,2023,Porsche,911 Carrera S,Minicompact Cars,Rear-Wheel Drive,Manual 7-spd,6.0,3.0,Premium Gasoline,18,25,21,425.0
46093,2023,Porsche,911 Carrera S,Minicompact Cars,Rear-Wheel Drive,Automatic (AM-S8),6.0,3.0,Premium Gasoline,18,23,20,441.0
46094,2023,Porsche,911 Carrera S Cabriolet,Minicompact Cars,Rear-Wheel Drive,Manual 7-spd,6.0,3.0,Premium Gasoline,17,25,20,443.0
46095,2023,Porsche,911 Carrera S Cabriolet,Minicompact Cars,Rear-Wheel Drive,Automatic (AM-S8),6.0,3.0,Premium Gasoline,18,23,20,439.0
46553,2023,Porsche,911 Carrera T,Minicompact Cars,Rear-Wheel Drive,Manual 7-spd,6.0,3.0,Premium Gasoline,17,25,20,443.0
46554,2023,Porsche,911 Carrera T,Minicompact Cars,Rear-Wheel Drive,Automatic (AM-S8),6.0,3.0,Premium Gasoline,18,24,20,442.0
47509,2023,Porsche,911 Dakar,Minicompact Cars,All-Wheel Drive,Automatic (AM-S8),6.0,3.0,Premium Gasoline,16,24,19,472.0
46083,2023,Porsche,911 GT3,Two Seaters,Rear-Wheel Drive,Automatic (AM-S7),6.0,4.0,Premium Gasoline,15,18,16,538.0
46084,2023,Porsche,911 GT3,Two Seaters,Rear-Wheel Drive,Manual 6-spd,6.0,4.0,Premium Gasoline,14,18,16,571.0
46457,2023,Porsche,911 GT3 RS,Two Seaters,Rear-Wheel Drive,Automatic (AM-S7),6.0,4.0,Premium Gasoline,14,18,16,570.0
46085,2023,Porsche,911 GT3 Touring,Two Seaters,Rear-Wheel Drive,Automatic (AM-S7),6.0,4.0,Premium Gasoline,15,18,16,539.0
46086,2023,Porsche,911 GT3 Touring,Two Seaters,Rear-Wheel Drive,Manual 6-spd,6.0,4.0,Premium Gasoline,14,18,16,570.0
46116,2023,Porsche,911 Sport Classic,Minicompact Cars,Rear-Wheel Drive,Manual 7-spd,6.0,3.7,Premium Gasoline,15,21,17,516.0
46104,2023,Porsche,911 Targa 4,Minicompact Cars,All-Wheel Drive,Automatic (AM-S8),6.0,3.0,Premium Gasoline,18,24,20,442.0
46113,2023,Porsche,911 Targa 4 GTS,Minicompact Cars,All-Wheel Drive,Automatic (AM-S8),6.0,3.0,Premium Gasoline,17,22,19,461.0
46114,2023,Porsche,911 Targa 4 GTS,Minicompact Cars,All-Wheel Drive,Manual 7-spd,6.0,3.0,Premium Gasoline,16,23,19,477.0
46102,2023,Porsche,911 Targa 4S,Minicompact Cars,All-Wheel Drive,Automatic (AM-S8),6.0,3.0,Premium Gasoline,18,23,20,442.0
46103,2023,Porsche,911 Targa 4S,Minicompact Cars,All-Wheel Drive,Manual 7-spd,6.0,3.0,Premium Gasoline,17,24,20,447.0
46115,2023,Porsche,911 Turbo,Minicompact Cars,All-Wheel Drive,Automatic (AM-S8),6.0,3.7,Premium Gasoline,15,20,17,516.0
46117,2023,Porsche,911 Turbo Cabriolet,Minicompact Cars,All-Wheel Drive,Automatic (AM-S8),6.0,3.7,Premium Gasoline,15,20,17,521.0
46118,2023,Porsche,911 Turbo S,Minicompact Cars,All-Wheel Drive,Automatic (AM-S8),6.0,3.7,Premium Gasoline,15,20,17,517.0
46119,2023,Porsche,911 Turbo S Cabriolet,Minicompact Cars,All-Wheel Drive,Automatic (AM-S8),6.0,3.7,Premium Gasoline,15,20,17,528.0
45707,2023,Porsche,Cayenne,Standard Sport Utility Vehicle 4WD,All-Wheel Drive,Automatic (S8),6.0,3.0,Premium Gasoline,17,22,19,466.0
47694,2023,Porsche,Cayenne Coupe,Standard Sport Utility Vehicle 4WD,All-Wheel Drive,Automatic (S8),6.0,3.0,Premium Gasoline,17,22,19,466.0
45713,2023,Porsche,Cayenne GTS,Standard Sport Utility Vehicle 4WD,All-Wheel Drive,Automatic (S8),8.0,4.0,Premium Gasoline,15,19,17,533.0
45714,2023,Porsche,Cayenne GTS Coupe,Standard Sport Utility Vehicle 4WD,All-Wheel Drive,Automatic (S8),8.0,4.0,Premium Gasoline,15,19,17,525.0
45708,2023,Porsche,Cayenne S,Standard Sport Utility Vehicle 4WD,All-Wheel Drive,Automatic (S8),6.0,2.9,Premium Gasoline,16,22,18,494.0
45709,2023,Porsche,Cayenne S Coupe,Standard Sport Utility Vehicle 4WD,All-Wheel Drive,Automatic (S8),6.0,2.9,Premium Gasoline,16,21,18,490.0
45710,2023,Porsche,Cayenne Turbo,Standard Sport Utility Vehicle 4WD,All-Wheel Drive,Automatic (S8),8.0,4.0,Premium Gasoline,14,19,16,553.0
45712,2023,Porsche,Cayenne Turbo Coupe,Standard Sport Utility Vehicle 4WD,All-Wheel Drive,Automatic (S8),8.0,4.0,Premium Gasoline,15,20,17,531.0
45711,2023,Porsche,Cayenne Turbo GT,Standard Sport Utility Vehicle 4WD,All-Wheel Drive,Automatic (S8),8.0,4.0,Premium Gasoline,14,19,16,555.0
45834,2023,Porsche,Macan,Small Sport Utility Vehicle 4WD,All-Wheel Drive,Automatic (AM-S7),4.0,2.0,Premium Gasoline,19,25,21,424.0
45837,2023,Porsche,Macan GTS,Small Sport Utility Vehicle 4WD,All-Wheel Drive,Automatic (AM-S7),6.0,2.9,Premium Gasoline,17,22,19,466.0
45835,2023,Porsche,Macan S,Small Sport Utility Vehicle 4WD,All-Wheel Drive,Automatic (AM-S7),6.0,2.9,Premium Gasoline,17,23,19,466.0
45836,2023,Porsche,Macan T,Small Sport Utility Vehicle 4WD,All-Wheel Drive,Automatic (AM-S7),4.0,2.0,Premium Gasoline,19,25,21,417.0
45728,2023,Porsche,Panamera,Large Cars,Rear-Wheel Drive,Automatic (AM-S8),6.0,2.9,Premium Gasoline,18,24,20,441.0
45732,2023,Porsche,Panamera 4,Large Cars,All-Wheel Drive,Automatic (AM-S8),6.0,2.9,Premium Gasoline,18,24,20,441.0
45733,2023,Porsche,Panamera 4 Executive,Large Cars,All-Wheel Drive,Automatic (AM-S8),6.0,2.9,Premium Gasoline,17,23,19,465.0
45734,2023,Porsche,Panamera 4 ST,Large Cars,All-Wheel Drive,Automatic (AM-S8),6.0,2.9,Premium Gasoline,18,23,20,441.0
45729,2023,Porsche,Panamera 4S,Large Cars,All-Wheel Drive,Automatic (AM-S8),6.0,2.9,Premium Gasoline,18,24,20,445.0
45730,2023,Porsche,Panamera 4S Executive,Large Cars,All-Wheel Drive,Automatic (AM-S8),6.0,2.9,Premium Gasoline,17,23,19,469.0
45731,2023,Porsche,Panamera 4S ST,Large Cars,All-Wheel Drive,Automatic (AM-S8),6.0,2.9,Premium Gasoline,17,23,19,469.0
45736,2023,Porsche,Panamera GTS,Large Cars,All-Wheel Drive,Automatic (AM-S8),8.0,4.0,Premium Gasoline,15,21,17,520.0
45737,2023,Porsche,Panamera GTS ST,Large Cars,All-Wheel Drive,Automatic (AM-S8),8.0,4.0,Premium Gasoline,15,20,17,520.0
45735,2023,Porsche,Panamera Turbo S,Large Cars,All-Wheel Drive,Automatic (AM-S8),8.0,4.0,Premium Gasoline,15,21,17,525.0
47692,2023,Porsche,Panamera Turbo S Executive,Large Cars,All-Wheel Drive,Automatic (AM-S8),8.0,4.0,Premium Gasoline,15,21,17,525.0
47693,2023,Porsche,Panamera Turbo S ST,Large Cars,All-Wheel Drive,Automatic (AM-S8),8.0,4.0,Premium Gasoline,15,21,17,525.0
47508,2023,RUF Automobile,T12/CTR3/CTR Anniversary,Two Seaters,Rear-Wheel Drive,Manual 7-spd,6.0,3.8,Premium Gasoline,17,22,19,463.0
46565,2023,Ram,1500 2WD,Standard Pickup Trucks 2WD,Rear-Wheel Drive,Automatic 8-spd,8.0,5.7,Midgrade Gasoline,15,22,17,514.0
46566,2023,Ram,1500 4WD,Standard Pickup Trucks 4WD,4-Wheel Drive,Automatic 8-spd,8.0,5.7,Midgrade Gasoline,15,21,17,523.0
46288,2023,Ram,1500 Classic 2WD,Standard Pickup Trucks 2WD,Rear-Wheel Drive,Automatic 8-spd,6.0,3.6,Regular Gasoline,17,25,20,444.0
46289,2023,Ram,1500 Classic 2WD,Standard Pickup Trucks 2WD,Rear-Wheel Drive,Automatic 8-spd,8.0,5.7,Midgrade Gasoline,15,21,17,523.0
46290,2023,Ram,1500 Classic 4WD,Standard Pickup Trucks 4WD,4-Wheel Drive,Automatic 8-spd,6.0,3.6,Regular Gasoline,16,23,19,474.0
46291,2023,Ram,1500 Classic 4WD,Standard Pickup Trucks 4WD,4-Wheel Drive,Automatic 8-spd,8.0,5.7,Midgrade Gasoline,15,20,17,528.0
46229,2023,Ram,1500 TRX 4WD,Standard Pickup Trucks 4WD,4-Wheel Drive,Automatic 8-spd,8.0,6.2,Premium Gasoline,10,14,12,748.0
45676,2023,Rolls-Royce,Cullinan,Midsize Station Wagons,All-Wheel Drive,Automatic (S8),12.0,6.7,Premium Gasoline,12,19,14,626.0
45677,2023,Rolls-Royce,Cullinan Black Badge,Midsize Station Wagons,All-Wheel Drive,Automatic (S8),12.0,6.7,Premium Gasoline,12,19,14,626.0
45667,2023,Rolls-Royce,Ghost,Large Cars,All-Wheel Drive,Automatic (S8),12.0,6.7,Premium Gasoline,12,19,14,624.0
45669,2023,Rolls-Royce,Ghost Black Badge,Large Cars,All-Wheel Drive,Automatic (S8),12.0,6.7,Premium Gasoline,12,19,14,624.0
45668,2023,Rolls-Royce,Ghost Extended,Large Cars,All-Wheel Drive,Automatic (S8),12.0,6.7,Premium Gasoline,12,19,14,624.0
45665,2023,Rolls-Royce,Phantom,Large Cars,Rear-Wheel Drive,Automatic (S8),12.0,6.7,Premium Gasoline,12,18,14,639.0
45666,2023,Rolls-Royce,Phantom Extended,Large Cars,Rear-Wheel Drive,Automatic (S8),12.0,6.7,Premium Gasoline,12,18,14,639.0
45854,2023,Subaru,Ascent,Standard Sport Utility Vehicle 4WD,All-Wheel Drive,Automatic (AV-S8),4.0,2.4,Regular Gasoline,20,26,22,398.0
45855,2023,Subaru,Ascent Limited/Touring/Onyx AWD,Standard Sport Utility Vehicle 4WD,All-Wheel Drive,Automatic (AV-S8),4.0,2.4,Regular Gasoline,19,25,21,419.0
45288,2023,Subaru,BRZ,Minicompact Cars,Rear-Wheel Drive,Manual 6-spd,4.0,2.4,Premium Gasoline,20,27,22,398.0
45289,2023,Subaru,BRZ,Minicompact Cars,Rear-Wheel Drive,Automatic (S6),4.0,2.4,Premium Gasoline,21,30,25,362.0
45340,2023,Subaru,Crosstrek AWD,Small Sport Utility Vehicle 4WD,All-Wheel Drive,Automatic (AV-S8),4.0,2.0,Regular Gasoline,28,33,30,297.0
45341,2023,Subaru,Crosstrek AWD,Small Sport Utility Vehicle 4WD,All-Wheel Drive,Manual 6-spd,4.0,2.0,Regular Gasoline,22,29,25,355.0
45342,2023,Subaru,Crosstrek AWD,Small Sport Utility Vehicle 4WD,All-Wheel Drive,Automatic (AV-S8),4.0,2.5,Regular Gasoline,27,34,29,303.0
45838,2023,Subaru,Forester AWD,Small Sport Utility Vehicle 4WD,All-Wheel Drive,Automatic (AV-S7),4.0,2.5,Regular Gasoline,26,33,29,310.0
45839,2023,Subaru,Forester Wilderness AWD,Small Sport Utility Vehicle 4WD,All-Wheel Drive,Automatic (AV-S8),4.0,2.5,Regular Gasoline,25,28,26,338.0
45436,2023,Subaru,Impreza 4-Door,Midsize Cars,All-Wheel Drive,Manual 5-spd,4.0,2.0,Regular Gasoline,23,31,26,337.0
45437,2023,Subaru,Impreza 4-Door,Midsize Cars,All-Wheel Drive,Automatic (AV-S7),4.0,2.0,Regular Gasoline,28,36,32,280.0
45440,2023,Subaru,Impreza 5-Door,Small Station Wagons,All-Wheel Drive,Manual 5-spd,4.0,2.0,Regular Gasoline,24,31,26,335.0
45441,2023,Subaru,Impreza 5-Door,Small Station Wagons,All-Wheel Drive,Automatic (AV-S7),4.0,2.0,Regular Gasoline,28,36,31,285.0
45438,2023,Subaru,Impreza Sport 4-Door,Midsize Cars,All-Wheel Drive,Automatic (AV-S7),4.0,2.0,Regular Gasoline,27,36,30,291.0
45442,2023,Subaru,Impreza Sport 5-Door,Small Station Wagons,All-Wheel Drive,Manual 5-spd,4.0,2.0,Regular Gasoline,22,30,25,351.0
45443,2023,Subaru,Impreza Sport 5-Door,Small Station Wagons,All-Wheel Drive,Automatic (AV-S7),4.0,2.0,Regular Gasoline,27,35,30,292.0
45404,2023,Subaru,Legacy AWD,Large Cars,All-Wheel Drive,Automatic (AV-S8),4.0,2.5,Regular Gasoline,27,35,30,295.0
45405,2023,Subaru,Legacy AWD,Large Cars,All-Wheel Drive,Automatic (AV-S8),4.0,2.4,Regular Gasoline,23,31,26,337.0
45408,2023,Subaru,Outback AWD,Small Sport Utility Vehicle 4WD,All-Wheel Drive,Automatic (AV-S8),4.0,2.5,Regular Gasoline,26,32,28,314.0
45409,2023,Subaru,Outback AWD,Small Sport Utility Vehicle 4WD,All-Wheel Drive,Automatic (AV-S8),4.0,2.4,Regular Gasoline,22,29,25,356.0
45410,2023,Subaru,Outback Wilderness AWD,Small Sport Utility Vehicle 4WD,All-Wheel Drive,Automatic (AV-S8),4.0,2.4,Regular Gasoline,21,26,23,378.0
46274,2023,Subaru,WRX,Midsize Cars,All-Wheel Drive,Manual 6-spd,4.0,2.4,Premium Gasoline,19,26,22,407.0
46275,2023,Subaru,WRX,Midsize Cars,All-Wheel Drive,Automatic (AV-S8),4.0,2.4,Premium Gasoline,19,25,21,419.0
45842,2023,Toyota,4Runner 2WD,Standard Sport Utility Vehicle 2WD,Rear-Wheel Drive,Automatic (S5),6.0,4.0,Regular Gasoline,16,19,17,503.0
45856,2023,Toyota,4Runner 4WD,Standard Sport Utility Vehicle 4WD,Part-time 4-Wheel Drive,Automatic (S5),6.0,4.0,Regular Gasoline,16,19,17,515.0
45857,2023,Toyota,4Runner 4WD,Standard Sport Utility Vehicle 4WD,All-Wheel Drive,Automatic (S5),6.0,4.0,Regular Gasoline,16,19,17,519.0
45719,2023,Toyota,Camry,Midsize Cars,Front-Wheel Drive,Automatic (S8),6.0,3.5,Regular Gasoline,22,33,26,338.0
45722,2023,Toyota,Camry AWD LE/SE,Midsize Cars,All-Wheel Drive,Automatic (S8),4.0,2.5,Regular Gasoline,25,34,29,310.0
45723,2023,Toyota,Camry AWD XLE/XSE,Midsize Cars,All-Wheel Drive,Automatic (S8),4.0,2.5,Regular Gasoline,25,34,28,315.0
45724,2023,Toyota,Camry LE/SE,Midsize Cars,Front-Wheel Drive,Automatic (S8),4.0,2.5,Regular Gasoline,28,39,32,280.0
47513,2023,Toyota,Camry LE/SE,Midsize Cars,Front-Wheel Drive,Automatic (S8),4.0,2.5,Regular Gasoline,28,39,32,278.0
45720,2023,Toyota,Camry TRD,Midsize Cars,Front-Wheel Drive,Automatic (S8),6.0,3.5,Regular Gasoline,22,31,25,354.0
45725,2023,Toyota,Camry XLE/XSE,Midsize Cars,Front-Wheel Drive,Automatic (S8),4.0,2.5,Regular Gasoline,27,38,31,286.0
45721,2023,Toyota,Camry XSE,Midsize Cars,Front-Wheel Drive,Automatic (S8),6.0,3.5,Regular Gasoline,22,32,26,345.0
45931,2023,Toyota,Corolla,Compact Cars,Front-Wheel Drive,Automatic (AV-S10),4.0,2.0,Regular Gasoline,32,41,35,254.0
45932,2023,Toyota,Corolla,Compact Cars,Front-Wheel Drive,Automatic (AV-S10),4.0,2.0,Regular Gasoline,31,40,34,258.0
46293,2023,Toyota,Corolla Cross,Small Sport Utility Vehicle 2WD,Front-Wheel Drive,Automatic (AV-S10),4.0,2.0,Regular Gasoline,31,33,32,275.0
46296,2023,Toyota,Corolla Cross 4WD,Small Sport Utility Vehicle 4WD,All-Wheel Drive,Automatic (AV-S10),4.0,2.0,Regular Gasoline,29,32,30,293.0
45899,2023,Toyota,Corolla Hatchback,Compact Cars,Front-Wheel Drive,Automatic (AV-S10),4.0,2.0,Regular Gasoline,32,41,35,252.0
45900,2023,Toyota,Corolla Hatchback XSE,Compact Cars,Front-Wheel Drive,Automatic (AV-S10),4.0,2.0,Regular Gasoline,30,38,33,266.0
45426,2023,Toyota,GR 86,Minicompact Cars,Rear-Wheel Drive,Automatic (S6),4.0,2.4,Premium Gasoline,21,31,25,360.0
45427,2023,Toyota,GR 86,Minicompact Cars,Rear-Wheel Drive,Manual 6-spd,4.0,2.4,Premium Gasoline,20,27,22,397.0
46218,2023,Toyota,GR Corolla,Subcompact Cars,All-Wheel Drive,Manual 6-spd,3.0,1.6,Premium Gasoline,21,28,24,368.0
45600,2023,Toyota,GR Supra,Two Seaters,Rear-Wheel Drive,Automatic (S8),6.0,3.0,Premium Gasoline,23,31,26,342.0
46088,2023,Toyota,GR Supra,Two Seaters,Rear-Wheel Drive,Automatic (S8),4.0,2.0,Premium Gasoline,25,31,27,322.0
46089,2023,Toyota,GR Supra,Two Seaters,Rear-Wheel Drive,Manual 6-spd,6.0,3.0,Premium Gasoline,19,27,21,411.0
46146,2023,Toyota,Highlander,Small Sport Utility Vehicle 2WD,Front-Wheel Drive,Automatic (S8),4.0,2.4,Regular Gasoline,21,28,24,370.0
46147,2023,Toyota,Highlander,Small Sport Utility Vehicle 2WD,Front-Wheel Drive,Automatic (S8),4.0,2.4,Regular Gasoline,22,29,25,359.0
46155,2023,Toyota,Highlander AWD,Small Sport Utility Vehicle 4WD,All-Wheel Drive,Automatic (S8),4.0,2.4,Regular Gasoline,21,28,24,371.0
46067,2023,Toyota,RAV4,Small Sport Utility Vehicle 2WD,Front-Wheel Drive,Automatic (S8),4.0,2.5,Regular Gasoline,27,35,30,296.0
46068,2023,Toyota,RAV4,Small Sport Utility Vehicle 2WD,Front-Wheel Drive,Automatic (S8),4.0,2.5,Regular Gasoline,27,34,30,292.0
46074,2023,Toyota,RAV4 AWD,Small Sport Utility Vehicle 4WD,All-Wheel Drive,Automatic (S8),4.0,2.5,Regular Gasoline,25,33,28,319.0
46075,2023,Toyota,RAV4 AWD,Small Sport Utility Vehicle 4WD,All-Wheel Drive,Automatic (S8),4.0,2.5,Regular Gasoline,27,33,29,301.0
46077,2023,Toyota,RAV4 AWD LE,Small Sport Utility Vehicle 4WD,All-Wheel Drive,Automatic (S8),4.0,2.5,Regular Gasoline,27,34,30,296.0
46076,2023,Toyota,RAV4 AWD TRD OFFROAD,Small Sport Utility Vehicle 4WD,All-Wheel Drive,Automatic (S8),4.0,2.5,Regular Gasoline,25,32,28,323.0
45864,2023,Toyota,Tacoma 2WD,Small Pickup Trucks 2WD,Rear-Wheel Drive,Automatic (S6),6.0,3.5,Regular Gasoline,19,24,21,431.0
45865,2023,Toyota,Tacoma 2WD,Small Pickup Trucks 2WD,Rear-Wheel Drive,Automatic (S6),4.0,2.7,Regular Gasoline,20,23,21,423.0
45866,2023,Toyota,Tacoma 4WD,Small Pickup Trucks 4WD,Part-time 4-Wheel Drive,Automatic (S6),6.0,3.5,Regular Gasoline,18,22,20,448.0
45867,2023,Toyota,Tacoma 4WD,Small Pickup Trucks 4WD,Part-time 4-Wheel Drive,Manual 6-spd,6.0,3.5,Regular Gasoline,17,21,18,481.0
45869,2023,Toyota,Tacoma 4WD,Small Pickup Trucks 4WD,Part-time 4-Wheel Drive,Automatic (S6),4.0,2.7,Regular Gasoline,19,22,20,441.0
45868,2023,Toyota,Tacoma 4WD D-CAB MT TRD-ORP/PRO,Small Pickup Trucks 4WD,Part-time 4-Wheel Drive,Manual 6-spd,6.0,3.5,Regular Gasoline,17,20,18,483.0
45871,2023,Toyota,Tundra 2WD,Standard Pickup Trucks 2WD,Rear-Wheel Drive,Automatic (S10),6.0,3.4,Regular Gasoline,18,24,20,441.0
45872,2023,Toyota,Tundra 2WD,Standard Pickup Trucks 2WD,Rear-Wheel Drive,Automatic (S10),6.0,3.4,Regular Gasoline,18,23,20,441.0
45876,2023,Toyota,Tundra 4WD,Standard Pickup Trucks 4WD,Part-time 4-Wheel Drive,Automatic (S10),6.0,3.4,Regular Gasoline,17,23,19,459.0
45877,2023,Toyota,Tundra 4WD,Standard Pickup Trucks 4WD,Part-time 4-Wheel Drive,Automatic (S10),6.0,3.4,Regular Gasoline,17,22,19,460.0
45670,2023,Volkswagen,Arteon,Large Cars,Front-Wheel Drive,Automatic (AM-S7),4.0,2.0,Premium Gasoline,25,33,28,318.0
45671,2023,Volkswagen,Arteon 4motion,Large Cars,All-Wheel Drive,Automatic (AM-S7),4.0,2.0,Premium Gasoline,22,31,25,347.0
45678,2023,Volkswagen,Atlas,Small Sport Utility Vehicle 2WD,Front-Wheel Drive,Automatic (S8),4.0,2.0,Regular Gasoline,21,25,23,387.0
45680,2023,Volkswagen,Atlas,Small Sport Utility Vehicle 2WD,Front-Wheel Drive,Automatic (S8),6.0,3.6,Regular Gasoline,18,24,20,445.0
45699,2023,Volkswagen,Atlas 4motion,Small Sport Utility Vehicle 4WD,All-Wheel Drive,Automatic (S8),4.0,2.0,Regular Gasoline,20,24,22,411.0
45700,2023,Volkswagen,Atlas 4motion,Small Sport Utility Vehicle 4WD,All-Wheel Drive,Automatic (S8),6.0,3.6,Regular Gasoline,18,23,20,450.0
45679,2023,Volkswagen,Atlas Cross Sport,Small Sport Utility Vehicle 2WD,Front-Wheel Drive,Automatic (S8),4.0,2.0,Regular Gasoline,21,25,23,391.0
45681,2023,Volkswagen,Atlas Cross Sport,Small Sport Utility Vehicle 2WD,Front-Wheel Drive,Automatic (S8),6.0,3.6,Regular Gasoline,18,24,20,435.0
45701,2023,Volkswagen,Atlas Cross Sport 4motion,Small Sport Utility Vehicle 4WD,All-Wheel Drive,Automatic (S8),6.0,3.6,Regular Gasoline,18,24,20,443.0
45702,2023,Volkswagen,Atlas Cross Sport 4motion,Small Sport Utility Vehicle 4WD,All-Wheel Drive,Automatic (S8),4.0,2.0,Regular Gasoline,20,24,22,412.0
45653,2023,Volkswagen,GLI,Compact Cars,Front-Wheel Drive,Manual 6-spd,4.0,2.0,Regular Gasoline,26,37,30,299.0
45654,2023,Volkswagen,GLI,Compact Cars,Front-Wheel Drive,Automatic (AM-S7),4.0,2.0,Regular Gasoline,26,36,30,297.0
45415,2023,Volkswagen,GTI,Compact Cars,Front-Wheel Drive,Automatic (AM-S7),4.0,2.0,Regular Gasoline,24,34,28,319.0
45416,2023,Volkswagen,GTI,Compact Cars,Front-Wheel Drive,Manual 6-spd,4.0,2.0,Regular Gasoline,23,32,27,330.0
45414,2023,Volkswagen,Golf-R,Compact Cars,All-Wheel Drive,Manual 6-spd,4.0,2.0,Premium Gasoline,20,28,23,382.0
45429,2023,Volkswagen,Golf-R,Compact Cars,All-Wheel Drive,Automatic (AM-S7),4.0,2.0,Premium Gasoline,23,30,26,343.0
45511,2023,Volkswagen,Jetta,Compact Cars,Front-Wheel Drive,Manual 6-spd,4.0,1.5,Regular Gasoline,29,42,34,265.0
45512,2023,Volkswagen,Jetta,Compact Cars,Front-Wheel Drive,Automatic (S8),4.0,1.5,Regular Gasoline,31,41,35,256.0
45513,2023,Volkswagen,Jetta Sport/SE/SEL,Compact Cars,Front-Wheel Drive,Automatic (S8),4.0,1.5,Regular Gasoline,29,40,33,268.0
45682,2023,Volkswagen,Taos,Small Sport Utility Vehicle 2WD,Front-Wheel Drive,Automatic (S8),4.0,1.5,Regular Gasoline,28,36,31,286.0
45422,2023,Volkswagen,Taos 4motion,Small Sport Utility Vehicle 4WD,All-Wheel Drive,Automatic (AM-S7),4.0,1.5,Regular Gasoline,25,32,28,322.0
45883,2023,Volkswagen,Tiguan,Small Sport Utility Vehicle 2WD,Front-Wheel Drive,Automatic (S8),4.0,2.0,Regular Gasoline,23,30,26,343.0
45703,2023,Volkswagen,Tiguan 4motion,Small Sport Utility Vehicle 4WD,All-Wheel Drive,Automatic (S8),4.0,2.0,Regular Gasoline,22,29,25,357.0
45704,2023,Volkswagen,Tiguan R-Line 4motion,Small Sport Utility Vehicle 4WD,All-Wheel Drive,Automatic (S8),4.0,2.0,Regular Gasoline,21,28,24,369.0
45884,2023,Volkswagen,Tiguan S,Small Sport Utility Vehicle 2WD,Front-Wheel Drive,Automatic (S8),4.0,2.0,Regular Gasoline,24,31,27,331.0
46575,2024,Acura,Integra,Large Cars,Front-Wheel Drive,Automatic (AV-S7),4.0,1.5,Premium Gasoline,30,37,33,269.0
46670,2024,Acura,Integra,Large Cars,Front-Wheel Drive,Manual 6-spd,4.0,2.0,Premium Gasoline,21,28,24,371.0
46576,2024,Acura,Integra A-Spec,Large Cars,Front-Wheel Drive,Automatic (AV-S7),4.0,1.5,Premium Gasoline,29,36,32,277.0
46577,2024,Acura,Integra A-Spec,Large Cars,Front-Wheel Drive,Manual 6-spd,4.0,1.5,Premium Gasoline,26,36,30,293.0
46595,2024,Acura,MDX AWD,Small Sport Utility Vehicle 4WD,All-Wheel Drive,Automatic (S10),6.0,3.5,Premium Gasoline,19,25,21,423.0
46605,2024,Acura,MDX AWD Type-S,Standard Sport Utility Vehicle 4WD,All-Wheel Drive,Automatic (S10),6.0,3.0,Premium Gasoline,17,21,19,474.0
46589,2024,Acura,MDX FWD,Small Sport Utility Vehicle 2WD,Front-Wheel Drive,Automatic (S10),6.0,3.5,Premium Gasoline,19,26,22,411.0
47257,2024,Acura,RDX AWD,Small Sport Utility Vehicle 4WD,All-Wheel Drive,Automatic (S10),4.0,2.0,Premium Gasoline,21,27,23,385.0
47258,2024,Acura,RDX AWD A-SPEC,Small Sport Utility Vehicle 4WD,All-Wheel Drive,Automatic (S10),4.0,2.0,Premium Gasoline,21,26,23,386.0
47567,2024,Acura,TLX AWD A-SPEC,Compact Cars,All-Wheel Drive,Automatic (S10),4.0,2.0,Premium Gasoline,21,29,24,371.0
47566,2024,Acura,TLX FWD,Compact Cars,Front-Wheel Drive,Automatic (S10),4.0,2.0,Premium Gasoline,22,31,25,352.0
47568,2024,Acura,TLX Type-S,Compact Cars,All-Wheel Drive,Automatic (S10),6.0,3.0,Premium Gasoline,19,25,21,420.0
46585,2024,Alfa Romeo,Giulia,Midsize Cars,Rear-Wheel Drive,Automatic 8-spd,4.0,2.0,Premium Gasoline,24,33,27,330.0
46783,2024,Alfa Romeo,Giulia,Midsize Cars,Rear-Wheel Drive,Automatic 8-spd,6.0,2.9,Premium Gasoline,17,25,20,436.0
46586,2024,Alfa Romeo,Giulia AWD,Midsize Cars,All-Wheel Drive,Automatic 8-spd,4.0,2.0,Premium Gasoline,23,31,26,348.0
46590,2024,Alfa Romeo,Stelvio,Small Sport Utility Vehicle 2WD,Rear-Wheel Drive,Automatic 8-spd,4.0,2.0,Premium Gasoline,22,29,25,359.0
46596,2024,Alfa Romeo,Stelvio AWD,Small Sport Utility Vehicle 4WD,All-Wheel Drive,Automatic 8-spd,4.0,2.0,Premium Gasoline,22,28,24,364.0
46870,2024,Alfa Romeo,Stelvio AWD,Small Sport Utility Vehicle 4WD,All-Wheel Drive,Automatic 8-spd,6.0,2.9,Premium Gasoline,17,23,19,463.0
47288,2024,Aston Martin,DB12 V8,Minicompact Cars,Rear-Wheel Drive,Automatic 8-spd,8.0,4.0,Premium Gasoline,15,22,17,507.0
47413,2024,Aston Martin,DBX 707,Standard Sport Utility Vehicle 4WD,4-Wheel Drive,Automatic 9-spd,8.0,4.0,Premium Gasoline,15,20,17,536.0
47412,2024,Aston Martin,DBX V8,Standard Sport Utility Vehicle 4WD,4-Wheel Drive,Automatic 9-spd,8.0,4.0,Premium Gasoline,14,20,16,556.0
47549,2024,Aston Martin,Valour,Two Seaters,Rear-Wheel Drive,Manual 6-spd,12.0,5.2,Premium Gasoline,12,18,14,619.0
47143,2024,Audi,Q3 S line quattro,Small Sport Utility Vehicle 4WD,All-Wheel Drive,Automatic (S8),4.0,2.0,Regular Gasoline,20,28,23,384.0
47146,2024,Audi,Q3 quattro,Small Sport Utility Vehicle 4WD,All-Wheel Drive,Automatic (S8),4.0,2.0,Regular Gasoline,22,29,25,360.0
47177,2024,Audi,Q7 quattro,Standard Sport Utility Vehicle 4WD,All-Wheel Drive,Automatic (S8),4.0,2.0,Premium Gasoline,19,25,21,416.0
46638,2024,Audi,RS 3,Subcompact Cars,All-Wheel Drive,Automatic (AM-S7),5.0,2.5,Premium Gasoline,19,29,23,388.0
46640,2024,Audi,RS 5 Coupe,Subcompact Cars,All-Wheel Drive,Automatic (S8),6.0,2.9,Premium Gasoline,18,25,21,425.0
46664,2024,Audi,RS 5 Sportback,Midsize Cars,All-Wheel Drive,Automatic (S8),6.0,2.9,Premium Gasoline,18,25,20,438.0
47050,2024,Audi,S4,Compact Cars,All-Wheel Drive,Automatic (S8),6.0,3.0,Premium Gasoline,21,29,24,376.0
47041,2024,Audi,S5 Cabriolet,Subcompact Cars,All-Wheel Drive,Automatic (S8),6.0,3.0,Premium Gasoline,20,27,22,397.0
47040,2024,Audi,S5 Coupe,Subcompact Cars,All-Wheel Drive,Automatic (S8),6.0,3.0,Premium Gasoline,21,29,24,376.0
47060,2024,Audi,S5 Sportback,Midsize Cars,All-Wheel Drive,Automatic (S8),6.0,3.0,Premium Gasoline,20,29,23,384.0
46702,2024,Audi,SQ5,Small Sport Utility Vehicle 4WD,All-Wheel Drive,Automatic (S8),6.0,3.0,Premium Gasoline,19,24,21,427.0
46703,2024,Audi,SQ5 Sportback,Small Sport Utility Vehicle 4WD,All-Wheel Drive,Automatic (S8),6.0,3.0,Premium Gasoline,19,24,21,427.0
47175,2024,Audi,SQ7,Standard Sport Utility Vehicle 4WD,4-Wheel Drive,Automatic (S8),8.0,4.0,Premium Gasoline,15,21,17,525.0
47178,2024,Audi,SQ8,Standard Sport Utility Vehicle 4WD,All-Wheel Drive,Automatic (S8),8.0,4.0,Premium Gasoline,15,21,17,518.0
46654,2024,BMW,228i Gran Coupe,Compact Cars,Front-Wheel Drive,Automatic (S8),4.0,2.0,Premium Gasoline,24,34,28,315.0
46653,2024,BMW,228i xDrive Gran Coupe,Compact Cars,All-Wheel Drive,Automatic (S8),4.0,2.0,Premium Gasoline,23,33,27,330.0
46641,2024,BMW,230i Coupe,Subcompact Cars,Rear-Wheel Drive,Automatic (S8),4.0,2.0,Premium Gasoline,26,35,30,296.0
46765,2024,BMW,230i xDrive Coupe,Subcompact Cars,All-Wheel Drive,Automatic (S8),4.0,2.0,Premium Gasoline,25,33,28,314.0
46656,2024,BMW,330i Sedan,Compact Cars,Rear-Wheel Drive,Automatic (S8),4.0,2.0,Premium Gasoline,25,34,29,308.0
46657,2024,BMW,330i xDrive Sedan,Compact Cars,All-Wheel Drive,Automatic (S8),4.0,2.0,Premium Gasoline,24,33,27,322.0
46468,2024,BMW,430i Convertible,Subcompact Cars,Rear-Wheel Drive,Automatic (S8),4.0,2.0,Premium Gasoline,25,34,28,312.0
46466,2024,BMW,430i Coupe,Subcompact Cars,Rear-Wheel Drive,Automatic (S8),4.0,2.0,Premium Gasoline,25,34,28,312.0
46492,2024,BMW,430i Gran Coupe,Compact Cars,Rear-Wheel Drive,Automatic (S8),4.0,2.0,Premium Gasoline,25,34,28,312.0
46469,2024,BMW,430i xDrive Convertible,Subcompact Cars,All-Wheel Drive,Automatic (S8),4.0,2.0,Premium Gasoline,23,33,27,326.0
46467,2024,BMW,430i xDrive Coupe,Subcompact Cars,All-Wheel Drive,Automatic (S8),4.0,2.0,Premium Gasoline,23,33,27,326.0
46493,2024,BMW,430i xDrive Gran Coupe,Compact Cars,All-Wheel Drive,Automatic (S8),4.0,2.0,Premium Gasoline,23,33,27,326.0
46476,2024,BMW,840i Convertible,Subcompact Cars,Rear-Wheel Drive,Automatic (S8),6.0,3.0,Premium Gasoline,21,29,24,374.0
46474,2024,BMW,840i Coupe,Subcompact Cars,Rear-Wheel Drive,Automatic (S8),6.0,3.0,Premium Gasoline,21,29,24,373.0
46494,2024,BMW,840i Gran Coupe,Midsize Cars,Rear-Wheel Drive,Automatic (S8),6.0,3.0,Premium Gasoline,21,29,24,374.0
46477,2024,BMW,840i xDrive Convertible,Subcompact Cars,All-Wheel Drive,Automatic (S8),6.0,3.0,Premium Gasoline,21,29,24,373.0
46475,2024,BMW,840i xDrive Coupe,Subcompact Cars,All-Wheel Drive,Automatic (S8),6.0,3.0,Premium Gasoline,21,29,24,373.0
46495,2024,BMW,840i xDrive Gran Coupe,Midsize Cars,All-Wheel Drive,Automatic (S8),6.0,3.0,Premium Gasoline,21,29,24,373.0
46497,2024,BMW,Alpina B8 Gran Coupe,Midsize Cars,All-Wheel Drive,Automatic (S8),8.0,4.4,Premium Gasoline,17,24,19,457.0
46643,2024,BMW,M2 Coupe,Subcompact Cars,Rear-Wheel Drive,Manual 6-spd,6.0,3.0,Premium Gasoline,16,24,19,461.0
46644,2024,BMW,M2 Coupe,Subcompact Cars,Rear-Wheel Drive,Automatic (S8),6.0,3.0,Premium Gasoline,16,23,19,472.0
46655,2024,BMW,M235i xDrive Gran Coupe,Compact Cars,All-Wheel Drive,Automatic (S8),4.0,2.0,Premium Gasoline,24,33,27,325.0
46642,2024,BMW,M240i Coupe,Subcompact Cars,Rear-Wheel Drive,Automatic (S8),6.0,3.0,Premium Gasoline,22,32,26,343.0
46766,2024,BMW,M240i xDrive Coupe,Subcompact Cars,All-Wheel Drive,Automatic (S8),6.0,3.0,Premium Gasoline,23,32,26,338.0
46567,2024,BMW,M3 CS Sedan,Compact Cars,All-Wheel Drive,Automatic (S8),6.0,3.0,Premium Gasoline,15,22,18,491.0
46660,2024,BMW,M3 Competition M xDrive Sedan,Compact Cars,All-Wheel Drive,Automatic (S8),6.0,3.0,Premium Gasoline,16,22,18,477.0
46659,2024,BMW,M3 Competition Sedan,Compact Cars,Rear-Wheel Drive,Automatic (S8),6.0,3.0,Premium Gasoline,16,23,19,470.0
46658,2024,BMW,M3 Sedan,Compact Cars,Rear-Wheel Drive,Manual 6-spd,6.0,3.0,Premium Gasoline,16,23,19,472.0
46471,2024,BMW,M4 Competition Coupe,Subcompact Cars,Rear-Wheel Drive,Automatic (S8),6.0,3.0,Premium Gasoline,16,23,19,470.0
46473,2024,BMW,M4 Competition M xDrive Convertible,Subcompact Cars,All-Wheel Drive,Automatic (S8),6.0,3.0,Premium Gasoline,16,23,18,484.0
46472,2024,BMW,M4 Competition M xDrive Coupe,Subcompact Cars,All-Wheel Drive,Automatic (S8),6.0,3.0,Premium Gasoline,16,22,18,477.0
46470,2024,BMW,M4 Coupe,Subcompact Cars,Rear-Wheel Drive,Manual 6-spd,6.0,3.0,Premium Gasoline,16,23,19,472.0
46481,2024,BMW,M8 Competition Convertible,Subcompact Cars,All-Wheel Drive,Automatic (S8),8.0,4.4,Premium Gasoline,15,22,17,517.0
46480,2024,BMW,M8 Competition Coupe,Subcompact Cars,All-Wheel Drive,Automatic (S8),8.0,4.4,Premium Gasoline,15,22,17,517.0
46498,2024,BMW,M8 Competition Gran Coupe,Midsize Cars,All-Wheel Drive,Automatic (S8),8.0,4.4,Premium Gasoline,15,22,17,517.0
46479,2024,BMW,M850i xDrive Convertible,Subcompact Cars,All-Wheel Drive,Automatic (S8),8.0,4.4,Premium Gasoline,17,24,19,457.0
46478,2024,BMW,M850i xDrive Coupe,Subcompact Cars,All-Wheel Drive,Automatic (S8),8.0,4.4,Premium Gasoline,17,24,19,457.0
46496,2024,BMW,M850i xDrive Gran Coupe,Midsize Cars,All-Wheel Drive,Automatic (S8),8.0,4.4,Premium Gasoline,17,24,19,457.0
46871,2024,BMW,X1 M35i,Small Sport Utility Vehicle 4WD,All-Wheel Drive,Automatic (AM-S7),4.0,2.0,Premium Gasoline,23,31,26,334.0
47639,2024,BMW,X1 xDrive28i,Small Sport Utility Vehicle 4WD,All-Wheel Drive,Automatic (AM-S7),4.0,2.0,Premium Gasoline,25,34,28,314.0
47641,2024,BMW,X2 M35i,Small Sport Utility Vehicle 4WD,All-Wheel Drive,Automatic (AM-S7),4.0,2.0,Premium Gasoline,23,32,26,333.0
47640,2024,BMW,X2 xDrive28i,Small Sport Utility Vehicle 4WD,All-Wheel Drive,Automatic (AM-S7),4.0,2.0,Premium Gasoline,24,33,28,318.0
46873,2024,BMW,X3 M,Small Sport Utility Vehicle 4WD,All-Wheel Drive,Automatic (S8),6.0,3.0,Premium Gasoline,15,20,17,519.0
46874,2024,BMW,X3 M Competition,Small Sport Utility Vehicle 4WD,All-Wheel Drive,Automatic (S8),6.0,3.0,Premium Gasoline,15,20,17,519.0
46687,2024,BMW,X3 sDrive30i,Small Sport Utility Vehicle 2WD,Rear-Wheel Drive,Automatic (S8),4.0,2.0,Premium Gasoline,23,29,25,352.0
46704,2024,BMW,X3 xDrive30i,Small Sport Utility Vehicle 4WD,All-Wheel Drive,Automatic (S8),4.0,2.0,Premium Gasoline,21,28,24,369.0
46876,2024,BMW,X4 M,Small Sport Utility Vehicle 4WD,All-Wheel Drive,Automatic (S8),6.0,3.0,Premium Gasoline,15,20,17,519.0
46877,2024,BMW,X4 M Competition,Small Sport Utility Vehicle 4WD,All-Wheel Drive,Automatic (S8),6.0,3.0,Premium Gasoline,15,20,17,519.0
46705,2024,BMW,X4 xDrive30i,Small Sport Utility Vehicle 4WD,All-Wheel Drive,Automatic (S8),4.0,2.0,Premium Gasoline,21,28,24,369.0
46632,2024,BMW,Z4 M40i,Two Seaters,Rear-Wheel Drive,Automatic (S8),6.0,3.0,Premium Gasoline,23,31,26,338.0
46631,2024,BMW,Z4 sDrive30i,Two Seaters,Rear-Wheel Drive,Automatic (S8),4.0,2.0,Premium Gasoline,25,33,28,312.0
47675,2024,Bentley,Bentayga,Standard Sport Utility Vehicle 4WD,All-Wheel Drive,Automatic (S8),8.0,4.0,Premium Gasoline,14,21,16,553.0
47676,2024,Bentley,Bentayga EWB,Standard Sport Utility Vehicle 4WD,All-Wheel Drive,Automatic (S8),8.0,4.0,Premium Gasoline,14,21,16,553.0
47316,2024,Bentley,Continental GT,Subcompact Cars,All-Wheel Drive,Automatic (AM-S8),12.0,6.0,Premium Gasoline,12,20,15,591.0
47317,2024,Bentley,Continental GT,Subcompact Cars,All-Wheel Drive,Automatic (AM-S8),8.0,4.0,Premium Gasoline,14,22,17,519.0
47232,2024,Bentley,Continental GTC,Minicompact Cars,All-Wheel Drive,Automatic (AM-S8),12.0,6.0,Premium Gasoline,12,19,14,624.0
47289,2024,Bentley,Continental GTC,Minicompact Cars,All-Wheel Drive,Automatic (AM-S8),8.0,4.0,Premium Gasoline,14,21,16,542.0
47238,2024,Bentley,Flying Spur,Midsize Cars,All-Wheel Drive,Automatic (AM-S8),12.0,6.0,Premium Gasoline,12,19,15,608.0
47347,2024,Bentley,Flying Spur,Midsize Cars,All-Wheel Drive,Automatic (AM-S8),8.0,4.0,Premium Gasoline,15,20,17,535.0
47006,2024,Bugatti,Chiron Super Sport,Two Seaters,All-Wheel Drive,Automatic (AM-S7),16.0,8.0,Premium Gasoline,8,11,9,979.0
46745,2024,Buick,Enclave AWD,Standard Sport Utility Vehicle 4WD,All-Wheel Drive,Automatic 9-spd,6.0,3.6,Regular Gasoline,17,25,20,450.0
46740,2024,Buick,Enclave FWD,Standard Sport Utility Vehicle 2WD,Front-Wheel Drive,Automatic 9-spd,6.0,3.6,Regular Gasoline,18,26,21,433.0
46534,2024,Buick,Encore GX AWD,Small Sport Utility Vehicle 4WD,All-Wheel Drive,Automatic 9-spd,3.0,1.3,Regular Gasoline,26,28,27,333.0
46532,2024,Buick,Encore GX FWD,Small Sport Utility Vehicle 2WD,Front-Wheel Drive,Automatic (variable gear ratios),3.0,1.3,Regular Gasoline,29,31,30,297.0
46581,2024,Buick,Encore GX FWD,Small Sport Utility Vehicle 2WD,Front-Wheel Drive,Automatic (variable gear ratios),3.0,1.2,Regular Gasoline,30,31,30,297.0
48463,2024,Buick,Envision AWD,Small Sport Utility Vehicle 4WD,All-Wheel Drive,Automatic (S9),4.0,2.0,Regular Gasoline,22,28,24,371.0
46679,2024,Buick,Envista,Small Station Wagons,Front-Wheel Drive,Automatic 6-spd,3.0,1.2,Regular Gasoline,28,32,30,296.0
46770,2024,Cadillac,CT4,Compact Cars,Rear-Wheel Drive,Automatic (S10),4.0,2.7,Premium Gasoline,21,31,25,356.0
46771,2024,Cadillac,CT4,Compact Cars,Rear-Wheel Drive,Automatic (S8),4.0,2.0,Premium Gasoline,22,32,26,345.0
46772,2024,Cadillac,CT4 AWD,Compact Cars,All-Wheel Drive,Automatic (S8),4.0,2.0,Premium Gasoline,21,31,25,357.0
46775,2024,Cadillac,CT4 AWD,Compact Cars,All-Wheel Drive,Automatic (S10),4.0,2.7,Premium Gasoline,21,29,24,371.0
46773,2024,Cadillac,CT4 V,Compact Cars,Rear-Wheel Drive,Automatic (S10),6.0,3.6,Premium Gasoline,16,24,19,478.0
46774,2024,Cadillac,CT4 V,Compact Cars,Rear-Wheel Drive,Manual 6-spd,6.0,3.6,Premium Gasoline,15,23,18,488.0
46777,2024,Cadillac,CT4 V,Compact Cars,Rear-Wheel Drive,Automatic (S10),4.0,2.7,Premium Gasoline,20,29,23,384.0
46776,2024,Cadillac,CT4 V AWD,Compact Cars,All-Wheel Drive,Automatic (S10),4.0,2.7,Premium Gasoline,20,28,23,387.0
46786,2024,Cadillac,CT5,Midsize Cars,Rear-Wheel Drive,Automatic (S10),6.0,3.0,Premium Gasoline,19,27,22,406.0
46789,2024,Cadillac,CT5,Midsize Cars,Rear-Wheel Drive,Automatic (S10),4.0,2.0,Premium Gasoline,23,33,27,333.0
46784,2024,Cadillac,CT5 AWD,Midsize Cars,All-Wheel Drive,Automatic (S10),6.0,3.0,Premium Gasoline,18,26,21,419.0
46790,2024,Cadillac,CT5 AWD,Midsize Cars,All-Wheel Drive,Automatic (S10),4.0,2.0,Premium Gasoline,22,30,25,358.0
46787,2024,Cadillac,CT5 V,Midsize Cars,Rear-Wheel Drive,Automatic (S10),6.0,3.0,Premium Gasoline,18,27,21,423.0
46788,2024,Cadillac,CT5 V,Midsize Cars,Rear-Wheel Drive,Manual 6-spd,8.0,6.2,Premium Gasoline,13,21,15,592.0
46791,2024,Cadillac,CT5 V,Midsize Cars,Rear-Wheel Drive,Automatic (S10),8.0,6.2,Premium Gasoline,13,21,16,558.0
46785,2024,Cadillac,CT5 V AWD,Midsize Cars,All-Wheel Drive,Automatic (S10),6.0,3.0,Premium Gasoline,18,26,21,419.0
47394,2024,Cadillac,Escalade 2WD,Standard Sport Utility Vehicle 2WD,Rear-Wheel Drive,Automatic 10-spd,8.0,6.2,Premium Gasoline,14,19,16,555.0
47415,2024,Cadillac,Escalade 4WD,Standard Sport Utility Vehicle 4WD,4-Wheel Drive,Automatic 10-spd,8.0,6.2,Premium Gasoline,14,18,16,564.0
47179,2024,Cadillac,Escalade V AWD,Standard Sport Utility Vehicle 4WD,4-Wheel Drive,Automatic (S10),8.0,6.2,Premium Gasoline,11,16,13,682.0
46583,2024,Cadillac,XT4 AWD,Small Sport Utility Vehicle 4WD,All-Wheel Drive,Automatic (S9),4.0,2.0,Premium Gasoline,23,28,25,360.0
46582,2024,Cadillac,XT4 FWD,Small Sport Utility Vehicle 2WD,Front-Wheel Drive,Automatic (S9),4.0,2.0,Premium Gasoline,24,29,26,343.0
46706,2024,Cadillac,XT5 AWD,Small Sport Utility Vehicle 4WD,All-Wheel Drive,Automatic (S9),4.0,2.0,Premium Gasoline,21,27,23,386.0
46708,2024,Cadillac,XT5 AWD,Small Sport Utility Vehicle 4WD,All-Wheel Drive,Automatic (S9),6.0,3.6,Regular Gasoline,18,26,21,424.0
46688,2024,Cadillac,XT5 FWD,Small Sport Utility Vehicle 2WD,Front-Wheel Drive,Automatic (S9),4.0,2.0,Premium Gasoline,22,29,24,370.0
46690,2024,Cadillac,XT5 FWD,Small Sport Utility Vehicle 2WD,Front-Wheel Drive,Automatic (S9),6.0,3.6,Regular Gasoline,19,26,21,418.0
46685,2024,Cadillac,XT5 Hearse AWD,Special Purpose Vehicle 4WD,All-Wheel Drive,Automatic (S9),4.0,2.0,Premium Gasoline,20,23,21,425.0
46683,2024,Cadillac,XT5 Hearse FWD,Special Purpose Vehicle 2WD,Front-Wheel Drive,Automatic (S9),4.0,2.0,Premium Gasoline,20,23,21,425.0
46686,2024,Cadillac,XT5 Limo AWD,Special Purpose Vehicle 4WD,All-Wheel Drive,Automatic (S9),4.0,2.0,Premium Gasoline,20,23,21,425.0
46684,2024,Cadillac,XT5 Limo FWD,Special Purpose Vehicle 2WD,Front-Wheel Drive,Automatic (S9),4.0,2.0,Premium Gasoline,20,23,21,425.0
46707,2024,Cadillac,XT6 AWD,Small Sport Utility Vehicle 4WD,All-Wheel Drive,Automatic (S9),4.0,2.0,Premium Gasoline,21,26,23,386.0
46709,2024,Cadillac,XT6 AWD,Small Sport Utility Vehicle 4WD,All-Wheel Drive,Automatic (S9),6.0,3.6,Regular Gasoline,18,25,21,433.0
46689,2024,Cadillac,XT6 FWD,Small Sport Utility Vehicle 2WD,Front-Wheel Drive,Automatic (S9),4.0,2.0,Premium Gasoline,21,27,23,386.0
46691,2024,Cadillac,XT6 FWD,Small Sport Utility Vehicle 2WD,Front-Wheel Drive,Automatic (S9),6.0,3.6,Regular Gasoline,19,26,21,418.0
46878,2024,Chevrolet,Blazer AWD,Small Sport Utility Vehicle 4WD,All-Wheel Drive,Automatic 9-spd,4.0,2.0,Regular Gasoline,22,27,24,368.0
46879,2024,Chevrolet,Blazer AWD,Small Sport Utility Vehicle 4WD,All-Wheel Drive,Automatic 9-spd,6.0,3.6,Regular Gasoline,18,26,21,422.0
46861,2024,Chevrolet,Blazer FWD,Small Sport Utility Vehicle 2WD,Front-Wheel Drive,Automatic 9-spd,4.0,2.0,Regular Gasoline,22,29,25,358.0
46862,2024,Chevrolet,Blazer FWD,Small Sport Utility Vehicle 2WD,Front-Wheel Drive,Automatic 9-spd,6.0,3.6,Regular Gasoline,19,26,22,411.0
47042,2024,Chevrolet,Camaro,Subcompact Cars,Rear-Wheel Drive,Manual 6-spd,6.0,3.6,Regular Gasoline,16,26,20,451.0
47043,2024,Chevrolet,Camaro,Subcompact Cars,Rear-Wheel Drive,Automatic (S10),8.0,6.2,Premium Gasoline,13,21,16,571.0
47044,2024,Chevrolet,Camaro,Subcompact Cars,Rear-Wheel Drive,Manual 6-spd,8.0,6.2,Premium Gasoline,14,20,16,561.0
47045,2024,Chevrolet,Camaro,Subcompact Cars,Rear-Wheel Drive,Automatic (S10),8.0,6.2,Premium Gasoline,16,26,20,452.0
47046,2024,Chevrolet,Camaro,Subcompact Cars,Rear-Wheel Drive,Manual 6-spd,8.0,6.2,Premium Gasoline,16,24,19,477.0
47047,2024,Chevrolet,Camaro,Subcompact Cars,Rear-Wheel Drive,Automatic (S10),6.0,3.6,Regular Gasoline,18,29,22,407.0
47587,2024,Chevrolet,Colorado 2WD,Small Pickup Trucks 2WD,Rear-Wheel Drive,Automatic 8-spd,4.0,2.7,Regular Gasoline,20,24,22,412.0
48576,2024,Chevrolet,Colorado 2WD,Small Pickup Trucks 2WD,Rear-Wheel Drive,Automatic 8-spd,4.0,2.7,Regular Gasoline,19,24,21,420.0
47594,2024,Chevrolet,Colorado 4WD,Small Pickup Trucks 4WD,4-Wheel Drive,Automatic 8-spd,4.0,2.7,Regular Gasoline,18,22,20,447.0
48577,2024,Chevrolet,Colorado 4WD,Small Pickup Trucks 4WD,4-Wheel Drive,Automatic 8-spd,4.0,2.7,Regular Gasoline,18,23,20,446.0
47592,2024,Chevrolet,Colorado Mud Terrain Tires 4WD,Small Pickup Trucks 4WD,4-Wheel Drive,Automatic 8-spd,4.0,2.7,Regular Gasoline,17,20,18,494.0
47593,2024,Chevrolet,Colorado ZR2 4WD,Small Pickup Trucks 4WD,4-Wheel Drive,Automatic 8-spd,4.0,2.7,Regular Gasoline,17,17,17,527.0
47591,2024,Chevrolet,Colorado ZR2 Bison 4WD,Small Pickup Trucks 4WD,4-Wheel Drive,Automatic 8-spd,4.0,2.7,Regular Gasoline,16,16,16,564.0
47007,2024,Chevrolet,Corvette,Two Seaters,Rear-Wheel Drive,Automatic (S8),8.0,6.2,Premium Gasoline,16,25,19,472.0
46759,2024,Chevrolet,Corvette Z06,Two Seaters,Rear-Wheel Drive,Automatic (S8),8.0,5.5,Premium Gasoline,12,21,15,597.0
46760,2024,Chevrolet,Corvette Z06 Carbon Aero,Two Seaters,Rear-Wheel Drive,Automatic (S8),8.0,5.5,Premium Gasoline,12,19,14,631.0
46597,2024,Chevrolet,Equinox AWD,Small Sport Utility Vehicle 4WD,All-Wheel Drive,Automatic 6-spd,4.0,1.5,Regular Gasoline,24,30,26,339.0
46591,2024,Chevrolet,Equinox FWD,Small Sport Utility Vehicle 2WD,Front-Wheel Drive,Automatic 6-spd,4.0,1.5,Regular Gasoline,26,31,28,310.0
48456,2024,Chevrolet,Malibu,Midsize Cars,Front-Wheel Drive,Automatic (variable gear ratios),4.0,1.5,Regular Gasoline,28,36,31,282.0
46812,2024,Chevrolet,Silverado 2WD,Standard Pickup Trucks 2WD,Rear-Wheel Drive,Automatic 10-spd,8.0,5.3,Regular Gasoline,15,19,16,546.0
46813,2024,Chevrolet,Silverado 2WD,Standard Pickup Trucks 2WD,Rear-Wheel Drive,Automatic 10-spd,8.0,5.3,Regular Gasoline,16,21,18,490.0
46814,2024,Chevrolet,Silverado 2WD,Standard Pickup Trucks 2WD,Rear-Wheel Drive,Automatic 10-spd,8.0,5.3,Regular Gasoline,16,22,18,489.0
47112,2024,Chevrolet,Silverado 2WD,Standard Pickup Trucks 2WD,Rear-Wheel Drive,Automatic 8-spd,4.0,2.7,Regular Gasoline,18,22,20,453.0
47113,2024,Chevrolet,Silverado 2WD,Standard Pickup Trucks 2WD,Rear-Wheel Drive,Automatic 8-spd,4.0,2.7,Regular Gasoline,17,21,19,470.0
46825,2024,Chevrolet,Silverado 4WD,Standard Pickup Trucks 4WD,4-Wheel Drive,Automatic 10-spd,8.0,6.2,Premium Gasoline,15,20,17,527.0
46828,2024,Chevrolet,Silverado 4WD,Standard Pickup Trucks 4WD,4-Wheel Drive,Automatic 10-spd,8.0,5.3,Regular Gasoline,15,19,16,546.0
46830,2024,Chevrolet,Silverado 4WD,Standard Pickup Trucks 4WD,4-Wheel Drive,Automatic 10-spd,8.0,5.3,Regular Gasoline,15,19,17,535.0
46832,2024,Chevrolet,Silverado 4WD,Standard Pickup Trucks 4WD,4-Wheel Drive,Automatic 10-spd,8.0,5.3,Regular Gasoline,15,20,17,517.0
47121,2024,Chevrolet,Silverado 4WD,Standard Pickup Trucks 4WD,4-Wheel Drive,Automatic 8-spd,4.0,2.7,Regular Gasoline,17,19,18,506.0
47122,2024,Chevrolet,Silverado 4WD,Standard Pickup Trucks 4WD,4-Wheel Drive,Automatic 8-spd,4.0,2.7,Regular Gasoline,18,21,19,468.0
46827,2024,Chevrolet,Silverado 4WD ZR2,Standard Pickup Trucks 4WD,4-Wheel Drive,Automatic 10-spd,8.0,6.2,Premium Gasoline,14,17,15,591.0
46856,2024,Chevrolet,Silverado Cab Chassis 2WD,Special Purpose Vehicle 2WD,Rear-Wheel Drive,Automatic 10-spd,8.0,5.3,Regular Gasoline,15,18,16,545.0
46857,2024,Chevrolet,Silverado Cab Chassis 4WD,Special Purpose Vehicle 4WD,4-Wheel Drive,Automatic 10-spd,8.0,5.3,Regular Gasoline,14,17,15,577.0
46826,2024,Chevrolet,Silverado Mud Terrain Tires 4WD,Standard Pickup Trucks 4WD,4-Wheel Drive,Automatic 10-spd,8.0,6.2,Premium Gasoline,14,17,15,590.0
46829,2024,Chevrolet,Silverado Mud Terrain Tires 4WD,Standard Pickup Trucks 4WD,4-Wheel Drive,Automatic 10-spd,8.0,5.3,Regular Gasoline,15,19,16,546.0
46831,2024,Chevrolet,Silverado Mud Terrain Tires 4WD,Standard Pickup Trucks 4WD,4-Wheel Drive,Automatic 10-spd,8.0,5.3,Regular Gasoline,15,18,16,555.0
46833,2024,Chevrolet,Silverado Mud Terrain Tires 4WD,Standard Pickup Trucks 4WD,4-Wheel Drive,Automatic 10-spd,8.0,5.3,Regular Gasoline,15,18,16,545.0
47120,2024,Chevrolet,Silverado Mud Terrain Tires 4WD,Standard Pickup Trucks 4WD,4-Wheel Drive,Automatic 8-spd,4.0,2.7,Regular Gasoline,16,17,17,534.0
47123,2024,Chevrolet,Silverado Mud Terrain Tires 4WD,Standard Pickup Trucks 4WD,4-Wheel Drive,Automatic 8-spd,4.0,2.7,Regular Gasoline,16,17,16,542.0
47397,2024,Chevrolet,Suburban 2WD,Standard Sport Utility Vehicle 2WD,Rear-Wheel Drive,Automatic 10-spd,8.0,5.3,Regular Gasoline,15,20,17,527.0
47399,2024,Chevrolet,Suburban 2WD,Standard Sport Utility Vehicle 2WD,Rear-Wheel Drive,Automatic 10-spd,8.0,6.2,Premium Gasoline,14,20,16,555.0
47418,2024,Chevrolet,Suburban 4WD,Standard Sport Utility Vehicle 4WD,4-Wheel Drive,Automatic 10-spd,8.0,5.3,Regular Gasoline,15,18,16,557.0
47421,2024,Chevrolet,Suburban 4WD,Standard Sport Utility Vehicle 4WD,4-Wheel Drive,Automatic 10-spd,8.0,6.2,Premium Gasoline,14,18,16,564.0
47396,2024,Chevrolet,Tahoe 2WD,Standard Sport Utility Vehicle 2WD,Rear-Wheel Drive,Automatic 10-spd,8.0,5.3,Regular Gasoline,15,20,17,527.0
47398,2024,Chevrolet,Tahoe 2WD,Standard Sport Utility Vehicle 2WD,Rear-Wheel Drive,Automatic 10-spd,8.0,6.2,Premium Gasoline,14,20,16,555.0
47417,2024,Chevrolet,Tahoe 4WD,Standard Sport Utility Vehicle 4WD,4-Wheel Drive,Automatic 10-spd,8.0,5.3,Regular Gasoline,15,20,17,527.0
47419,2024,Chevrolet,Tahoe 4WD,Standard Sport Utility Vehicle 4WD,4-Wheel Drive,Automatic 10-spd,8.0,5.3,Regular Gasoline,14,18,16,566.0
47420,2024,Chevrolet,Tahoe 4WD,Standard Sport Utility Vehicle 4WD,4-Wheel Drive,Automatic 10-spd,8.0,6.2,Premium Gasoline,14,18,16,564.0
46710,2024,Chevrolet,Trailblazer AWD,Small Sport Utility Vehicle 4WD,All-Wheel Drive,Automatic 9-spd,3.0,1.3,Regular Gasoline,26,29,27,329.0
46692,2024,Chevrolet,Trailblazer FWD,Small Sport Utility Vehicle 2WD,Front-Wheel Drive,Automatic (variable gear ratios),3.0,1.3,Regular Gasoline,29,33,31,290.0
48467,2024,Chevrolet,Traverse AWD,Standard Sport Utility Vehicle 4WD,All-Wheel Drive,Automatic 8-spd,4.0,2.5,Regular Gasoline,19,24,21,423.0
48465,2024,Chevrolet,Traverse FWD,Standard Sport Utility Vehicle 2WD,Front-Wheel Drive,Automatic 8-spd,4.0,2.5,Regular Gasoline,20,27,23,387.0
47677,2024,Chevrolet,Traverse Limited AWD,Standard Sport Utility Vehicle 4WD,All-Wheel Drive,Automatic 9-spd,6.0,3.6,Regular Gasoline,17,25,20,450.0
47670,2024,Chevrolet,Traverse Limited FWD,Standard Sport Utility Vehicle 2WD,Front-Wheel Drive,Automatic 9-spd,6.0,3.6,Regular Gasoline,18,26,21,433.0
46450,2024,Chevrolet,Trax,Small Station Wagons,Front-Wheel Drive,Automatic 6-spd,3.0,1.2,Regular Gasoline,28,32,30,298.0
47133,2024,Chrysler,Pacifica,Minivan - 2WD,Front-Wheel Drive,Automatic 9-spd,6.0,3.6,Regular Gasoline,19,28,22,401.0
47253,2024,Chrysler,Pacifica AWD,Minivan - 4WD,All-Wheel Drive,Automatic 9-spd,6.0,3.6,Regular Gasoline,17,25,20,450.0
47134,2024,Chrysler,Voyager,Minivan - 2WD,Front-Wheel Drive,Automatic 9-spd,6.0,3.6,Regular Gasoline,19,28,22,401.0
47424,2024,Dodge,Durango AWD,Standard Sport Utility Vehicle 4WD,All-Wheel Drive,Automatic 8-spd,6.0,3.6,Regular Gasoline,18,25,21,430.0
47425,2024,Dodge,Durango AWD,Standard Sport Utility Vehicle 4WD,All-Wheel Drive,Automatic 8-spd,8.0,5.7,Midgrade Gasoline,14,22,17,533.0
47402,2024,Dodge,Durango RWD,Standard Sport Utility Vehicle 2WD,Rear-Wheel Drive,Automatic 8-spd,6.0,3.6,Regular Gasoline,19,26,21,416.0
47403,2024,Dodge,Durango RWD,Standard Sport Utility Vehicle 2WD,Rear-Wheel Drive,Automatic 8-spd,8.0,5.7,Midgrade Gasoline,14,22,17,525.0
47426,2024,Dodge,Durango SRT AWD,Standard Sport Utility Vehicle 4WD,All-Wheel Drive,Automatic 8-spd,8.0,6.2,Premium Gasoline,12,17,13,659.0
47427,2024,Dodge,Durango SRT AWD,Standard Sport Utility Vehicle 4WD,All-Wheel Drive,Automatic 8-spd,8.0,6.4,Premium Gasoline,13,19,15,584.0
46711,2024,Dodge,Hornet AWD,Small Sport Utility Vehicle 4WD,All-Wheel Drive,Automatic 9-spd,4.0,2.0,Regular Gasoline,21,29,24,371.0
47008,2024,Ferrari,812 Competizione,Two Seaters,Rear-Wheel Drive,Automatic (AM7),12.0,6.5,Premium Gasoline,12,16,14,652.0
47009,2024,Ferrari,812 Competizione A,Two Seaters,Rear-Wheel Drive,Automatic (AM7),12.0,6.5,Premium Gasoline,12,16,14,648.0
47010,2024,Ferrari,Daytona SP3,Two Seaters,Rear-Wheel Drive,Automatic (AM7),12.0,6.5,Premium Gasoline,12,16,13,660.0
47264,2024,Ferrari,Purosangue,Standard Sport Utility Vehicle 4WD,All-Wheel Drive,Automatic (AM8),12.0,6.5,Premium Gasoline,11,15,12,711.0
47048,2024,Ferrari,Roma,Subcompact Cars,Rear-Wheel Drive,Automatic (AM8),8.0,3.9,Premium Gasoline,17,22,19,472.0
47233,2024,Ferrari,Roma Spider,Minicompact Cars,Rear-Wheel Drive,Automatic (AM8),8.0,3.9,Premium Gasoline,17,22,19,467.0
47644,2024,Ford,Bronco 4WD,Small Sport Utility Vehicle 4WD,Part-time 4-Wheel Drive,Manual 7-spd,4.0,2.3,Regular Gasoline,20,21,20,438.0
47645,2024,Ford,Bronco 4WD,Small Sport Utility Vehicle 4WD,Part-time 4-Wheel Drive,Automatic (S10),4.0,2.3,Regular Gasoline,20,21,20,444.0
47651,2024,Ford,Bronco 4WD,Small Sport Utility Vehicle 4WD,Part-time 4-Wheel Drive,Automatic (S10),6.0,2.7,Regular Gasoline,19,21,20,452.0
47646,2024,Ford,Bronco Badlands 4WD,Small Sport Utility Vehicle 4WD,Part-time 4-Wheel Drive,Manual 7-spd,4.0,2.3,Regular Gasoline,16,18,17,526.0
47652,2024,Ford,Bronco Badlands 4WD,Small Sport Utility Vehicle 4WD,Part-time 4-Wheel Drive,Automatic (S10),6.0,2.7,Regular Gasoline,17,17,17,523.0
47647,2024,Ford,Bronco Black Diamond 4WD,Small Sport Utility Vehicle 4WD,Part-time 4-Wheel Drive,Manual 7-spd,4.0,2.3,Regular Gasoline,16,18,17,523.0
47648,2024,Ford,Bronco Black Diamond 4WD,Small Sport Utility Vehicle 4WD,Part-time 4-Wheel Drive,Automatic (S10),4.0,2.3,Regular Gasoline,18,18,18,494.0
47653,2024,Ford,Bronco Black Diamond 4WD,Small Sport Utility Vehicle 4WD,Part-time 4-Wheel Drive,Automatic (S10),6.0,2.7,Regular Gasoline,18,18,18,495.0
47682,2024,Ford,Bronco Raptor 4WD,Standard Sport Utility Vehicle 4WD,Part-time 4-Wheel Drive,Automatic (S10),6.0,3.0,Regular Gasoline,15,16,15,577.0
47649,2024,Ford,Bronco Sasquatch 4WD,Small Sport Utility Vehicle 4WD,Part-time 4-Wheel Drive,Manual 7-spd,4.0,2.3,Regular Gasoline,16,18,17,523.0
47650,2024,Ford,Bronco Sasquatch 4WD,Small Sport Utility Vehicle 4WD,Part-time 4-Wheel Drive,Automatic (S10),4.0,2.3,Regular Gasoline,18,17,18,494.0
47654,2024,Ford,Bronco Sasquatch 4WD,Small Sport Utility Vehicle 4WD,Part-time 4-Wheel Drive,Automatic (S10),6.0,2.7,Regular Gasoline,17,17,17,522.0
47375,2024,Ford,Bronco Sport 4WD,Small Sport Utility Vehicle 4WD,All-Wheel Drive,Automatic 8-spd,3.0,1.5,Regular Gasoline,25,29,26,342.0
47376,2024,Ford,Bronco Sport 4WD,Small Sport Utility Vehicle 4WD,Part-time 4-Wheel Drive,Automatic (S8),4.0,2.0,Regular Gasoline,21,26,23,386.0
46880,2024,Ford,Edge AWD,Small Sport Utility Vehicle 4WD,All-Wheel Drive,Automatic (S8),6.0,2.7,Regular Gasoline,19,25,21,418.0
46881,2024,Ford,Edge AWD,Small Sport Utility Vehicle 4WD,All-Wheel Drive,Automatic (S8),4.0,2.0,Regular Gasoline,21,28,23,380.0
46882,2024,Ford,Edge AWD,Small Sport Utility Vehicle 4WD,All-Wheel Drive,Automatic 8-spd,4.0,2.0,Regular Gasoline,21,28,23,380.0
47642,2024,Ford,Escape AWD,Small Sport Utility Vehicle 4WD,All-Wheel Drive,Automatic 8-spd,3.0,1.5,Regular Gasoline,26,32,28,317.0
47655,2024,Ford,Escape AWD,Small Sport Utility Vehicle 4WD,All-Wheel Drive,Automatic 8-spd,4.0,2.0,Regular Gasoline,23,31,26,341.0
47627,2024,Ford,Escape FWD,Small Sport Utility Vehicle 2WD,Front-Wheel Drive,Automatic 8-spd,3.0,1.5,Regular Gasoline,27,34,30,299.0
47167,2024,Ford,Expedition 2WD,Standard Sport Utility Vehicle 2WD,Rear-Wheel Drive,Automatic (S10),6.0,3.5,Regular Gasoline,17,23,19,462.0
47180,2024,Ford,Expedition 4WD,Standard Sport Utility Vehicle 4WD,Part-time 4-Wheel Drive,Automatic (S10),6.0,3.5,Regular Gasoline,16,22,18,485.0
47181,2024,Ford,Expedition Timberline AWD,Standard Sport Utility Vehicle 4WD,Part-time 4-Wheel Drive,Automatic (S10),6.0,3.5,Regular Gasoline,16,19,17,523.0
47678,2024,Ford,Explorer AWD,Standard Sport Utility Vehicle 4WD,Part-time 4-Wheel Drive,Automatic 10-spd,4.0,2.3,Regular Gasoline,20,27,23,387.0
47679,2024,Ford,Explorer AWD,Standard Sport Utility Vehicle 4WD,Part-time 4-Wheel Drive,Automatic 10-spd,6.0,3.0,Regular Gasoline,18,24,20,444.0
47680,2024,Ford,Explorer AWD,Standard Sport Utility Vehicle 4WD,Part-time 4-Wheel Drive,Automatic (S10),6.0,3.0,Regular Gasoline,18,24,20,445.0
47671,2024,Ford,Explorer RWD,Standard Sport Utility Vehicle 2WD,Rear-Wheel Drive,Automatic 10-spd,4.0,2.3,Regular Gasoline,21,28,24,370.0
47672,2024,Ford,Explorer RWD,Standard Sport Utility Vehicle 2WD,Rear-Wheel Drive,Automatic 10-spd,6.0,3.0,Regular Gasoline,18,26,21,426.0
47673,2024,Ford,Explorer RWD,Standard Sport Utility Vehicle 2WD,Rear-Wheel Drive,Automatic (S10),6.0,3.0,Regular Gasoline,18,25,20,437.0
47681,2024,Ford,Explorer Timberline AWD,Standard Sport Utility Vehicle 4WD,Part-time 4-Wheel Drive,Automatic (S10),4.0,2.3,Regular Gasoline,19,22,21,433.0
47603,2024,Ford,F150 Pickup 2WD,Standard Pickup Trucks 2WD,Rear-Wheel Drive,Automatic (S10),8.0,5.0,Regular Gasoline,16,24,19,468.0
47604,2024,Ford,F150 Pickup 2WD,Standard Pickup Trucks 2WD,Rear-Wheel Drive,Automatic (S10),6.0,3.5,Regular Gasoline,17,25,20,455.0
47605,2024,Ford,F150 Pickup 2WD,Standard Pickup Trucks 2WD,Rear-Wheel Drive,Automatic (S10),6.0,2.7,Regular Gasoline,19,25,21,425.0
47611,2024,Ford,F150 Pickup 4WD,Standard Pickup Trucks 4WD,Part-time 4-Wheel Drive,Automatic (S10),6.0,2.7,Regular Gasoline,18,23,20,444.0
47614,2024,Ford,F150 Pickup 4WD,Standard Pickup Trucks 4WD,Part-time 4-Wheel Drive,Automatic (S10),8.0,5.0,Regular Gasoline,16,24,19,472.0
47616,2024,Ford,F150 Pickup 4WD,Standard Pickup Trucks 4WD,Part-time 4-Wheel Drive,Automatic (S10),6.0,3.5,Regular Gasoline,16,24,19,467.0
48458,2024,Ford,F150 Pickup Tremor 4WD,Standard Pickup Trucks 4WD,Part-time 4-Wheel Drive,Automatic (S10),6.0,3.5,Regular Gasoline,16,21,18,494.0
48459,2024,Ford,F150 Pickup Tremor 4WD,Standard Pickup Trucks 4WD,Part-time 4-Wheel Drive,Automatic (S10),8.0,5.0,Regular Gasoline,15,20,17,523.0
47615,2024,Ford,F150 RAPTOR 4WD,Standard Pickup Trucks 4WD,Part-time 4-Wheel Drive,Automatic (S10),6.0,3.5,Regular Gasoline,14,18,16,555.0
47617,2024,Ford,F150 RAPTOR R 4WD,Standard Pickup Trucks 4WD,Part-time 4-Wheel Drive,Automatic (S10),8.0,5.2,Regular Gasoline,10,15,12,741.0
47366,2024,Ford,Maverick AWD,Small Pickup Trucks 4WD,All-Wheel Drive,Automatic 8-spd,4.0,2.0,Regular Gasoline,22,29,25,356.0
47363,2024,Ford,Maverick FWD,Small Pickup Trucks 2WD,Front-Wheel Drive,Automatic 8-spd,4.0,2.0,Regular Gasoline,23,30,26,342.0
47367,2024,Ford,Maverick Tremor AWD,Small Pickup Trucks 4WD,All-Wheel Drive,Automatic 8-spd,4.0,2.0,Regular Gasoline,20,24,21,414.0
46646,2024,Ford,Mustang,Subcompact Cars,Rear-Wheel Drive,Automatic 10-spd,4.0,2.3,Regular Gasoline,22,33,26,341.0
46647,2024,Ford,Mustang,Subcompact Cars,Rear-Wheel Drive,Manual 6-spd,8.0,5.0,Regular Gasoline,14,23,17,515.0
46648,2024,Ford,Mustang,Subcompact Cars,Rear-Wheel Drive,Automatic (S10),8.0,5.0,Regular Gasoline,15,24,18,492.0
47558,2024,Ford,Mustang,Subcompact Cars,Rear-Wheel Drive,Manual 6-spd,8.0,5.0,Regular Gasoline,15,23,18,494.0
47559,2024,Ford,Mustang,Subcompact Cars,Rear-Wheel Drive,Automatic (S10),8.0,5.0,Regular Gasoline,16,24,19,467.0
46649,2024,Ford,Mustang Dark Horse,Subcompact Cars,Rear-Wheel Drive,Manual 6-spd,8.0,5.0,Regular Gasoline,14,22,17,535.0
46767,2024,Ford,Mustang Dark Horse,Subcompact Cars,Rear-Wheel Drive,Automatic (S10),8.0,5.0,Regular Gasoline,14,22,17,524.0
46645,2024,Ford,Mustang Performance Package,Subcompact Cars,Rear-Wheel Drive,Automatic (S10),4.0,2.3,Regular Gasoline,21,29,24,368.0
47368,2024,Ford,Ranger 2WD,Standard Pickup Trucks 2WD,Rear-Wheel Drive,Automatic (S10),4.0,2.3,Regular Gasoline,21,25,22,402.0
47370,2024,Ford,Ranger 4WD,Standard Pickup Trucks 4WD,Part-time 4-Wheel Drive,Automatic (S10),4.0,2.3,Regular Gasoline,20,24,22,402.0
47613,2024,Ford,Ranger 4WD,Standard Pickup Trucks 4WD,Part-time 4-Wheel Drive,Automatic (S10),6.0,2.7,Regular Gasoline,19,23,20,445.0
47371,2024,Ford,Ranger RAPTOR 4WD,Standard Pickup Trucks 4WD,Part-time 4-Wheel Drive,Automatic (S10),6.0,3.0,Regular Gasoline,16,18,17,525.0
48468,2024,GMC,Acadia AWD,Standard Sport Utility Vehicle 4WD,All-Wheel Drive,Automatic 8-spd,4.0,2.5,Regular Gasoline,19,24,21,423.0
48466,2024,GMC,Acadia FWD,Standard Sport Utility Vehicle 2WD,Front-Wheel Drive,Automatic 8-spd,4.0,2.5,Regular Gasoline,20,27,23,387.0
47365,2024,GMC,Canyon 2WD,Small Pickup Trucks 2WD,Rear-Wheel Drive,Automatic 8-spd,4.0,2.7,Regular Gasoline,19,23,20,443.0
47111,2024,GMC,Canyon 4WD,Small Pickup Trucks 4WD,4-Wheel Drive,Automatic 8-spd,4.0,2.7,Regular Gasoline,18,22,19,468.0
47597,2024,GMC,Canyon AT4X 4WD,Small Pickup Trucks 4WD,4-Wheel Drive,Automatic 8-spd,4.0,2.7,Regular Gasoline,17,17,17,527.0
47595,2024,GMC,Canyon AT4X AEV 4WD,Small Pickup Trucks 4WD,4-Wheel Drive,Automatic 8-spd,4.0,2.7,Regular Gasoline,16,16,16,564.0
47596,2024,GMC,Canyon Mud Terrain Tires 4WD,Small Pickup Trucks 4WD,4-Wheel Drive,Automatic 8-spd,4.0,2.7,Regular Gasoline,17,20,18,494.0
46817,2024,GMC,Sierra 2WD,Standard Pickup Trucks 2WD,Rear-Wheel Drive,Automatic 10-spd,8.0,5.3,Regular Gasoline,15,19,16,546.0
46818,2024,GMC,Sierra 2WD,Standard Pickup Trucks 2WD,Rear-Wheel Drive,Automatic 10-spd,8.0,5.3,Regular Gasoline,16,20,18,506.0
46819,2024,GMC,Sierra 2WD,Standard Pickup Trucks 2WD,Rear-Wheel Drive,Automatic 10-spd,8.0,5.3,Regular Gasoline,16,21,18,495.0
47114,2024,GMC,Sierra 2WD,Standard Pickup Trucks 2WD,Rear-Wheel Drive,Automatic 8-spd,4.0,2.7,Regular Gasoline,18,22,20,450.0
47115,2024,GMC,Sierra 2WD,Standard Pickup Trucks 2WD,Rear-Wheel Drive,Automatic 8-spd,4.0,2.7,Regular Gasoline,17,21,19,470.0
46841,2024,GMC,Sierra 4WD,Standard Pickup Trucks 4WD,4-Wheel Drive,Automatic 10-spd,8.0,6.2,Premium Gasoline,15,19,16,539.0
46844,2024,GMC,Sierra 4WD,Standard Pickup Trucks 4WD,4-Wheel Drive,Automatic 10-spd,8.0,5.3,Regular Gasoline,15,19,16,546.0
46846,2024,GMC,Sierra 4WD,Standard Pickup Trucks 4WD,4-Wheel Drive,Automatic 10-spd,8.0,5.3,Regular Gasoline,15,19,17,533.0
46848,2024,GMC,Sierra 4WD,Standard Pickup Trucks 4WD,4-Wheel Drive,Automatic 10-spd,8.0,5.3,Regular Gasoline,15,20,17,511.0
47124,2024,GMC,Sierra 4WD,Standard Pickup Trucks 4WD,4-Wheel Drive,Automatic 8-spd,4.0,2.7,Regular Gasoline,17,18,17,513.0
47125,2024,GMC,Sierra 4WD,Standard Pickup Trucks 4WD,4-Wheel Drive,Automatic 8-spd,4.0,2.7,Regular Gasoline,17,20,18,488.0
46843,2024,GMC,Sierra 4WD AT4X,Standard Pickup Trucks 4WD,4-Wheel Drive,Automatic 10-spd,8.0,6.2,Premium Gasoline,14,16,15,601.0
46858,2024,GMC,Sierra Cab Chassis 2WD,Special Purpose Vehicle 2WD,Rear-Wheel Drive,Automatic 10-spd,8.0,5.3,Regular Gasoline,14,17,15,580.0
46859,2024,GMC,Sierra Cab Chassis 4WD,Special Purpose Vehicle 4WD,4-Wheel Drive,Automatic 10-spd,8.0,5.3,Regular Gasoline,14,17,15,580.0
46842,2024,GMC,Sierra Mud Terrain Tires 4WD,Standard Pickup Trucks 4WD,4-Wheel Drive,Automatic 10-spd,8.0,6.2,Premium Gasoline,14,17,15,590.0
46845,2024,GMC,Sierra Mud Terrain Tires 4WD,Standard Pickup Trucks 4WD,4-Wheel Drive,Automatic 10-spd,8.0,5.3,Regular Gasoline,15,19,16,546.0
46847,2024,GMC,Sierra Mud Terrain Tires 4WD,Standard Pickup Trucks 4WD,4-Wheel Drive,Automatic 10-spd,8.0,5.3,Regular Gasoline,15,18,16,553.0
46849,2024,GMC,Sierra Mud Terrain Tires 4WD,Standard Pickup Trucks 4WD,4-Wheel Drive,Automatic 10-spd,8.0,5.3,Regular Gasoline,15,18,16,558.0
47126,2024,GMC,Sierra Mud Terrain Tires 4WD,Standard Pickup Trucks 4WD,4-Wheel Drive,Automatic 8-spd,4.0,2.7,Regular Gasoline,16,17,16,542.0
46598,2024,GMC,Terrain AWD,Small Sport Utility Vehicle 4WD,All-Wheel Drive,Automatic 9-spd,4.0,1.5,Regular Gasoline,23,28,25,356.0
46592,2024,GMC,Terrain FWD,Small Sport Utility Vehicle 2WD,Front-Wheel Drive,Automatic 9-spd,4.0,1.5,Regular Gasoline,24,29,26,342.0
47404,2024,GMC,Yukon 2WD,Standard Sport Utility Vehicle 2WD,Rear-Wheel Drive,Automatic 10-spd,8.0,5.3,Regular Gasoline,15,20,17,527.0
47406,2024,GMC,Yukon 2WD,Standard Sport Utility Vehicle 2WD,Rear-Wheel Drive,Automatic 10-spd,8.0,6.2,Premium Gasoline,14,20,16,555.0
47428,2024,GMC,Yukon 4WD,Standard Sport Utility Vehicle 4WD,4-Wheel Drive,Automatic 10-spd,8.0,5.3,Regular Gasoline,15,20,17,527.0
47430,2024,GMC,Yukon 4WD,Standard Sport Utility Vehicle 4WD,4-Wheel Drive,Automatic 10-spd,8.0,6.2,Premium Gasoline,14,18,16,564.0
47405,2024,GMC,Yukon XL 2WD,Standard Sport Utility Vehicle 2WD,Rear-Wheel Drive,Automatic 10-spd,8.0,5.3,Regular Gasoline,15,20,17,527.0
47407,2024,GMC,Yukon XL 2WD,Standard Sport Utility Vehicle 2WD,Rear-Wheel Drive,Automatic 10-spd,8.0,6.2,Premium Gasoline,14,19,16,555.0
47429,2024,GMC,Yukon XL 4WD,Standard Sport Utility Vehicle 4WD,4-Wheel Drive,Automatic 10-spd,8.0,5.3,Regular Gasoline,15,18,16,557.0
47431,2024,GMC,Yukon XL 4WD,Standard Sport Utility Vehicle 4WD,4-Wheel Drive,Automatic 10-spd,8.0,6.2,Premium Gasoline,14,18,16,564.0
47323,2024,Genesis,G70 AWD,Compact Cars,All-Wheel Drive,Automatic (S8),4.0,2.5,Premium Gasoline,20,28,23,385.0
47324,2024,Genesis,G70 RWD,Compact Cars,Rear-Wheel Drive,Automatic (S8),4.0,2.5,Premium Gasoline,21,29,24,373.0
46671,2024,Genesis,G80 AWD,Large Cars,All-Wheel Drive,Automatic (S8),4.0,2.5,Premium Gasoline,22,30,25,361.0
46672,2024,Genesis,G80 AWD,Large Cars,All-Wheel Drive,Automatic (S8),6.0,3.5,Premium Gasoline,17,25,19,460.0
46673,2024,Genesis,G90 AWD,Large Cars,All-Wheel Drive,Automatic (S8),6.0,3.5,Premium Gasoline,18,26,21,426.0
46712,2024,Genesis,GV70 AWD,Small Sport Utility Vehicle 4WD,All-Wheel Drive,Automatic (S8),4.0,2.5,Premium Gasoline,19,26,22,408.0
46713,2024,Genesis,GV70 AWD,Small Sport Utility Vehicle 4WD,All-Wheel Drive,Automatic (S8),4.0,2.5,Premium Gasoline,22,28,24,369.0
46714,2024,Genesis,GV70 AWD,Small Sport Utility Vehicle 4WD,All-Wheel Drive,Automatic (S8),6.0,3.5,Premium Gasoline,18,24,20,441.0
46504,2024,Genesis,GV80 AWD,Standard Sport Utility Vehicle 4WD,All-Wheel Drive,Automatic (S8),4.0,2.5,Premium Gasoline,20,24,22,408.0
46505,2024,Genesis,GV80 AWD,Standard Sport Utility Vehicle 4WD,All-Wheel Drive,Automatic (S8),6.0,3.5,Premium Gasoline,18,23,20,448.0
47103,2024,Honda,Accord,Large Cars,Front-Wheel Drive,Automatic (variable gear ratios),4.0,1.5,Regular Gasoline,29,37,32,277.0
46715,2024,Honda,CR-V AWD,Small Sport Utility Vehicle 4WD,All-Wheel Drive,Automatic (variable gear ratios),4.0,1.5,Regular Gasoline,27,32,29,305.0
46693,2024,Honda,CR-V FWD,Small Sport Utility Vehicle 2WD,Front-Wheel Drive,Automatic (variable gear ratios),4.0,1.5,Regular Gasoline,28,34,30,290.0
47068,2024,Honda,Civic 4Dr,Midsize Cars,Front-Wheel Drive,Automatic (variable gear ratios),4.0,1.5,Regular Gasoline,33,42,36,243.0
47069,2024,Honda,Civic 4Dr,Midsize Cars,Front-Wheel Drive,Automatic (AV-S7),4.0,1.5,Regular Gasoline,31,38,34,260.0
47070,2024,Honda,Civic 4Dr,Midsize Cars,Front-Wheel Drive,Manual 6-spd,4.0,1.5,Premium Gasoline,27,37,31,285.0
47071,2024,Honda,Civic 4Dr,Midsize Cars,Front-Wheel Drive,Automatic (variable gear ratios),4.0,2.0,Regular Gasoline,31,40,35,254.0
47072,2024,Honda,Civic 4Dr,Midsize Cars,Front-Wheel Drive,Automatic (AV-S7),4.0,2.0,Regular Gasoline,30,37,33,266.0
47097,2024,Honda,Civic 5Dr,Large Cars,Front-Wheel Drive,Automatic (variable gear ratios),4.0,1.5,Regular Gasoline,31,39,35,258.0
47098,2024,Honda,Civic 5Dr,Large Cars,Front-Wheel Drive,Automatic (AV-S7),4.0,1.5,Regular Gasoline,30,37,33,267.0
47099,2024,Honda,Civic 5Dr,Large Cars,Front-Wheel Drive,Manual 6-spd,4.0,1.5,Regular Gasoline,28,37,31,282.0
47100,2024,Honda,Civic 5Dr,Large Cars,Front-Wheel Drive,Automatic (variable gear ratios),4.0,2.0,Regular Gasoline,30,38,33,269.0
47101,2024,Honda,Civic 5Dr,Large Cars,Front-Wheel Drive,Automatic (AV-S7),4.0,2.0,Regular Gasoline,29,37,32,277.0
47102,2024,Honda,Civic 5Dr,Large Cars,Front-Wheel Drive,Manual 6-spd,4.0,2.0,Regular Gasoline,26,36,29,304.0
47582,2024,Honda,Civic 5Dr,Large Cars,Front-Wheel Drive,Manual 6-spd,4.0,2.0,Premium Gasoline,22,28,24,364.0
46587,2024,Honda,HR-V AWD,Small Station Wagons,All-Wheel Drive,Automatic (variable gear ratios),4.0,2.0,Regular Gasoline,25,30,27,326.0
46588,2024,Honda,HR-V FWD,Small Station Wagons,Front-Wheel Drive,Automatic (variable gear ratios),4.0,2.0,Regular Gasoline,26,32,28,309.0
46860,2024,Honda,Odyssey,Minivan - 2WD,Front-Wheel Drive,Automatic (S10),6.0,3.5,Regular Gasoline,19,28,22,394.0
47377,2024,Honda,Passport AWD,Small Sport Utility Vehicle 4WD,All-Wheel Drive,Automatic (S9),6.0,3.5,Regular Gasoline,19,24,21,416.0
47182,2024,Honda,Pilot AWD,Standard Sport Utility Vehicle 4WD,All-Wheel Drive,Automatic (S10),6.0,3.5,Regular Gasoline,19,25,21,415.0
47183,2024,Honda,Pilot AWD Touring/Elite/Black,Standard Sport Utility Vehicle 4WD,All-Wheel Drive,Automatic (S10),6.0,3.5,Regular Gasoline,19,25,21,422.0
47184,2024,Honda,Pilot AWD TrailSport,Standard Sport Utility Vehicle 4WD,All-Wheel Drive,Automatic (S10),6.0,3.5,Regular Gasoline,18,23,20,442.0
47135,2024,Honda,Pilot FWD,Small Sport Utility Vehicle 2WD,Front-Wheel Drive,Automatic (S10),6.0,3.5,Regular Gasoline,19,27,22,402.0
47618,2024,Honda,Ridgeline AWD,Standard Pickup Trucks 4WD,All-Wheel Drive,Automatic (S9),6.0,3.5,Regular Gasoline,18,24,21,441.0
47619,2024,Honda,Ridgeline AWD TrailSport,Standard Pickup Trucks 4WD,All-Wheel Drive,Automatic (S9),6.0,3.5,Regular Gasoline,18,23,20,446.0
47074,2024,Hyundai,Elantra,Midsize Cars,Front-Wheel Drive,Automatic (AV-S1),4.0,2.0,Regular Gasoline,31,40,34,257.0
47075,2024,Hyundai,Elantra,Midsize Cars,Front-Wheel Drive,Automatic (AV-S1),4.0,2.0,Regular Gasoline,32,41,36,246.0
47570,2024,Hyundai,Elantra,Midsize Cars,Front-Wheel Drive,Automatic (AM-S7),4.0,1.6,Regular Gasoline,28,35,31,288.0
47571,2024,Hyundai,Elantra N,Midsize Cars,Front-Wheel Drive,Automatic (AM-S8),4.0,2.0,Premium Gasoline,20,27,23,392.0
47572,2024,Hyundai,Elantra N,Midsize Cars,Front-Wheel Drive,Manual 6-spd,4.0,2.0,Premium Gasoline,21,29,24,366.0
46718,2024,Hyundai,Kona AWD,Small Sport Utility Vehicle 4WD,All-Wheel Drive,Automatic (S8),4.0,1.6,Regular Gasoline,24,29,26,337.0
46883,2024,Hyundai,Kona AWD,Small Sport Utility Vehicle 4WD,All-Wheel Drive,Automatic (AV-S1),4.0,2.0,Regular Gasoline,26,29,27,323.0
46884,2024,Hyundai,Kona AWD,Small Sport Utility Vehicle 4WD,All-Wheel Drive,Automatic (AV-S1),4.0,2.0,Regular Gasoline,27,29,28,319.0
46696,2024,Hyundai,Kona FWD,Small Sport Utility Vehicle 2WD,Front-Wheel Drive,Automatic (S8),4.0,1.6,Regular Gasoline,26,32,28,312.0
46863,2024,Hyundai,Kona FWD,Small Sport Utility Vehicle 2WD,Front-Wheel Drive,Automatic (AV-S1),4.0,2.0,Regular Gasoline,28,35,31,288.0
46865,2024,Hyundai,Kona FWD,Small Sport Utility Vehicle 2WD,Front-Wheel Drive,Automatic (AV-S1),4.0,2.0,Regular Gasoline,29,34,31,284.0
46717,2024,Hyundai,Palisade AWD,Small Sport Utility Vehicle 4WD,All-Wheel Drive,Automatic (S8),6.0,3.8,Regular Gasoline,19,24,21,420.0
46695,2024,Hyundai,Palisade FWD,Small Sport Utility Vehicle 2WD,Front-Wheel Drive,Automatic (S8),6.0,3.8,Regular Gasoline,19,26,22,404.0
46719,2024,Hyundai,Santa Cruz AWD,Small Sport Utility Vehicle 4WD,All-Wheel Drive,Automatic (S8),4.0,2.5,Regular Gasoline,21,25,23,390.0
46720,2024,Hyundai,Santa Cruz AWD,Small Sport Utility Vehicle 4WD,All-Wheel Drive,Automatic (AM-S8),4.0,2.5,Regular Gasoline,19,27,22,403.0
46697,2024,Hyundai,Santa Cruz FWD,Small Sport Utility Vehicle 2WD,Front-Wheel Drive,Automatic (S8),4.0,2.5,Regular Gasoline,22,26,23,381.0
47657,2024,Hyundai,Santa Fe AWD,Small Sport Utility Vehicle 4WD,All-Wheel Drive,Automatic (AM-S8),4.0,2.5,Regular Gasoline,20,28,23,392.0
47656,2024,Hyundai,Santa Fe AWD XRT,Small Sport Utility Vehicle 4WD,All-Wheel Drive,Automatic (AM-S8),4.0,2.5,Regular Gasoline,19,26,22,409.0
47629,2024,Hyundai,Santa Fe FWD,Small Sport Utility Vehicle 2WD,Front-Wheel Drive,Automatic (AM-S8),4.0,2.5,Regular Gasoline,20,29,24,377.0
47356,2024,Hyundai,Sonata AWD,Large Cars,All-Wheel Drive,Automatic (S8),4.0,2.5,Regular Gasoline,25,34,28,316.0
47357,2024,Hyundai,Sonata FWD,Large Cars,Front-Wheel Drive,Automatic (S8),4.0,2.5,Regular Gasoline,25,36,29,305.0
47358,2024,Hyundai,Sonata FWD,Large Cars,Front-Wheel Drive,Automatic (AM-S8),4.0,2.5,Regular Gasoline,23,32,27,333.0
46723,2024,Hyundai,Tucson AWD,Small Sport Utility Vehicle 4WD,All-Wheel Drive,Automatic (S8),4.0,2.5,Regular Gasoline,23,29,25,349.0
46698,2024,Hyundai,Tucson FWD,Small Sport Utility Vehicle 2WD,Front-Wheel Drive,Automatic (S8),4.0,2.5,Regular Gasoline,25,32,28,323.0
46864,2024,Hyundai,Venue,Small Sport Utility Vehicle 2WD,Front-Wheel Drive,Automatic (AV-S1),4.0,1.6,Regular Gasoline,29,33,31,291.0
47684,2024,INEOS Automotive,Grenadier,Standard Sport Utility Vehicle 4WD,4-Wheel Drive,Automatic (S8),6.0,3.0,Premium Gasoline,15,15,15,592.0
47685,2024,INEOS Automotive,Grenadier Trialmaster Edition,Standard Sport Utility Vehicle 4WD,4-Wheel Drive,Automatic (S8),6.0,3.0,Premium Gasoline,14,14,14,633.0
47573,2024,Infiniti,Q50,Midsize Cars,Rear-Wheel Drive,Automatic (S7),6.0,3.0,Premium Gasoline,20,29,23,388.0
47574,2024,Infiniti,Q50 AWD,Midsize Cars,All-Wheel Drive,Automatic (S7),6.0,3.0,Premium Gasoline,19,27,22,403.0
47575,2024,Infiniti,Q50 Red Sport,Midsize Cars,Rear-Wheel Drive,Automatic (S7),6.0,3.0,Premium Gasoline,20,26,22,403.0
47576,2024,Infiniti,Q50 Red Sport  AWD,Midsize Cars,All-Wheel Drive,Automatic (S7),6.0,3.0,Premium Gasoline,19,26,22,411.0
47255,2024,Infiniti,QX50,Small Sport Utility Vehicle 2WD,Front-Wheel Drive,Automatic (AV-S8),4.0,2.0,Premium Gasoline,23,29,26,343.0
47259,2024,Infiniti,QX50 AWD,Small Sport Utility Vehicle 4WD,All-Wheel Drive,Automatic (AV-S8),4.0,2.0,Premium Gasoline,22,28,25,357.0
47260,2024,Infiniti,QX55 AWD,Small Sport Utility Vehicle 4WD,All-Wheel Drive,Automatic (AV-S8),4.0,2.0,Premium Gasoline,22,28,25,364.0
47185,2024,Infiniti,QX60 AWD,Standard Sport Utility Vehicle 4WD,All-Wheel Drive,Automatic (S9),6.0,3.5,Premium Gasoline,20,25,22,405.0
47168,2024,Infiniti,QX60 FWD,Standard Sport Utility Vehicle 2WD,Front-Wheel Drive,Automatic (S9),6.0,3.5,Premium Gasoline,21,26,23,387.0
46896,2024,Infiniti,QX80 2WD,Standard Sport Utility Vehicle 2WD,Rear-Wheel Drive,Automatic (S7),8.0,5.6,Premium Gasoline,14,20,16,552.0
46897,2024,Infiniti,QX80 4WD,Standard Sport Utility Vehicle 4WD,4-Wheel Drive,Automatic (S7),8.0,5.6,Premium Gasoline,13,19,15,593.0
46451,2024,Jaguar,E-Pace,Small Sport Utility Vehicle 4WD,All-Wheel Drive,Automatic (S9),4.0,2.0,Premium Gasoline,20,26,23,398.0
46724,2024,Jaguar,F-Pace,Small Sport Utility Vehicle 4WD,All-Wheel Drive,Automatic (S8),4.0,2.0,Premium Gasoline,22,27,24,376.0
46535,2024,Jaguar,F-Pace SVR,Small Sport Utility Vehicle 4WD,All-Wheel Drive,Automatic (S8),8.0,5.0,Premium Gasoline,15,21,17,518.0
46449,2024,Jaguar,F-Type P450 AWD R-Dynamic Convertible,Two Seaters,All-Wheel Drive,Automatic (S8),8.0,5.0,Premium Gasoline,16,24,18,481.0
46448,2024,Jaguar,F-Type P450 AWD R-Dynamic Coupe,Two Seaters,All-Wheel Drive,Automatic (S8),8.0,5.0,Premium Gasoline,16,24,18,481.0
46447,2024,Jaguar,F-Type P450 RWD Convertible,Two Seaters,Rear-Wheel Drive,Automatic (S8),8.0,5.0,Premium Gasoline,17,24,19,460.0
46446,2024,Jaguar,F-Type P450 RWD Coupe,Two Seaters,Rear-Wheel Drive,Automatic (S8),8.0,5.0,Premium Gasoline,17,24,19,460.0
46445,2024,Jaguar,F-Type R AWD Convertible,Two Seaters,All-Wheel Drive,Automatic (S8),8.0,5.0,Premium Gasoline,16,24,18,481.0
46444,2024,Jaguar,F-Type R AWD Coupe,Two Seaters,All-Wheel Drive,Automatic (S8),8.0,5.0,Premium Gasoline,16,24,18,481.0
46665,2024,Jaguar,XF P250,Midsize Cars,Rear-Wheel Drive,Automatic (S8),4.0,2.0,Premium Gasoline,23,30,26,346.0
47076,2024,Jaguar,XF P300 AWD,Midsize Cars,All-Wheel Drive,Automatic (S8),4.0,2.0,Premium Gasoline,21,28,24,372.0
47147,2024,Jeep,Compass 4WD,Small Sport Utility Vehicle 4WD,All-Wheel Drive,Automatic 8-spd,4.0,2.0,Regular Gasoline,24,32,27,330.0
47620,2024,Jeep,Gladiator 4WD,Standard Pickup Trucks 4WD,4-Wheel Drive,Automatic 8-spd,6.0,3.6,Regular Gasoline,17,22,19,466.0
47621,2024,Jeep,Gladiator 4WD,Standard Pickup Trucks 4WD,4-Wheel Drive,Manual 6-spd,6.0,3.6,Regular Gasoline,16,21,18,500.0
47171,2024,Jeep,Grand Cherokee 2WD,Standard Sport Utility Vehicle 2WD,Rear-Wheel Drive,Automatic 8-spd,6.0,3.6,Regular Gasoline,19,26,22,407.0
47191,2024,Jeep,Grand Cherokee 4WD,Standard Sport Utility Vehicle 4WD,All-Wheel Drive,Automatic 8-spd,6.0,3.6,Regular Gasoline,19,26,22,413.0
47172,2024,Jeep,Grand Cherokee L 2WD,Standard Sport Utility Vehicle 2WD,Rear-Wheel Drive,Automatic 8-spd,6.0,3.6,Regular Gasoline,19,26,21,416.0
47190,2024,Jeep,Grand Cherokee L 4WD,Standard Sport Utility Vehicle 4WD,All-Wheel Drive,Automatic 8-spd,6.0,3.6,Regular Gasoline,18,25,21,430.0
47434,2024,Jeep,Grand Cherokee L 4WD,Standard Sport Utility Vehicle 4WD,All-Wheel Drive,Automatic 8-spd,8.0,5.7,Midgrade Gasoline,14,22,17,533.0
46898,2024,Jeep,Grand Wagoneer 4WD,Standard Sport Utility Vehicle 4WD,All-Wheel Drive,Automatic 8-spd,8.0,6.4,Premium Gasoline,13,18,15,602.0
47188,2024,Jeep,Grand Wagoneer 4WD,Standard Sport Utility Vehicle 4WD,All-Wheel Drive,Automatic 8-spd,6.0,3.0,Premium Gasoline,14,20,17,537.0
47189,2024,Jeep,Grand Wagoneer L 4WD,Standard Sport Utility Vehicle 4WD,All-Wheel Drive,Automatic 8-spd,6.0,3.0,Premium Gasoline,14,20,17,537.0
47170,2024,Jeep,Wagoneer 2WD,Standard Sport Utility Vehicle 2WD,Rear-Wheel Drive,Automatic 8-spd,6.0,3.0,Regular Gasoline,17,24,20,453.0
47186,2024,Jeep,Wagoneer 4WD,Standard Sport Utility Vehicle 4WD,All-Wheel Drive,Automatic 8-spd,6.0,3.0,Regular Gasoline,16,23,19,472.0
47169,2024,Jeep,Wagoneer L 2WD,Standard Sport Utility Vehicle 2WD,Rear-Wheel Drive,Automatic 8-spd,6.0,3.0,Regular Gasoline,17,24,20,453.0
47187,2024,Jeep,Wagoneer L 4WD,Standard Sport Utility Vehicle 4WD,All-Wheel Drive,Automatic 8-spd,6.0,3.0,Regular Gasoline,16,23,19,476.0
46728,2024,Jeep,Wrangler 2dr 4WD,Small Sport Utility Vehicle 4WD,4-Wheel Drive,Automatic 8-spd,4.0,2.0,Regular Gasoline,20,23,21,416.0
46886,2024,Jeep,Wrangler 2dr 4WD,Small Sport Utility Vehicle 4WD,4-Wheel Drive,Manual 6-spd,6.0,3.6,Regular Gasoline,17,23,19,462.0
47379,2024,Jeep,Wrangler 2dr 4WD,Small Sport Utility Vehicle 4WD,4-Wheel Drive,Automatic 8-spd,6.0,3.6,Regular Gasoline,18,24,20,437.0
46726,2024,Jeep,Wrangler 4dr 4WD,Small Sport Utility Vehicle 4WD,4-Wheel Drive,Automatic 8-spd,4.0,2.0,Regular Gasoline,20,22,21,426.0
46727,2024,Jeep,Wrangler 4dr 4WD,Small Sport Utility Vehicle 4WD,4-Wheel Drive,Automatic 8-spd,8.0,6.4,Premium Gasoline,13,16,14,633.0
46885,2024,Jeep,Wrangler 4dr 4WD,Small Sport Utility Vehicle 4WD,4-Wheel Drive,Manual 6-spd,6.0,3.6,Regular Gasoline,16,22,19,476.0
47378,2024,Jeep,Wrangler 4dr 4WD,Small Sport Utility Vehicle 4WD,4-Wheel Drive,Automatic 8-spd,6.0,3.6,Regular Gasoline,18,23,20,451.0
46888,2024,Jeep,Wrangler Rubicon 2dr 4WD,Small Sport Utility Vehicle 4WD,4-Wheel Drive,Automatic 8-spd,6.0,3.6,Regular Gasoline,16,20,18,501.0
46887,2024,Jeep,Wrangler Rubicon 4dr 4WD,Small Sport Utility Vehicle 4WD,4-Wheel Drive,Automatic 8-spd,6.0,3.6,Regular Gasoline,16,19,17,518.0
46503,2024,Kia,Carnival,Minivan - 2WD,Front-Wheel Drive,Automatic (S8),6.0,3.5,Regular Gasoline,19,26,22,408.0
47077,2024,Kia,Forte,Midsize Cars,Front-Wheel Drive,Manual 6-spd,4.0,1.6,Regular Gasoline,22,31,26,348.0
47078,2024,Kia,Forte,Midsize Cars,Front-Wheel Drive,Automatic (AM-S7),4.0,1.6,Regular Gasoline,27,35,30,296.0
47080,2024,Kia,Forte,Midsize Cars,Front-Wheel Drive,Automatic (variable gear ratios),4.0,2.0,Regular Gasoline,28,39,32,277.0
47079,2024,Kia,Forte FE,Midsize Cars,Front-Wheel Drive,Automatic (variable gear ratios),4.0,2.0,Regular Gasoline,30,41,34,261.0
46578,2024,Kia,K5,Large Cars,Front-Wheel Drive,Automatic (S8),4.0,1.6,Regular Gasoline,27,37,31,293.0
46580,2024,Kia,K5,Large Cars,Front-Wheel Drive,Automatic (AM-S8),4.0,2.5,Regular Gasoline,24,32,27,332.0
46579,2024,Kia,K5 AWD,Large Cars,All-Wheel Drive,Automatic (S8),4.0,1.6,Regular Gasoline,25,33,28,316.0
46455,2024,Kia,Seltos AWD,Small Sport Utility Vehicle 4WD,All-Wheel Drive,Automatic (S8),4.0,1.6,Regular Gasoline,25,27,26,343.0
46456,2024,Kia,Seltos AWD,Small Sport Utility Vehicle 4WD,All-Wheel Drive,Automatic (AV-S8),4.0,2.0,Regular Gasoline,27,31,29,309.0
46454,2024,Kia,Seltos FWD,Small Sport Utility Vehicle 2WD,Front-Wheel Drive,Automatic (AV-S8),4.0,2.0,Regular Gasoline,28,34,31,288.0
47658,2024,Kia,Sorento AWD,Small Sport Utility Vehicle 4WD,All-Wheel Drive,Automatic (S8),4.0,2.5,Regular Gasoline,23,28,25,357.0
47659,2024,Kia,Sorento AWD,Small Sport Utility Vehicle 4WD,All-Wheel Drive,Automatic (AM-S8),4.0,2.5,Regular Gasoline,20,27,23,389.0
47630,2024,Kia,Sorento FWD,Small Sport Utility Vehicle 2WD,Front-Wheel Drive,Automatic (S8),4.0,2.5,Regular Gasoline,23,31,26,339.0
47631,2024,Kia,Sorento FWD,Small Sport Utility Vehicle 2WD,Front-Wheel Drive,Automatic (AM-S8),4.0,2.5,Regular Gasoline,20,29,23,382.0
46807,2024,Kia,Soul,Small Station Wagons,Front-Wheel Drive,Automatic (variable gear ratios),4.0,2.0,Regular Gasoline,27,33,30,302.0
46808,2024,Kia,Soul Eco dynamics,Small Station Wagons,Front-Wheel Drive,Automatic (variable gear ratios),4.0,2.0,Regular Gasoline,29,35,31,287.0
46889,2024,Kia,Sportage AWD,Small Sport Utility Vehicle 4WD,All-Wheel Drive,Automatic (S8),4.0,2.5,Regular Gasoline,23,26,25,363.0
46866,2024,Kia,Sportage FWD,Small Sport Utility Vehicle 2WD,Front-Wheel Drive,Automatic (S8),4.0,2.5,Regular Gasoline,25,33,28,315.0
46890,2024,Kia,Sportage X-pro,Small Sport Utility Vehicle 4WD,All-Wheel Drive,Automatic (S8),4.0,2.5,Regular Gasoline,23,30,26,344.0
46729,2024,Kia,Telluride AWD,Small Sport Utility Vehicle 4WD,All-Wheel Drive,Automatic (S8),6.0,3.8,Regular Gasoline,18,24,20,442.0
46699,2024,Kia,Telluride FWD,Small Sport Utility Vehicle 2WD,Front-Wheel Drive,Automatic (S8),6.0,3.8,Regular Gasoline,20,26,22,398.0
46635,2024,Lamborghini,Huracan Coupe 2WD,Two Seaters,Rear-Wheel Drive,Automatic (AM-S7),10.0,5.2,Premium Gasoline,13,18,15,596.0
46633,2024,Lamborghini,Huracan Spyder,Two Seaters,All-Wheel Drive,Automatic (AM-S7),10.0,5.2,Premium Gasoline,13,18,15,604.0
46634,2024,Lamborghini,Huracan Sterrato,Two Seaters,All-Wheel Drive,Automatic (AM-S7),10.0,5.2,Premium Gasoline,13,18,15,604.0
46680,2024,Lamborghini,Urus Performante,Small Station Wagons,All-Wheel Drive,Automatic (S8),8.0,4.0,Premium Gasoline,14,19,16,554.0
46746,2024,Lamborghini,Urus S,Standard Sport Utility Vehicle 4WD,All-Wheel Drive,Automatic (S8),8.0,4.0,Premium Gasoline,14,19,16,554.0
47198,2024,Land Rover,Defender 110,Standard Sport Utility Vehicle 4WD,4-Wheel Drive,Automatic (S8),4.0,2.0,Premium Gasoline,18,20,19,474.0
47203,2024,Land Rover,Defender 110,Standard Sport Utility Vehicle 4WD,4-Wheel Drive,Automatic (S8),8.0,5.0,Premium Gasoline,14,19,16,563.0
47200,2024,Land Rover,Defender 90,Standard Sport Utility Vehicle 4WD,4-Wheel Drive,Automatic (S8),4.0,2.0,Premium Gasoline,18,21,19,465.0
47202,2024,Land Rover,Defender 90,Standard Sport Utility Vehicle 4WD,4-Wheel Drive,Automatic (S8),8.0,5.0,Premium Gasoline,15,19,16,545.0
46899,2024,Land Rover,Discovery,Standard Sport Utility Vehicle 4WD,4-Wheel Drive,Automatic (S8),4.0,2.0,Premium Gasoline,19,24,21,421.0
46453,2024,Land Rover,Discovery Sport,Small Sport Utility Vehicle 4WD,All-Wheel Drive,Automatic (S9),4.0,2.0,Premium Gasoline,19,23,20,437.0
46452,2024,Land Rover,Range Rover Evoque,Small Sport Utility Vehicle 4WD,All-Wheel Drive,Automatic (S9),4.0,2.0,Premium Gasoline,20,27,22,398.0
46730,2024,Land Rover,Range Rover Velar,Small Sport Utility Vehicle 4WD,All-Wheel Drive,Automatic (S8),4.0,2.0,Premium Gasoline,22,26,23,381.0
46794,2024,Lexus,ES 250 AWD,Midsize Cars,All-Wheel Drive,Automatic (S8),4.0,2.5,Regular Gasoline,25,34,28,315.0
46792,2024,Lexus,ES 350,Midsize Cars,Front-Wheel Drive,Automatic (S8),6.0,3.5,Regular Gasoline,22,32,26,346.0
46793,2024,Lexus,ES 350 F Sport,Midsize Cars,Front-Wheel Drive,Automatic (S8),6.0,3.5,Regular Gasoline,22,31,25,352.0
47686,2024,Lexus,GX 550,Standard Sport Utility Vehicle 4WD,4-Wheel Drive,Automatic (S10),6.0,3.4,Premium Gasoline,15,21,17,504.0
47329,2024,Lexus,IS 300,Compact Cars,Rear-Wheel Drive,Automatic (S8),4.0,2.0,Premium Gasoline,21,31,25,355.0
47325,2024,Lexus,IS 300 AWD,Compact Cars,All-Wheel Drive,Automatic (S6),6.0,3.5,Premium Gasoline,19,26,22,407.0
47326,2024,Lexus,IS 350,Compact Cars,Rear-Wheel Drive,Automatic (S8),6.0,3.5,Premium Gasoline,20,28,23,385.0
47327,2024,Lexus,IS 350 AWD,Compact Cars,All-Wheel Drive,Automatic (S6),6.0,3.5,Premium Gasoline,19,26,22,407.0
47328,2024,Lexus,IS 500,Compact Cars,Rear-Wheel Drive,Automatic (S8),8.0,5.0,Premium Gasoline,17,25,20,451.0
46651,2024,Lexus,LC 500,Subcompact Cars,Rear-Wheel Drive,Automatic (S10),8.0,5.0,Premium Gasoline,16,24,18,481.0
46637,2024,Lexus,LC 500 Convertible,Minicompact Cars,Rear-Wheel Drive,Automatic (S10),8.0,5.0,Premium Gasoline,15,25,18,489.0
47352,2024,Lexus,LS 500,Midsize Cars,Rear-Wheel Drive,Automatic (S10),6.0,3.4,Premium Gasoline,18,29,22,404.0
47353,2024,Lexus,LS 500 AWD,Midsize Cars,All-Wheel Drive,Automatic (S10),6.0,3.4,Premium Gasoline,17,27,21,432.0
47435,2024,Lexus,LX 600,Standard Sport Utility Vehicle 4WD,All-Wheel Drive,Automatic (S10),6.0,3.4,Premium Gasoline,17,22,19,479.0
46533,2024,Lexus,NX 250,Small Sport Utility Vehicle 2WD,Front-Wheel Drive,Automatic (S8),4.0,2.5,Regular Gasoline,26,33,28,311.0
46536,2024,Lexus,NX 250 AWD,Small Sport Utility Vehicle 4WD,All-Wheel Drive,Automatic (S8),4.0,2.5,Regular Gasoline,25,32,28,318.0
46538,2024,Lexus,NX 350 AWD,Small Sport Utility Vehicle 4WD,All-Wheel Drive,Automatic (S8),4.0,2.4,Premium Gasoline,21,28,24,370.0
46539,2024,Lexus,NX 350 AWD F Sport,Small Sport Utility Vehicle 4WD,All-Wheel Drive,Automatic (S8),4.0,2.4,Premium Gasoline,21,28,24,370.0
47321,2024,Lexus,RC 300,Subcompact Cars,Rear-Wheel Drive,Automatic (S8),4.0,2.0,Premium Gasoline,21,31,25,355.0
47318,2024,Lexus,RC 300 AWD,Subcompact Cars,All-Wheel Drive,Automatic (S6),6.0,3.5,Premium Gasoline,19,26,22,407.0
47319,2024,Lexus,RC 350,Subcompact Cars,Rear-Wheel Drive,Automatic (S8),6.0,3.5,Premium Gasoline,20,28,23,385.0
47320,2024,Lexus,RC 350 AWD,Subcompact Cars,All-Wheel Drive,Automatic (S6),6.0,3.5,Premium Gasoline,19,26,22,407.0
47322,2024,Lexus,RC F,Subcompact Cars,Rear-Wheel Drive,Automatic (S8),8.0,5.0,Premium Gasoline,16,24,19,459.0
47137,2024,Lexus,RX 350,Small Sport Utility Vehicle 2WD,Front-Wheel Drive,Automatic (S8),4.0,2.4,Premium Gasoline,22,29,25,353.0
47150,2024,Lexus,RX 350 AWD,Small Sport Utility Vehicle 4WD,All-Wheel Drive,Automatic (S8),4.0,2.4,Premium Gasoline,21,28,24,371.0
47263,2024,Lexus,TX 350,Standard Sport Utility Vehicle 2WD,Front-Wheel Drive,Automatic (S8),4.0,2.4,Premium Gasoline,21,27,23,378.0
47273,2024,Lexus,TX 350 AWD,Standard Sport Utility Vehicle 4WD,All-Wheel Drive,Automatic (S8),4.0,2.4,Premium Gasoline,20,26,23,387.0
47687,2024,Lincoln,Aviator AWD,Standard Sport Utility Vehicle 4WD,Part-time 4-Wheel Drive,Automatic (S10),6.0,3.0,Regular Gasoline,17,24,20,451.0
47674,2024,Lincoln,Aviator RWD,Standard Sport Utility Vehicle 2WD,Rear-Wheel Drive,Automatic (S10),6.0,3.0,Regular Gasoline,18,26,21,424.0
47660,2024,Lincoln,Corsair AWD,Small Sport Utility Vehicle 4WD,All-Wheel Drive,Automatic (S8),4.0,2.0,Regular Gasoline,21,28,24,374.0
47632,2024,Lincoln,Corsair FWD,Small Sport Utility Vehicle 2WD,Front-Wheel Drive,Automatic (S8),4.0,2.0,Regular Gasoline,22,30,25,356.0
47661,2024,Lincoln,Nautilus AWD,Small Sport Utility Vehicle 4WD,All-Wheel Drive,Automatic 8-spd,4.0,2.0,Regular Gasoline,21,29,24,371.0
47207,2024,Lincoln,Navigator 4WD,Standard Sport Utility Vehicle 4WD,Part-time 4-Wheel Drive,Automatic (S10),6.0,3.5,Regular Gasoline,16,22,18,498.0
47550,2024,Lotus,Emira,Two Seaters,Rear-Wheel Drive,Manual 6-spd,6.0,3.5,Regular Gasoline,16,24,19,460.0
48453,2024,Lotus,Emira,Two Seaters,Rear-Wheel Drive,Automatic (S6),6.0,3.5,Regular Gasoline,18,26,21,413.0
46461,2024,MINI,Cooper Convertible,Minicompact Cars,Front-Wheel Drive,Automatic (AM-S7),3.0,1.5,Premium Gasoline,29,38,32,274.0
46462,2024,MINI,Cooper Convertible,Minicompact Cars,Front-Wheel Drive,Manual 6-spd,3.0,1.5,Premium Gasoline,27,38,31,283.0
46499,2024,MINI,Cooper Countryman,Midsize Cars,Front-Wheel Drive,Automatic (AM-S7),3.0,1.5,Premium Gasoline,26,32,28,312.0
46500,2024,MINI,Cooper Countryman All4,Midsize Cars,All-Wheel Drive,Automatic (S8),3.0,1.5,Premium Gasoline,23,31,26,337.0
46482,2024,MINI,Cooper Hardtop 2 door,Subcompact Cars,Front-Wheel Drive,Automatic (AM-S7),3.0,1.5,Premium Gasoline,29,38,32,274.0
46483,2024,MINI,Cooper Hardtop 2 door,Subcompact Cars,Front-Wheel Drive,Manual 6-spd,3.0,1.5,Premium Gasoline,27,38,31,283.0
46484,2024,MINI,Cooper Hardtop 4 door,Subcompact Cars,Front-Wheel Drive,Automatic (AM-S7),3.0,1.5,Premium Gasoline,29,38,32,274.0
46485,2024,MINI,Cooper Hardtop 4 door,Subcompact Cars,Front-Wheel Drive,Manual 6-spd,3.0,1.5,Premium Gasoline,27,38,31,283.0
46570,2024,MINI,Cooper S Clubman,Midsize Cars,Front-Wheel Drive,Automatic (AM-S7),4.0,2.0,Premium Gasoline,25,35,29,307.0
46571,2024,MINI,Cooper S Clubman,Midsize Cars,Front-Wheel Drive,Manual 6-spd,4.0,2.0,Premium Gasoline,22,32,25,348.0
46574,2024,MINI,Cooper S Clubman All4,Midsize Cars,All-Wheel Drive,Automatic (S8),4.0,2.0,Premium Gasoline,23,32,27,332.0
46463,2024,MINI,Cooper S Convertible,Minicompact Cars,Front-Wheel Drive,Automatic (AM-S7),4.0,2.0,Premium Gasoline,27,36,30,293.0
46464,2024,MINI,Cooper S Convertible,Minicompact Cars,Front-Wheel Drive,Manual 6-spd,4.0,2.0,Premium Gasoline,23,33,27,329.0
46572,2024,MINI,Cooper S Countryman,Midsize Cars,Front-Wheel Drive,Automatic (AM-S7),4.0,2.0,Premium Gasoline,24,33,28,321.0
46573,2024,MINI,Cooper S Countryman All4,Midsize Cars,All-Wheel Drive,Automatic (S8),4.0,2.0,Premium Gasoline,23,31,26,341.0
46486,2024,MINI,Cooper S Hardtop 2 door,Subcompact Cars,Front-Wheel Drive,Automatic (AM-S7),4.0,2.0,Premium Gasoline,28,38,31,280.0
46487,2024,MINI,Cooper S Hardtop 2 door,Subcompact Cars,Front-Wheel Drive,Manual 6-spd,4.0,2.0,Premium Gasoline,23,33,27,330.0
46488,2024,MINI,Cooper S Hardtop 4 door,Subcompact Cars,Front-Wheel Drive,Automatic (AM-S7),4.0,2.0,Premium Gasoline,28,38,31,280.0
46489,2024,MINI,Cooper S Hardtop 4 door,Subcompact Cars,Front-Wheel Drive,Manual 6-spd,4.0,2.0,Premium Gasoline,23,33,27,330.0
46502,2024,MINI,JCW Countryman All4,Midsize Cars,All-Wheel Drive,Automatic (S8),4.0,2.0,Premium Gasoline,24,30,26,338.0
46501,2024,MINI,John Cooper Works Clubman All4,Midsize Cars,All-Wheel Drive,Automatic (S8),4.0,2.0,Premium Gasoline,23,31,26,339.0
46465,2024,MINI,John Cooper Works Convertible,Minicompact Cars,Front-Wheel Drive,Automatic (S8),4.0,2.0,Premium Gasoline,25,33,28,316.0
46490,2024,MINI,John Cooper Works Hardtop 2 door,Subcompact Cars,Front-Wheel Drive,Automatic (S8),4.0,2.0,Premium Gasoline,26,35,29,299.0
46491,2024,MINI,John Cooper Works Hardtop 2 door,Subcompact Cars,Front-Wheel Drive,Manual 6-spd,4.0,2.0,Premium Gasoline,22,32,26,345.0
46667,2024,Maserati,Ghibli GT,Midsize Cars,Rear-Wheel Drive,Automatic 8-spd,6.0,3.0,Premium Gasoline,18,25,20,436.0
47239,2024,Maserati,Ghibli Modena AWD,Midsize Cars,All-Wheel Drive,Automatic 8-spd,6.0,3.0,Premium Gasoline,17,25,20,457.0
46668,2024,Maserati,Ghibli Modena RWD,Midsize Cars,Rear-Wheel Drive,Automatic 8-spd,6.0,3.0,Premium Gasoline,18,25,20,436.0
46666,2024,Maserati,Ghibli Trofeo,Midsize Cars,Rear-Wheel Drive,Automatic 8-spd,8.0,3.8,Premium Gasoline,13,20,16,560.0
46613,2024,Maserati,GranTurismo Modena,Subcompact Cars,All-Wheel Drive,Automatic 8-spd,6.0,3.0,Premium Gasoline,18,27,21,412.0
46612,2024,Maserati,GranTurismo Trofeo,Subcompact Cars,All-Wheel Drive,Automatic 8-spd,6.0,3.0,Premium Gasoline,18,27,21,412.0
47560,2024,Maserati,Grancabrio Trofeo,Subcompact Cars,All-Wheel Drive,Automatic 8-spd,6.0,3.0,Premium Gasoline,17,26,20,430.0
46732,2024,Maserati,Grecale Trofeo,Small Sport Utility Vehicle 4WD,All-Wheel Drive,Automatic 8-spd,6.0,3.0,Premium Gasoline,18,25,20,432.0
46748,2024,Maserati,Levante GT,Standard Sport Utility Vehicle 4WD,All-Wheel Drive,Automatic 8-spd,6.0,3.0,Premium Gasoline,16,22,18,495.0
46747,2024,Maserati,Levante Modena,Standard Sport Utility Vehicle 4WD,All-Wheel Drive,Automatic 8-spd,6.0,3.0,Premium Gasoline,16,22,18,495.0
46749,2024,Maserati,Levante Modena V8,Standard Sport Utility Vehicle 4WD,All-Wheel Drive,Automatic 8-spd,8.0,3.8,Premium Gasoline,13,20,16,562.0
46750,2024,Maserati,Levante Trofeo,Standard Sport Utility Vehicle 4WD,All-Wheel Drive,Automatic 8-spd,8.0,3.8,Premium Gasoline,13,20,16,562.0
47286,2024,Maserati,MC20,Two Seaters,Rear-Wheel Drive,Automatic (S8),6.0,3.0,Premium Gasoline,15,25,18,474.0
47287,2024,Maserati,MC20 Spyder,Two Seaters,Rear-Wheel Drive,Automatic (S8),6.0,3.0,Premium Gasoline,15,25,18,482.0
46678,2024,Maserati,Quattroporte GT,Large Cars,Rear-Wheel Drive,Automatic 8-spd,6.0,3.0,Premium Gasoline,16,25,19,453.0
46676,2024,Maserati,Quattroporte Modena AWD,Large Cars,All-Wheel Drive,Automatic 8-spd,6.0,3.0,Premium Gasoline,17,25,20,457.0
46677,2024,Maserati,Quattroporte Modena RWD,Large Cars,Rear-Wheel Drive,Automatic 8-spd,6.0,3.0,Premium Gasoline,16,25,19,453.0
46675,2024,Maserati,Quattroporte Trofeo,Large Cars,Rear-Wheel Drive,Automatic 8-spd,8.0,3.8,Premium Gasoline,13,20,16,560.0
47330,2024,Mazda,3 4-Door 2WD,Compact Cars,Front-Wheel Drive,Automatic (S6),4.0,2.5,Regular Gasoline,27,37,31,287.0
47331,2024,Mazda,3 4-Door 4WD,Compact Cars,4-Wheel Drive,Automatic (S6),4.0,2.5,Regular Gasoline,26,35,30,301.0
47332,2024,Mazda,3 4-Door 4WD,Compact Cars,4-Wheel Drive,Automatic (S6),4.0,2.5,Regular Gasoline,23,32,27,334.0
46796,2024,Mazda,3 5-Door 2WD,Midsize Cars,Front-Wheel Drive,Manual 6-spd,4.0,2.5,Regular Gasoline,26,36,30,296.0
46797,2024,Mazda,3 5-Door 2WD,Midsize Cars,Front-Wheel Drive,Automatic (S6),4.0,2.5,Regular Gasoline,27,35,30,294.0
46798,2024,Mazda,3 5-Door 4WD,Midsize Cars,4-Wheel Drive,Automatic (S6),4.0,2.5,Regular Gasoline,26,33,29,311.0
46799,2024,Mazda,3 5-Door 4WD,Midsize Cars,4-Wheel Drive,Automatic (S6),4.0,2.5,Regular Gasoline,23,31,26,337.0
47383,2024,Mazda,CX-30 4WD,Small Sport Utility Vehicle 4WD,4-Wheel Drive,Automatic (S6),4.0,2.5,Regular Gasoline,26,33,29,309.0
47384,2024,Mazda,CX-30 4WD,Small Sport Utility Vehicle 4WD,4-Wheel Drive,Automatic (S6),4.0,2.5,Regular Gasoline,22,30,25,353.0
47152,2024,Mazda,CX-5 4WD,Small Sport Utility Vehicle 4WD,4-Wheel Drive,Automatic (S6),4.0,2.5,Regular Gasoline,26,31,28,320.0
47153,2024,Mazda,CX-5 4WD,Small Sport Utility Vehicle 4WD,4-Wheel Drive,Automatic (S6),4.0,2.5,Regular Gasoline,22,27,24,370.0
47382,2024,Mazda,CX-5 4WD,Small Sport Utility Vehicle 4WD,4-Wheel Drive,Automatic (S6),4.0,2.5,Regular Gasoline,23,29,25,349.0
46892,2024,Mazda,CX-50 4WD,Small Sport Utility Vehicle 4WD,4-Wheel Drive,Automatic (S6),4.0,2.5,Regular Gasoline,24,30,27,335.0
46893,2024,Mazda,CX-50 4WD,Small Sport Utility Vehicle 4WD,4-Wheel Drive,Automatic (S6),4.0,2.5,Regular Gasoline,23,29,25,356.0
47756,2024,Mazda,MX-5,Two Seaters,Rear-Wheel Drive,Manual 6-spd,4.0,2.0,Premium Gasoline,26,34,29,305.0
47757,2024,Mazda,MX-5,Two Seaters,Rear-Wheel Drive,Automatic (S6),4.0,2.0,Premium Gasoline,26,35,29,301.0
47335,2024,Mercedes-Benz,AMG CLA45 S 4matic,Compact Cars,All-Wheel Drive,Automatic (AM8),4.0,2.0,Premium Gasoline,20,28,23,389.0
47688,2024,Mercedes-Benz,AMG G63,Standard Sport Utility Vehicle 4WD,4-Wheel Drive,Automatic 9-spd,8.0,4.0,Premium Gasoline,13,16,14,621.0
47689,2024,Mercedes-Benz,AMG G63 4x4 Squared,Standard Sport Utility Vehicle 4WD,4-Wheel Drive,Automatic 9-spd,8.0,4.0,Premium Gasoline,10,12,11,817.0
47564,2024,Mercedes-Benz,AMG GT 55 4matic Plus (coupe),Subcompact Cars,All-Wheel Drive,Automatic 9-spd,8.0,4.0,Premium Gasoline,13,20,16,568.0
47338,2024,Mercedes-Benz,AMG GT 63 4matic Plus,Compact Cars,All-Wheel Drive,Automatic 9-spd,8.0,4.0,Premium Gasoline,15,21,17,512.0
47565,2024,Mercedes-Benz,AMG GT 63 4matic Plus (coupe),Subcompact Cars,All-Wheel Drive,Automatic 9-spd,8.0,4.0,Premium Gasoline,13,20,16,568.0
47553,2024,Mercedes-Benz,AMG SL55 4matic Plus,Minicompact Cars,All-Wheel Drive,Automatic 9-spd,8.0,4.0,Premium Gasoline,14,21,16,548.0
47552,2024,Mercedes-Benz,AMG SL63 4matic Plus,Minicompact Cars,All-Wheel Drive,Automatic 9-spd,8.0,4.0,Premium Gasoline,14,21,16,548.0
47436,2024,Mercedes-Benz,G550,Standard Sport Utility Vehicle 4WD,4-Wheel Drive,Automatic 9-spd,8.0,4.0,Premium Gasoline,13,16,14,617.0
47585,2024,Mercedes-Benz,Maybach S680 4matic,Large Cars,All-Wheel Drive,Automatic 9-spd,12.0,6.0,Premium Gasoline,12,20,15,610.0
46700,2024,Mitsubishi,Eclipse Cross 2WD,Small Sport Utility Vehicle 2WD,Front-Wheel Drive,Automatic (AV-S8),4.0,1.5,Regular Gasoline,25,28,26,339.0
46735,2024,Mitsubishi,Eclipse Cross 4WD,Small Sport Utility Vehicle 4WD,4-Wheel Drive,Automatic (AV-S8),4.0,1.5,Regular Gasoline,25,26,25,353.0
46736,2024,Mitsubishi,Eclipse Cross ES 4WD,Small Sport Utility Vehicle 4WD,4-Wheel Drive,Automatic (AV-S8),4.0,1.5,Regular Gasoline,25,28,26,339.0
46778,2024,Mitsubishi,Mirage,Compact Cars,Front-Wheel Drive,Automatic (variable gear ratios),3.0,1.2,Regular Gasoline,36,43,39,227.0
46779,2024,Mitsubishi,Mirage G4,Compact Cars,Front-Wheel Drive,Automatic (variable gear ratios),3.0,1.2,Regular Gasoline,35,41,37,236.0
46869,2024,Mitsubishi,Outlander 2WD,Small Sport Utility Vehicle 2WD,Front-Wheel Drive,Automatic (AV-S8),4.0,2.5,Regular Gasoline,24,31,27,331.0
46894,2024,Mitsubishi,Outlander 4WD,Small Sport Utility Vehicle 4WD,4-Wheel Drive,Automatic (AV-S8),4.0,2.5,Regular Gasoline,24,30,26,342.0
47138,2024,Mitsubishi,Outlander Sport 2WD,Small Sport Utility Vehicle 2WD,Front-Wheel Drive,Automatic (AV-S6),4.0,2.0,Regular Gasoline,24,30,27,333.0
47154,2024,Mitsubishi,Outlander Sport 4WD,Small Sport Utility Vehicle 4WD,4-Wheel Drive,Automatic (AV-S6),4.0,2.0,Regular Gasoline,23,29,26,343.0
47155,2024,Mitsubishi,Outlander Sport 4WD,Small Sport Utility Vehicle 4WD,4-Wheel Drive,Automatic (AV-S6),4.0,2.4,Regular Gasoline,23,28,25,350.0
47081,2024,Nissan,Altima,Midsize Cars,Front-Wheel Drive,Automatic (variable gear ratios),4.0,2.5,Regular Gasoline,27,38,31,282.0
47082,2024,Nissan,Altima AWD,Midsize Cars,All-Wheel Drive,Automatic (variable gear ratios),4.0,2.5,Regular Gasoline,26,34,29,300.0
47083,2024,Nissan,Altima SL/SR,Midsize Cars,Front-Wheel Drive,Automatic (variable gear ratios),4.0,2.5,Regular Gasoline,27,36,30,287.0
47084,2024,Nissan,Altima SR,Midsize Cars,Front-Wheel Drive,Automatic (AV-S8),4.0,2.0,Regular Gasoline,25,34,29,311.0
47410,2024,Nissan,Armada 2WD,Standard Sport Utility Vehicle 2WD,Rear-Wheel Drive,Automatic (S7),8.0,5.6,Premium Gasoline,14,19,16,558.0
47437,2024,Nissan,Armada 4WD,Standard Sport Utility Vehicle 4WD,4-Wheel Drive,Automatic (S7),8.0,5.6,Premium Gasoline,13,18,15,594.0
47249,2024,Nissan,Frontier 2WD,Standard Pickup Trucks 2WD,Rear-Wheel Drive,Automatic (S9),6.0,3.8,Regular Gasoline,18,24,21,437.0
47250,2024,Nissan,Frontier 4WD,Standard Pickup Trucks 4WD,Part-time 4-Wheel Drive,Automatic (S9),6.0,3.8,Regular Gasoline,18,22,20,438.0
47251,2024,Nissan,Frontier 4WD PRO4X,Standard Pickup Trucks 4WD,Part-time 4-Wheel Drive,Automatic (S9),6.0,3.8,Regular Gasoline,18,21,19,469.0
46584,2024,Nissan,GT-R,Subcompact Cars,All-Wheel Drive,Automatic (AM-S6),6.0,3.8,Premium Gasoline,16,22,18,493.0
47240,2024,Nissan,Kicks,Midsize Cars,Front-Wheel Drive,Automatic (variable gear ratios),4.0,1.6,Regular Gasoline,31,36,33,269.0
47109,2024,Nissan,Murano AWD,Midsize Station Wagons,All-Wheel Drive,Automatic (AV-S7),6.0,3.5,Regular Gasoline,19,27,22,393.0
47108,2024,Nissan,Murano FWD,Midsize Station Wagons,Front-Wheel Drive,Automatic (AV-S7),6.0,3.5,Regular Gasoline,20,28,23,388.0
47139,2024,Nissan,Pathfinder 2WD,Small Sport Utility Vehicle 2WD,Front-Wheel Drive,Automatic (S9),6.0,3.5,Regular Gasoline,20,27,23,388.0
47156,2024,Nissan,Pathfinder 4WD,Small Sport Utility Vehicle 4WD,4-Wheel Drive,Automatic (S9),6.0,3.5,Regular Gasoline,21,27,23,379.0
47209,2024,Nissan,Pathfinder 4WD Platinum,Standard Sport Utility Vehicle 4WD,4-Wheel Drive,Automatic (S9),6.0,3.5,Regular Gasoline,20,25,22,400.0
47157,2024,Nissan,Pathfinder 4WD Rock Creek,Small Sport Utility Vehicle 4WD,4-Wheel Drive,Automatic (S9),6.0,3.5,Premium Gasoline,20,23,21,418.0
47665,2024,Nissan,Rogue AWD,Small Sport Utility Vehicle 4WD,All-Wheel Drive,Automatic (AV-S8),3.0,1.5,Regular Gasoline,28,35,31,287.0
47666,2024,Nissan,Rogue AWD SL/Platinum,Small Sport Utility Vehicle 4WD,All-Wheel Drive,Automatic (AV-S8),3.0,1.5,Regular Gasoline,28,34,31,287.0
47633,2024,Nissan,Rogue FWD,Small Sport Utility Vehicle 2WD,Front-Wheel Drive,Automatic (AV-S8),3.0,1.5,Regular Gasoline,30,37,33,269.0
47634,2024,Nissan,Rogue FWD SL/Platinum,Small Sport Utility Vehicle 2WD,Front-Wheel Drive,Automatic (AV-S8),3.0,1.5,Regular Gasoline,29,36,32,278.0
47241,2024,Nissan,Sentra,Midsize Cars,Front-Wheel Drive,Automatic (variable gear ratios),4.0,2.0,Regular Gasoline,30,40,34,262.0
47242,2024,Nissan,Sentra SR,Midsize Cars,Front-Wheel Drive,Automatic (variable gear ratios),4.0,2.0,Regular Gasoline,30,38,33,270.0
47116,2024,Nissan,Titan 2WD,Standard Pickup Trucks 2WD,Rear-Wheel Drive,Automatic (S9),8.0,5.6,Premium Gasoline,15,21,17,510.0
47127,2024,Nissan,Titan 4WD,Standard Pickup Trucks 4WD,Part-time 4-Wheel Drive,Automatic (S9),8.0,5.6,Premium Gasoline,15,21,17,519.0
47128,2024,Nissan,Titan 4WD PRO4X,Standard Pickup Trucks 4WD,Part-time 4-Wheel Drive,Automatic (S9),8.0,5.6,Premium Gasoline,14,20,16,546.0
47236,2024,Nissan,Versa,Compact Cars,Front-Wheel Drive,Automatic (variable gear ratios),4.0,1.6,Regular Gasoline,32,40,35,254.0
47237,2024,Nissan,Versa,Compact Cars,Front-Wheel Drive,Manual 5-spd,4.0,1.6,Regular Gasoline,27,35,30,296.0
47011,2024,Nissan,Z,Two Seaters,Rear-Wheel Drive,Manual 6-spd,6.0,3.0,Premium Gasoline,18,24,20,435.0
47012,2024,Nissan,Z,Two Seaters,Rear-Wheel Drive,Automatic (S9),6.0,3.0,Premium Gasoline,19,28,22,405.0
47013,2024,Nissan,Z NISMO,Two Seaters,Rear-Wheel Drive,Automatic (S9),6.0,3.0,Premium Gasoline,17,24,19,469.0
47019,2024,Porsche,718 Boxster,Two Seaters,Rear-Wheel Drive,Manual 6-spd,4.0,2.0,Premium Gasoline,20,25,22,409.0
47020,2024,Porsche,718 Boxster,Two Seaters,Rear-Wheel Drive,Automatic (AM-S7),4.0,2.0,Premium Gasoline,21,27,24,375.0
47025,2024,Porsche,718 Boxster GTS,Two Seaters,Rear-Wheel Drive,Manual 6-spd,6.0,4.0,Premium Gasoline,17,24,19,458.0
47026,2024,Porsche,718 Boxster GTS,Two Seaters,Rear-Wheel Drive,Automatic (AM-S7),6.0,4.0,Premium Gasoline,19,24,21,418.0
47023,2024,Porsche,718 Boxster S,Two Seaters,Rear-Wheel Drive,Manual 6-spd,4.0,2.5,Premium Gasoline,19,24,21,423.0
47024,2024,Porsche,718 Boxster S,Two Seaters,Rear-Wheel Drive,Automatic (AM-S7),4.0,2.5,Premium Gasoline,19,25,22,410.0
47021,2024,Porsche,718 Cayman,Two Seaters,Rear-Wheel Drive,Manual 6-spd,4.0,2.0,Premium Gasoline,20,25,22,409.0
47022,2024,Porsche,718 Cayman,Two Seaters,Rear-Wheel Drive,Automatic (AM-S7),4.0,2.0,Premium Gasoline,21,27,24,375.0
47027,2024,Porsche,718 Cayman GTS,Two Seaters,Rear-Wheel Drive,Manual 6-spd,6.0,4.0,Premium Gasoline,17,24,19,458.0
47028,2024,Porsche,718 Cayman GTS,Two Seaters,Rear-Wheel Drive,Automatic (AM-S7),6.0,4.0,Premium Gasoline,19,24,21,418.0
47029,2024,Porsche,718 Cayman S,Two Seaters,Rear-Wheel Drive,Manual 6-spd,4.0,2.5,Premium Gasoline,19,24,21,423.0
47030,2024,Porsche,718 Cayman S,Two Seaters,Rear-Wheel Drive,Automatic (AM-S7),4.0,2.5,Premium Gasoline,19,25,22,410.0
47031,2024,Porsche,718 GT4 RS,Two Seaters,Rear-Wheel Drive,Automatic (AM-S7),6.0,4.0,Premium Gasoline,15,19,16,544.0
47759,2024,Porsche,718 Spyder RS,Two Seaters,Rear-Wheel Drive,Automatic (AM-S7),6.0,4.0,Premium Gasoline,14,19,16,551.0
47290,2024,Porsche,911 Carrera,Minicompact Cars,Rear-Wheel Drive,Automatic (AM-S8),6.0,3.0,Premium Gasoline,18,24,20,443.0
47300,2024,Porsche,911 Carrera 4,Minicompact Cars,All-Wheel Drive,Automatic (AM-S8),6.0,3.0,Premium Gasoline,18,24,20,442.0
47301,2024,Porsche,911 Carrera 4 Cabriolet,Minicompact Cars,All-Wheel Drive,Automatic (AM-S8),6.0,3.0,Premium Gasoline,18,24,20,443.0
47310,2024,Porsche,911 Carrera 4 GTS,Minicompact Cars,All-Wheel Drive,Automatic (AM-S8),6.0,3.0,Premium Gasoline,17,23,19,464.0
47311,2024,Porsche,911 Carrera 4 GTS,Minicompact Cars,All-Wheel Drive,Manual 7-spd,6.0,3.0,Premium Gasoline,17,23,19,465.0
47312,2024,Porsche,911 Carrera 4 GTS Cabriolet,Minicompact Cars,All-Wheel Drive,Automatic (AM-S8),6.0,3.0,Premium Gasoline,17,22,19,463.0
47313,2024,Porsche,911 Carrera 4 GTS Cabriolet,Minicompact Cars,All-Wheel Drive,Manual 7-spd,6.0,3.0,Premium Gasoline,16,23,19,477.0
47296,2024,Porsche,911 Carrera 4S,Minicompact Cars,All-Wheel Drive,Manual 7-spd,6.0,3.0,Premium Gasoline,17,25,20,442.0
47297,2024,Porsche,911 Carrera 4S,Minicompact Cars,All-Wheel Drive,Automatic (AM-S8),6.0,3.0,Premium Gasoline,18,23,20,443.0
47298,2024,Porsche,911 Carrera 4S Cabriolet,Minicompact Cars,All-Wheel Drive,Manual 7-spd,6.0,3.0,Premium Gasoline,17,24,20,452.0
47299,2024,Porsche,911 Carrera 4S Cabriolet,Minicompact Cars,All-Wheel Drive,Automatic (AM-S8),6.0,3.0,Premium Gasoline,18,23,20,439.0
47291,2024,Porsche,911 Carrera Cabriolet,Minicompact Cars,Rear-Wheel Drive,Automatic (AM-S8),6.0,3.0,Premium Gasoline,18,24,20,443.0
47306,2024,Porsche,911 Carrera GTS,Minicompact Cars,Rear-Wheel Drive,Automatic (AM-S8),6.0,3.0,Premium Gasoline,17,23,19,465.0
47307,2024,Porsche,911 Carrera GTS,Minicompact Cars,Rear-Wheel Drive,Manual 7-spd,6.0,3.0,Premium Gasoline,17,24,20,444.0
47308,2024,Porsche,911 Carrera GTS Cabriolet,Minicompact Cars,Rear-Wheel Drive,Automatic (AM-S8),6.0,3.0,Premium Gasoline,17,23,19,465.0
47309,2024,Porsche,911 Carrera GTS Cabriolet,Minicompact Cars,Rear-Wheel Drive,Manual 7-spd,6.0,3.0,Premium Gasoline,17,24,20,448.0
47292,2024,Porsche,911 Carrera S,Minicompact Cars,Rear-Wheel Drive,Manual 7-spd,6.0,3.0,Premium Gasoline,18,25,21,425.0
47293,2024,Porsche,911 Carrera S,Minicompact Cars,Rear-Wheel Drive,Automatic (AM-S8),6.0,3.0,Premium Gasoline,18,23,20,441.0
47294,2024,Porsche,911 Carrera S Cabriolet,Minicompact Cars,Rear-Wheel Drive,Manual 7-spd,6.0,3.0,Premium Gasoline,17,25,20,443.0
47295,2024,Porsche,911 Carrera S Cabriolet,Minicompact Cars,Rear-Wheel Drive,Automatic (AM-S8),6.0,3.0,Premium Gasoline,18,23,20,439.0
46763,2024,Porsche,911 Carrera T,Minicompact Cars,Rear-Wheel Drive,Manual 7-spd,6.0,3.0,Premium Gasoline,17,25,20,443.0
46764,2024,Porsche,911 Carrera T,Minicompact Cars,Rear-Wheel Drive,Automatic (AM-S8),6.0,3.0,Premium Gasoline,18,24,20,444.0
47302,2024,Porsche,911 Dakar,Minicompact Cars,All-Wheel Drive,Automatic (AM-S8),6.0,3.0,Premium Gasoline,16,24,19,472.0
47014,2024,Porsche,911 GT3,Two Seaters,Rear-Wheel Drive,Automatic (AM-S7),6.0,4.0,Premium Gasoline,14,18,16,571.0
47015,2024,Porsche,911 GT3,Two Seaters,Rear-Wheel Drive,Manual 6-spd,6.0,4.0,Premium Gasoline,13,19,15,573.0
47018,2024,Porsche,911 GT3 RS,Two Seaters,Rear-Wheel Drive,Automatic (AM-S7),6.0,4.0,Premium Gasoline,14,18,16,570.0
47016,2024,Porsche,911 GT3 Touring,Two Seaters,Rear-Wheel Drive,Automatic (AM-S7),6.0,4.0,Premium Gasoline,14,18,16,571.0
47017,2024,Porsche,911 GT3 Touring,Two Seaters,Rear-Wheel Drive,Manual 6-spd,6.0,4.0,Premium Gasoline,13,19,15,573.0
47758,2024,Porsche,911 S/T,Two Seaters,Rear-Wheel Drive,Manual 6-spd,6.0,4.0,Premium Gasoline,13,19,15,584.0
47305,2024,Porsche,911 Targa 4,Minicompact Cars,All-Wheel Drive,Automatic (AM-S8),6.0,3.0,Premium Gasoline,18,24,20,442.0
47314,2024,Porsche,911 Targa 4 GTS,Minicompact Cars,All-Wheel Drive,Automatic (AM-S8),6.0,3.0,Premium Gasoline,17,22,19,461.0
47315,2024,Porsche,911 Targa 4 GTS,Minicompact Cars,All-Wheel Drive,Manual 7-spd,6.0,3.0,Premium Gasoline,16,23,19,477.0
47303,2024,Porsche,911 Targa 4S,Minicompact Cars,All-Wheel Drive,Automatic (AM-S8),6.0,3.0,Premium Gasoline,18,23,20,442.0
47304,2024,Porsche,911 Targa 4S,Minicompact Cars,All-Wheel Drive,Manual 7-spd,6.0,3.0,Premium Gasoline,17,24,20,447.0
47032,2024,Porsche,911 Turbo,Minicompact Cars,All-Wheel Drive,Automatic (AM-S8),6.0,3.7,Premium Gasoline,14,21,17,534.0
47033,2024,Porsche,911 Turbo Cabriolet,Minicompact Cars,All-Wheel Drive,Automatic (AM-S8),6.0,3.7,Premium Gasoline,14,20,16,546.0
47034,2024,Porsche,911 Turbo S,Minicompact Cars,All-Wheel Drive,Automatic (AM-S8),6.0,3.7,Premium Gasoline,14,20,16,556.0
47035,2024,Porsche,911 Turbo S Cabriolet,Minicompact Cars,All-Wheel Drive,Automatic (AM-S8),6.0,3.7,Premium Gasoline,14,20,16,549.0
46904,2024,Porsche,Cayenne,Standard Sport Utility Vehicle 4WD,All-Wheel Drive,Automatic (S8),6.0,3.0,Premium Gasoline,17,23,19,469.0
46905,2024,Porsche,Cayenne Coupe,Standard Sport Utility Vehicle 4WD,All-Wheel Drive,Automatic (S8),6.0,3.0,Premium Gasoline,17,23,19,469.0
46906,2024,Porsche,Cayenne S,Standard Sport Utility Vehicle 4WD,All-Wheel Drive,Automatic (S8),8.0,4.0,Premium Gasoline,15,21,17,521.0
46907,2024,Porsche,Cayenne S Coupe,Standard Sport Utility Vehicle 4WD,All-Wheel Drive,Automatic (S8),8.0,4.0,Premium Gasoline,15,21,17,521.0
46895,2024,Porsche,Macan,Small Sport Utility Vehicle 4WD,All-Wheel Drive,Automatic (AM-S7),4.0,2.0,Premium Gasoline,19,25,21,424.0
47160,2024,Porsche,Macan GTS,Small Sport Utility Vehicle 4WD,All-Wheel Drive,Automatic (AM-S7),6.0,2.9,Premium Gasoline,17,22,19,466.0
47158,2024,Porsche,Macan S,Small Sport Utility Vehicle 4WD,All-Wheel Drive,Automatic (AM-S7),6.0,2.9,Premium Gasoline,17,23,19,466.0
47159,2024,Porsche,Macan T,Small Sport Utility Vehicle 4WD,All-Wheel Drive,Automatic (AM-S7),4.0,2.0,Premium Gasoline,19,25,21,417.0
48457,2024,Porsche,Panamera,Large Cars,Rear-Wheel Drive,Automatic (AM-S8),6.0,2.9,Premium Gasoline,18,25,21,431.0
47761,2024,Porsche,Panamera 4,Large Cars,All-Wheel Drive,Automatic (AM-S8),6.0,2.9,Premium Gasoline,18,25,21,425.0
47606,2024,Ram,1500 Classic 2WD,Standard Pickup Trucks 2WD,Rear-Wheel Drive,Automatic 8-spd,6.0,3.6,Regular Gasoline,17,25,20,450.0
47607,2024,Ram,1500 Classic 2WD,Standard Pickup Trucks 2WD,Rear-Wheel Drive,Automatic 8-spd,8.0,5.7,Midgrade Gasoline,15,21,17,523.0
47622,2024,Ram,1500 Classic 4WD,Standard Pickup Trucks 4WD,4-Wheel Drive,Automatic 8-spd,6.0,3.6,Regular Gasoline,16,23,19,473.0
47623,2024,Ram,1500 Classic 4WD,Standard Pickup Trucks 4WD,4-Wheel Drive,Automatic 8-spd,8.0,5.7,Midgrade Gasoline,15,20,17,528.0
46855,2024,Ram,1500 TRX 4WD,Standard Pickup Trucks 4WD,4-Wheel Drive,Automatic 8-spd,8.0,6.2,Premium Gasoline,10,14,12,748.0
46809,2024,Rolls-Royce,Cullinan,Midsize Station Wagons,All-Wheel Drive,Automatic (S8),12.0,6.7,Premium Gasoline,12,19,14,627.0
46810,2024,Rolls-Royce,Cullinan Black Badge,Midsize Station Wagons,All-Wheel Drive,Automatic (S8),12.0,6.7,Premium Gasoline,12,19,14,627.0
46804,2024,Rolls-Royce,Ghost,Large Cars,All-Wheel Drive,Automatic (S8),12.0,6.7,Premium Gasoline,12,19,14,624.0
46806,2024,Rolls-Royce,Ghost Black Badge,Large Cars,All-Wheel Drive,Automatic (S8),12.0,6.7,Premium Gasoline,12,19,14,624.0
46805,2024,Rolls-Royce,Ghost Extended,Large Cars,All-Wheel Drive,Automatic (S8),12.0,6.7,Premium Gasoline,12,19,14,624.0
46802,2024,Rolls-Royce,Phantom,Large Cars,Rear-Wheel Drive,Automatic (S8),12.0,6.7,Premium Gasoline,12,18,14,639.0
46803,2024,Rolls-Royce,Phantom Extended,Large Cars,Rear-Wheel Drive,Automatic (S8),12.0,6.7,Premium Gasoline,12,18,14,639.0
47210,2024,Subaru,Ascent,Standard Sport Utility Vehicle 4WD,All-Wheel Drive,Automatic (AV-S8),4.0,2.4,Regular Gasoline,20,26,22,398.0
47211,2024,Subaru,Ascent Limited/Touring/Onyx AWD,Standard Sport Utility Vehicle 4WD,All-Wheel Drive,Automatic (AV-S8),4.0,2.4,Regular Gasoline,19,25,21,419.0
47554,2024,Subaru,BRZ,Minicompact Cars,Rear-Wheel Drive,Manual 6-spd,4.0,2.4,Premium Gasoline,20,27,22,398.0
47555,2024,Subaru,BRZ,Minicompact Cars,Rear-Wheel Drive,Automatic (S6),4.0,2.4,Premium Gasoline,21,30,25,361.0
46540,2024,Subaru,Crosstrek AWD,Small Sport Utility Vehicle 4WD,All-Wheel Drive,Automatic (AV-S8),4.0,2.0,Regular Gasoline,27,34,29,300.0
46737,2024,Subaru,Crosstrek AWD,Small Sport Utility Vehicle 4WD,All-Wheel Drive,Automatic (AV-S8),4.0,2.5,Regular Gasoline,26,33,29,305.0
47162,2024,Subaru,Crosstrek Wilderness AWD,Small Sport Utility Vehicle 4WD,All-Wheel Drive,Automatic (AV-S8),4.0,2.5,Regular Gasoline,25,29,27,332.0
47161,2024,Subaru,Forester AWD,Small Sport Utility Vehicle 4WD,All-Wheel Drive,Automatic (AV-S8),4.0,2.5,Regular Gasoline,26,33,29,310.0
47163,2024,Subaru,Forester Wilderness AWD,Small Sport Utility Vehicle 4WD,All-Wheel Drive,Automatic (AV-S8),4.0,2.5,Regular Gasoline,25,28,26,338.0
46530,2024,Subaru,Impreza,Small Station Wagons,All-Wheel Drive,Automatic (AV-S8),4.0,2.0,Regular Gasoline,27,34,30,297.0
46531,2024,Subaru,Impreza,Small Station Wagons,All-Wheel Drive,Automatic (AV-S8),4.0,2.5,Regular Gasoline,26,33,29,306.0
46528,2024,Subaru,Legacy AWD,Midsize Cars,All-Wheel Drive,Automatic (AV-S8),4.0,2.5,Regular Gasoline,27,35,30,295.0
46529,2024,Subaru,Legacy AWD,Midsize Cars,All-Wheel Drive,Automatic (AV-S8),4.0,2.4,Regular Gasoline,23,31,26,337.0
46541,2024,Subaru,Outback AWD,Small Sport Utility Vehicle 4WD,All-Wheel Drive,Automatic (AV-S8),4.0,2.5,Regular Gasoline,26,32,28,314.0
46542,2024,Subaru,Outback AWD,Small Sport Utility Vehicle 4WD,All-Wheel Drive,Automatic (AV-S8),4.0,2.4,Regular Gasoline,22,29,25,356.0
46543,2024,Subaru,Outback Wilderness AWD,Small Sport Utility Vehicle 4WD,All-Wheel Drive,Automatic (AV-S8),4.0,2.4,Regular Gasoline,21,26,23,378.0
47580,2024,Subaru,WRX,Midsize Cars,All-Wheel Drive,Manual 6-spd,4.0,2.4,Premium Gasoline,19,26,22,408.0
47581,2024,Subaru,WRX,Midsize Cars,All-Wheel Drive,Automatic (AV-S8),4.0,2.4,Premium Gasoline,18,25,21,422.0
47411,2024,Toyota,4Runner 2WD,Standard Sport Utility Vehicle 2WD,Rear-Wheel Drive,Automatic (S5),6.0,4.0,Regular Gasoline,16,19,17,503.0
47438,2024,Toyota,4Runner 4WD,Standard Sport Utility Vehicle 4WD,Part-time 4-Wheel Drive,Automatic (S5),6.0,4.0,Regular Gasoline,16,19,17,514.0
47439,2024,Toyota,4Runner 4WD,Standard Sport Utility Vehicle 4WD,All-Wheel Drive,Automatic (S5),6.0,4.0,Regular Gasoline,16,19,17,519.0
47085,2024,Toyota,Camry,Midsize Cars,Front-Wheel Drive,Automatic (S8),6.0,3.5,Regular Gasoline,22,33,26,338.0
47088,2024,Toyota,Camry AWD LE/SE,Midsize Cars,All-Wheel Drive,Automatic (S8),4.0,2.5,Regular Gasoline,25,34,29,310.0
47089,2024,Toyota,Camry AWD XLE/XSE,Midsize Cars,All-Wheel Drive,Automatic (S8),4.0,2.5,Regular Gasoline,25,34,28,315.0
47090,2024,Toyota,Camry LE/SE,Midsize Cars,Front-Wheel Drive,Automatic (S8),4.0,2.5,Regular Gasoline,28,39,32,280.0
47086,2024,Toyota,Camry TRD,Midsize Cars,Front-Wheel Drive,Automatic (S8),6.0,3.5,Regular Gasoline,22,31,25,354.0
47091,2024,Toyota,Camry XLE/XSE,Midsize Cars,Front-Wheel Drive,Automatic (S8),4.0,2.5,Regular Gasoline,27,38,31,286.0
47087,2024,Toyota,Camry XSE,Midsize Cars,Front-Wheel Drive,Automatic (S8),6.0,3.5,Regular Gasoline,22,32,26,345.0
47343,2024,Toyota,Corolla,Compact Cars,Front-Wheel Drive,Automatic (AV-S10),4.0,2.0,Regular Gasoline,32,41,35,254.0
47344,2024,Toyota,Corolla,Compact Cars,Front-Wheel Drive,Automatic (AV-S10),4.0,2.0,Regular Gasoline,31,40,34,258.0
47635,2024,Toyota,Corolla Cross,Small Sport Utility Vehicle 2WD,Front-Wheel Drive,Automatic (AV-S10),4.0,2.0,Regular Gasoline,31,33,32,276.0
47667,2024,Toyota,Corolla Cross AWD,Small Sport Utility Vehicle 4WD,All-Wheel Drive,Automatic (AV-S10),4.0,2.0,Regular Gasoline,29,31,30,294.0
47345,2024,Toyota,Corolla Hatchback,Compact Cars,Front-Wheel Drive,Automatic (AV-S10),4.0,2.0,Regular Gasoline,32,41,35,254.0
47346,2024,Toyota,Corolla Hatchback XSE,Compact Cars,Front-Wheel Drive,Automatic (AV-S10),4.0,2.0,Regular Gasoline,30,38,33,266.0
47556,2024,Toyota,GR 86,Minicompact Cars,Rear-Wheel Drive,Manual 6-spd,4.0,2.4,Premium Gasoline,20,26,22,401.0
47557,2024,Toyota,GR 86,Minicompact Cars,Rear-Wheel Drive,Automatic (S6),4.0,2.4,Premium Gasoline,21,30,24,366.0
47234,2024,Toyota,GR Corolla,Subcompact Cars,All-Wheel Drive,Manual 6-spd,3.0,1.6,Premium Gasoline,21,28,24,368.0
46636,2024,Toyota,GR Supra,Two Seaters,Rear-Wheel Drive,Automatic (S8),4.0,2.0,Premium Gasoline,25,31,27,322.0
46761,2024,Toyota,GR Supra,Two Seaters,Rear-Wheel Drive,Automatic (S8),6.0,3.0,Premium Gasoline,23,31,26,342.0
46762,2024,Toyota,GR Supra,Two Seaters,Rear-Wheel Drive,Manual 6-spd,6.0,3.0,Premium Gasoline,19,27,21,411.0
46755,2024,Toyota,Grand Highlander AWD LE/XLE,Standard Sport Utility Vehicle 4WD,All-Wheel Drive,Automatic (S8),4.0,2.4,Regular Gasoline,21,27,23,379.0
46756,2024,Toyota,Grand Highlander AWD Limited/Platinum,Standard Sport Utility Vehicle 4WD,All-Wheel Drive,Automatic (S8),4.0,2.4,Regular Gasoline,20,26,22,400.0
46743,2024,Toyota,Grand Highlander LE/XLE,Standard Sport Utility Vehicle 2WD,Front-Wheel Drive,Automatic (S8),4.0,2.4,Regular Gasoline,21,28,24,371.0
46744,2024,Toyota,Grand Highlander Limited,Standard Sport Utility Vehicle 2WD,Front-Wheel Drive,Automatic (S8),4.0,2.4,Regular Gasoline,21,28,24,366.0
47637,2024,Toyota,Highlander,Small Sport Utility Vehicle 2WD,Front-Wheel Drive,Automatic (S8),4.0,2.4,Regular Gasoline,22,29,25,359.0
47638,2024,Toyota,Highlander,Small Sport Utility Vehicle 2WD,Front-Wheel Drive,Automatic (S8),4.0,2.4,Regular Gasoline,21,28,24,370.0
47669,2024,Toyota,Highlander AWD,Small Sport Utility Vehicle 4WD,All-Wheel Drive,Automatic (S8),4.0,2.4,Regular Gasoline,21,28,24,371.0
47374,2024,Toyota,RAV4,Small Sport Utility Vehicle 2WD,Front-Wheel Drive,Automatic (S8),4.0,2.5,Regular Gasoline,27,35,30,292.0
47387,2024,Toyota,RAV4 AWD,Small Sport Utility Vehicle 4WD,All-Wheel Drive,Automatic (S8),4.0,2.5,Regular Gasoline,27,33,29,301.0
47388,2024,Toyota,RAV4 AWD,Small Sport Utility Vehicle 4WD,All-Wheel Drive,Automatic (S8),4.0,2.5,Regular Gasoline,25,33,28,319.0
47390,2024,Toyota,RAV4 AWD LE,Small Sport Utility Vehicle 4WD,All-Wheel Drive,Automatic (S8),4.0,2.5,Regular Gasoline,27,34,30,296.0
47389,2024,Toyota,RAV4 AWD TRD OFFROAD,Small Sport Utility Vehicle 4WD,All-Wheel Drive,Automatic (S8),4.0,2.5,Regular Gasoline,25,32,28,323.0
47590,2024,Toyota,Tacoma 2WD,Small Pickup Trucks 2WD,Rear-Wheel Drive,Automatic (S8),4.0,2.4,Regular Gasoline,20,26,23,394.0
47602,2024,Toyota,Tacoma 4WD,Small Pickup Trucks 4WD,Part-time 4-Wheel Drive,Automatic (S8),4.0,2.4,Regular Gasoline,19,24,21,424.0
47598,2024,Toyota,Tacoma 4WD MT,Small Pickup Trucks 4WD,Part-time 4-Wheel Drive,Manual 6-spd,4.0,2.4,Regular Gasoline,18,23,20,452.0
47599,2024,Toyota,Tacoma SR5/Sport/Off-Road/Limited 4WD,Small Pickup Trucks 4WD,Part-time 4-Wheel Drive,Automatic (S8),4.0,2.4,Regular Gasoline,19,23,21,433.0
47600,2024,Toyota,Tacoma SR5/Sport/Off-Road/Limited 4WD,Small Pickup Trucks 4WD,Part-time 4-Wheel Drive,Automatic (S8),4.0,2.4,Regular Gasoline,20,23,21,420.0
47601,2024,Toyota,Tacoma SR5/Sport/Off-Road/Limited 4WD,Small Pickup Trucks 4WD,Part-time 4-Wheel Drive,Automatic (S8),4.0,2.4,Regular Gasoline,19,24,21,424.0
47588,2024,Toyota,Tacoma SR5/Sport/PreRunner 2WD,Small Pickup Trucks 2WD,Rear-Wheel Drive,Automatic (S8),4.0,2.4,Regular Gasoline,20,24,22,405.0
47589,2024,Toyota,Tacoma SR5/Sport/PreRunner 2WD,Small Pickup Trucks 2WD,Rear-Wheel Drive,Automatic (S8),4.0,2.4,Regular Gasoline,21,26,23,393.0
47117,2024,Toyota,Tundra 2WD,Standard Pickup Trucks 2WD,Rear-Wheel Drive,Automatic (S10),6.0,3.4,Regular Gasoline,18,23,20,449.0
47118,2024,Toyota,Tundra 2WD,Standard Pickup Trucks 2WD,Rear-Wheel Drive,Automatic (S10),6.0,3.4,Regular Gasoline,18,23,20,442.0
47608,2024,Toyota,Tundra 2WD,Standard Pickup Trucks 2WD,Rear-Wheel Drive,Automatic (S10),6.0,3.4,Premium Gasoline,18,23,20,449.0
47609,2024,Toyota,Tundra 2WD,Standard Pickup Trucks 2WD,Rear-Wheel Drive,Automatic (S10),6.0,3.4,Premium Gasoline,18,23,20,442.0
47129,2024,Toyota,Tundra 4WD,Standard Pickup Trucks 4WD,Part-time 4-Wheel Drive,Automatic (S10),6.0,3.4,Regular Gasoline,17,23,19,459.0
47130,2024,Toyota,Tundra 4WD,Standard Pickup Trucks 4WD,Part-time 4-Wheel Drive,Automatic (S10),6.0,3.4,Regular Gasoline,17,22,19,460.0
47624,2024,Toyota,Tundra 4WD,Standard Pickup Trucks 4WD,Part-time 4-Wheel Drive,Automatic (S10),6.0,3.4,Premium Gasoline,17,23,19,459.0
47359,2024,Volkswagen,Arteon 4motion,Large Cars,All-Wheel Drive,Automatic (AM-S7),4.0,2.0,Premium Gasoline,22,30,25,361.0
46593,2024,Volkswagen,Atlas,Small Sport Utility Vehicle 2WD,Front-Wheel Drive,Automatic (S8),4.0,2.0,Regular Gasoline,20,27,23,393.0
46601,2024,Volkswagen,Atlas 4motion Peak Edition,Small Sport Utility Vehicle 4WD,All-Wheel Drive,Automatic (S8),4.0,2.0,Regular Gasoline,18,24,20,435.0
46594,2024,Volkswagen,Atlas Cross Sport,Small Sport Utility Vehicle 2WD,Front-Wheel Drive,Automatic (S8),4.0,2.0,Regular Gasoline,20,27,23,393.0
46603,2024,Volkswagen,Atlas Cross Sport 4motion,Small Sport Utility Vehicle 4WD,All-Wheel Drive,Automatic (S8),4.0,2.0,Regular Gasoline,19,26,22,407.0
46602,2024,Volkswagen,Atlas SE 4motion,Small Sport Utility Vehicle 4WD,All-Wheel Drive,Automatic (S8),4.0,2.0,Regular Gasoline,19,26,22,407.0
46604,2024,Volkswagen,Atlas SEL 4motion,Small Sport Utility Vehicle 4WD,All-Wheel Drive,Automatic (S8),4.0,2.0,Regular Gasoline,19,25,21,422.0
47057,2024,Volkswagen,GLI,Compact Cars,Front-Wheel Drive,Manual 6-spd,4.0,2.0,Regular Gasoline,24,35,28,319.0
48455,2024,Volkswagen,GLI,Compact Cars,Front-Wheel Drive,Automatic (AM-S7),4.0,2.0,Regular Gasoline,26,36,30,297.0
46780,2024,Volkswagen,GTI,Compact Cars,Front-Wheel Drive,Automatic (AM-S7),4.0,2.0,Regular Gasoline,24,33,27,323.0
46781,2024,Volkswagen,GTI,Compact Cars,Front-Wheel Drive,Manual 6-spd,4.0,2.0,Regular Gasoline,23,34,27,327.0
47053,2024,Volkswagen,Golf R,Compact Cars,All-Wheel Drive,Automatic (AM-S7),4.0,2.0,Premium Gasoline,22,31,25,349.0
47054,2024,Volkswagen,Golf R,Compact Cars,All-Wheel Drive,Manual 6-spd,4.0,2.0,Premium Gasoline,20,28,23,382.0
46782,2024,Volkswagen,Jetta,Compact Cars,Front-Wheel Drive,Manual 6-spd,4.0,1.5,Regular Gasoline,29,42,34,265.0
47055,2024,Volkswagen,Jetta,Compact Cars,Front-Wheel Drive,Automatic (S8),4.0,1.5,Regular Gasoline,30,41,34,263.0
47056,2024,Volkswagen,Jetta Sport/SE/SEL,Compact Cars,Front-Wheel Drive,Automatic (S8),4.0,1.5,Regular Gasoline,29,40,33,272.0
47142,2024,Volkswagen,Taos,Small Sport Utility Vehicle 2WD,Front-Wheel Drive,Automatic (S8),4.0,1.5,Regular Gasoline,28,36,31,286.0
47166,2024,Volkswagen,Taos 4motion,Small Sport Utility Vehicle 4WD,All-Wheel Drive,Automatic (AM-S7),4.0,1.5,Regular Gasoline,24,32,27,329.0
47141,2024,Volkswagen,Tiguan,Small Sport Utility Vehicle 2WD,Front-Wheel Drive,Automatic (S8),4.0,2.0,Regular Gasoline,23,30,26,345.0
47164,2024,Volkswagen,Tiguan 4motion,Small Sport Utility Vehicle 4WD,All-Wheel Drive,Automatic (S8),4.0,2.0,Regular Gasoline,22,29,25,357.0
47165,2024,Volkswagen,Tiguan R-Line 4motion,Small Sport Utility Vehicle 4WD,All-Wheel Drive,Automatic (S8),4.0,2.0,Regular Gasoline,22,29,24,367.0
47140,2024,Volkswagen,Tiguan S,Small Sport Utility Vehicle 2WD,Front-Wheel Drive,Automatic (S8),4.0,2.0,Regular Gasoline,24,31,27,331.0
49044,2025,Acura,ADX AWD,Small Station Wagons,All-Wheel Drive,Automatic (AV-S7),4.0,1.5,Premium Gasoline,25,30,27,329.0
49045,2025,Acura,ADX FWD,Small Station Wagons,Front-Wheel Drive,Automatic (AV-S7),4.0,1.5,Premium Gasoline,26,31,28,317.0
47938,2025,Acura,Integra,Large Cars,Front-Wheel Drive,Automatic (AV-S7),4.0,1.5,Premium Gasoline,30,37,33,269.0
48189,2025,Acura,Integra,Large Cars,Front-Wheel Drive,Manual 6-spd,4.0,2.0,Premium Gasoline,21,28,24,371.0
47939,2025,Acura,Integra A-Spec,Large Cars,Front-Wheel Drive,Automatic (AV-S7),4.0,1.5,Premium Gasoline,29,36,32,277.0
47940,2025,Acura,Integra A-Spec,Large Cars,Front-Wheel Drive,Manual 6-spd,4.0,1.5,Premium Gasoline,26,36,30,293.0
48070,2025,Acura,MDX AWD,Small Sport Utility Vehicle 4WD,All-Wheel Drive,Automatic (S10),6.0,3.5,Premium Gasoline,19,25,21,423.0
48113,2025,Acura,MDX AWD Type-S,Standard Sport Utility Vehicle 4WD,All-Wheel Drive,Automatic (S10),6.0,3.0,Premium Gasoline,17,21,19,474.0
48055,2025,Acura,MDX FWD,Small Sport Utility Vehicle 2WD,Front-Wheel Drive,Automatic (S10),6.0,3.5,Premium Gasoline,19,26,22,411.0
48526,2025,Acura,RDX AWD,Small Sport Utility Vehicle 4WD,All-Wheel Drive,Automatic (S10),4.0,2.0,Premium Gasoline,21,27,23,385.0
48527,2025,Acura,RDX AWD A-SPEC,Small Sport Utility Vehicle 4WD,All-Wheel Drive,Automatic (S10),4.0,2.0,Premium Gasoline,21,26,23,386.0
48161,2025,Acura,TLX AWD A-SPEC,Compact Cars,All-Wheel Drive,Automatic (S10),4.0,2.0,Premium Gasoline,21,29,24,371.0
48160,2025,Acura,TLX FWD,Compact Cars,Front-Wheel Drive,Automatic (S10),4.0,2.0,Premium Gasoline,22,31,25,352.0
48162,2025,Acura,TLX Type-S,Compact Cars,All-Wheel Drive,Automatic (S10),6.0,3.0,Premium Gasoline,19,25,21,420.0
48003,2025,Alfa Romeo,Giulia,Midsize Cars,Rear-Wheel Drive,Automatic 8-spd,4.0,2.0,Premium Gasoline,24,33,27,330.0
48004,2025,Alfa Romeo,Giulia AWD,Midsize Cars,All-Wheel Drive,Automatic 8-spd,4.0,2.0,Premium Gasoline,23,31,26,348.0
48071,2025,Alfa Romeo,Stelvio AWD,Small Sport Utility Vehicle 4WD,All-Wheel Drive,Automatic 8-spd,4.0,2.0,Premium Gasoline,22,28,24,364.0
48915,2025,Alfa Romeo,Tonale AWD,Small Sport Utility Vehicle 4WD,All-Wheel Drive,Automatic 9-spd,4.0,2.0,Regular Gasoline,21,29,24,372.0
47926,2025,Aston Martin,DB12 V8,Minicompact Cars,Rear-Wheel Drive,Automatic 8-spd,8.0,4.0,Premium Gasoline,15,22,17,507.0
47965,2025,Aston Martin,DBX 707,Standard Sport Utility Vehicle 4WD,4-Wheel Drive,Automatic 9-spd,8.0,4.0,Premium Gasoline,15,20,17,537.0
48801,2025,Aston Martin,Vanquish,Two Seaters,Rear-Wheel Drive,Automatic 8-spd,12.0,5.2,Premium Gasoline,13,21,16,563.0
47925,2025,Aston Martin,Vantage,Two Seaters,Rear-Wheel Drive,Automatic 8-spd,8.0,4.0,Premium Gasoline,15,22,18,498.0
47969,2025,Audi,A3 quattro,Subcompact Cars,All-Wheel Drive,Automatic (AM-S7),4.0,2.0,Premium Gasoline,24,34,28,320.0
49040,2025,Audi,A5 quattro,Midsize Cars,All-Wheel Drive,Automatic (AM-S7),4.0,2.0,Premium Gasoline,22,31,26,349.0
48260,2025,Audi,Q3,Small Sport Utility Vehicle 4WD,All-Wheel Drive,Automatic (S8),4.0,2.0,Premium Gasoline,22,29,25,360.0
48528,2025,Audi,Q3 S-Line quattro,Small Sport Utility Vehicle 4WD,All-Wheel Drive,Automatic (S8),4.0,2.0,Premium Gasoline,20,28,23,386.0
49052,2025,Audi,Q5 Sportback TFSI quattro,Small Sport Utility Vehicle 4WD,All-Wheel Drive,Automatic (AM-S7),4.0,2.0,Premium Gasoline,22,30,25,358.0
49051,2025,Audi,Q5 TFSI quattro,Small Sport Utility Vehicle 4WD,All-Wheel Drive,Automatic (AM-S7),4.0,2.0,Premium Gasoline,22,30,25,358.0
47804,2025,Audi,Q7,Standard Sport Utility Vehicle 4WD,All-Wheel Drive,Automatic (S8),4.0,2.0,Premium Gasoline,20,26,22,405.0
49136,2025,Audi,RS 3,Subcompact Cars,All-Wheel Drive,Automatic (AM-S7),5.0,2.5,Premium Gasoline,20,29,23,385.0
48006,2025,Audi,RS 5 Sportback,Midsize Cars,All-Wheel Drive,Automatic (S8),6.0,2.9,Premium Gasoline,18,25,20,438.0
48150,2025,Audi,S3,Subcompact Cars,All-Wheel Drive,Automatic (AM-S7),4.0,2.0,Premium Gasoline,23,31,26,344.0
47973,2025,Audi,S4,Compact Cars,All-Wheel Drive,Automatic (S8),6.0,3.0,Premium Gasoline,20,29,24,377.0
49041,2025,Audi,S5,Midsize Cars,All-Wheel Drive,Automatic (AM-S7),6.0,3.0,Premium Gasoline,19,28,22,397.0
48005,2025,Audi,S5 Sportback,Midsize Cars,All-Wheel Drive,Automatic (S8),6.0,3.0,Premium Gasoline,20,29,23,384.0
48072,2025,Audi,SQ5,Small Sport Utility Vehicle 4WD,All-Wheel Drive,Automatic (S8),6.0,3.0,Premium Gasoline,19,24,21,427.0
49049,2025,Audi,SQ5,Small Sport Utility Vehicle 4WD,All-Wheel Drive,Automatic (AM-S7),6.0,3.0,Premium Gasoline,19,26,22,404.0
48073,2025,Audi,SQ5 Sportback,Small Sport Utility Vehicle 4WD,All-Wheel Drive,Automatic (S8),6.0,3.0,Premium Gasoline,19,24,21,427.0
49050,2025,Audi,SQ5 Sportback,Small Sport Utility Vehicle 4WD,All-Wheel Drive,Automatic (AM-S7),6.0,3.0,Premium Gasoline,19,26,22,404.0
47806,2025,Audi,SQ7,Standard Sport Utility Vehicle 4WD,All-Wheel Drive,Automatic (S8),8.0,4.0,Premium Gasoline,15,21,17,524.0
48114,2025,Audi,SQ8,Standard Sport Utility Vehicle 4WD,All-Wheel Drive,Automatic (S8),8.0,4.0,Premium Gasoline,15,21,17,518.0
48841,2025,BMW,228 xDrive Gran Coupe,Compact Cars,All-Wheel Drive,Automatic (AM-S7),4.0,2.0,Premium Gasoline,26,38,30,288.0
48151,2025,BMW,230i Coupe,Subcompact Cars,Rear-Wheel Drive,Automatic (S8),4.0,2.0,Premium Gasoline,26,35,30,296.0
48152,2025,BMW,230i xDrive Coupe,Subcompact Cars,All-Wheel Drive,Automatic (S8),4.0,2.0,Premium Gasoline,25,33,28,313.0
47698,2025,BMW,840i Convertible,Subcompact Cars,Rear-Wheel Drive,Automatic (S8),6.0,3.0,Premium Gasoline,21,29,24,368.0
47696,2025,BMW,840i Coupe,Subcompact Cars,Rear-Wheel Drive,Automatic (S8),6.0,3.0,Premium Gasoline,21,29,24,368.0
47712,2025,BMW,840i Gran Coupe,Midsize Cars,Rear-Wheel Drive,Automatic (S8),6.0,3.0,Premium Gasoline,21,29,24,368.0
47699,2025,BMW,840i xDrive Convertible,Subcompact Cars,All-Wheel Drive,Automatic (S8),6.0,3.0,Premium Gasoline,21,29,24,373.0
47697,2025,BMW,840i xDrive Coupe,Subcompact Cars,All-Wheel Drive,Automatic (S8),6.0,3.0,Premium Gasoline,21,29,24,373.0
47713,2025,BMW,840i xDrive Gran Coupe,Midsize Cars,All-Wheel Drive,Automatic (S8),6.0,3.0,Premium Gasoline,21,29,24,373.0
47715,2025,BMW,Alpina B8 Gran Coupe,Midsize Cars,All-Wheel Drive,Automatic (S8),8.0,4.4,Premium Gasoline,17,24,19,458.0
47970,2025,BMW,M2 Coupe,Subcompact Cars,Rear-Wheel Drive,Automatic (S8),6.0,3.0,Premium Gasoline,16,23,19,466.0
48155,2025,BMW,M2 Coupe,Subcompact Cars,Rear-Wheel Drive,Manual 6-spd,6.0,3.0,Premium Gasoline,16,23,19,473.0
48842,2025,BMW,M235 xDrive Gran Coupe,Compact Cars,All-Wheel Drive,Automatic (AM-S7),4.0,2.0,Premium Gasoline,24,33,27,321.0
48153,2025,BMW,M240i Coupe,Subcompact Cars,Rear-Wheel Drive,Automatic (S8),6.0,3.0,Premium Gasoline,23,32,26,339.0
48154,2025,BMW,M240i xDrive Coupe,Subcompact Cars,All-Wheel Drive,Automatic (S8),6.0,3.0,Premium Gasoline,23,32,26,336.0
47978,2025,BMW,M3 Competition M xDrive Sedan,Compact Cars,All-Wheel Drive,Automatic (S8),6.0,3.0,Premium Gasoline,16,23,18,477.0
47977,2025,BMW,M3 Competition Sedan,Compact Cars,Rear-Wheel Drive,Automatic (S8),6.0,3.0,Premium Gasoline,16,23,19,470.0
47976,2025,BMW,M3 Sedan,Compact Cars,Rear-Wheel Drive,Manual 6-spd,6.0,3.0,Premium Gasoline,16,23,19,472.0
47971,2025,BMW,M4 CS Coupe,Subcompact Cars,All-Wheel Drive,Automatic (S8),6.0,3.0,Premium Gasoline,16,23,18,478.0
47774,2025,BMW,M4 Competition Coupe,Subcompact Cars,Rear-Wheel Drive,Automatic (S8),6.0,3.0,Premium Gasoline,16,23,19,470.0
47776,2025,BMW,M4 Competition M xDrive Convertible,Subcompact Cars,All-Wheel Drive,Automatic (S8),6.0,3.0,Premium Gasoline,16,22,18,479.0
47775,2025,BMW,M4 Competition M xDrive Coupe,Subcompact Cars,All-Wheel Drive,Automatic (S8),6.0,3.0,Premium Gasoline,16,23,18,472.0
47773,2025,BMW,M4 Coupe,Subcompact Cars,Rear-Wheel Drive,Manual 6-spd,6.0,3.0,Premium Gasoline,16,23,19,472.0
47703,2025,BMW,M8 Competition Convertible,Subcompact Cars,All-Wheel Drive,Automatic (S8),8.0,4.4,Premium Gasoline,15,22,17,517.0
47702,2025,BMW,M8 Competition Coupe,Subcompact Cars,All-Wheel Drive,Automatic (S8),8.0,4.4,Premium Gasoline,15,22,17,517.0
47716,2025,BMW,M8 Competition Gran Coupe,Midsize Cars,All-Wheel Drive,Automatic (S8),8.0,4.4,Premium Gasoline,15,22,17,517.0
47701,2025,BMW,M850i xDrive Convertible,Subcompact Cars,All-Wheel Drive,Automatic (S8),8.0,4.4,Premium Gasoline,17,24,19,458.0
47700,2025,BMW,M850i xDrive Coupe,Subcompact Cars,All-Wheel Drive,Automatic (S8),8.0,4.4,Premium Gasoline,17,24,19,456.0
47714,2025,BMW,M850i xDrive Gran Coupe,Midsize Cars,All-Wheel Drive,Automatic (S8),8.0,4.4,Premium Gasoline,17,24,19,458.0
48262,2025,BMW,X1 M35i,Small Sport Utility Vehicle 4WD,All-Wheel Drive,Automatic (AM-S7),4.0,2.0,Premium Gasoline,23,31,26,334.0
48261,2025,BMW,X1 xDrive28i,Small Sport Utility Vehicle 4WD,All-Wheel Drive,Automatic (AM-S7),4.0,2.0,Premium Gasoline,24,33,28,318.0
48264,2025,BMW,X2 M35i,Small Sport Utility Vehicle 4WD,All-Wheel Drive,Automatic (AM-S7),4.0,2.0,Premium Gasoline,23,32,26,332.0
48263,2025,BMW,X2 xDrive28i,Small Sport Utility Vehicle 4WD,All-Wheel Drive,Automatic (AM-S7),4.0,2.0,Premium Gasoline,24,33,28,318.0
48081,2025,BMW,X4 M,Small Sport Utility Vehicle 4WD,All-Wheel Drive,Automatic (S8),6.0,3.0,Premium Gasoline,15,20,17,519.0
48082,2025,BMW,X4 M Competition,Small Sport Utility Vehicle 4WD,All-Wheel Drive,Automatic (S8),6.0,3.0,Premium Gasoline,15,20,17,519.0
48079,2025,BMW,X4 xDrive30i,Small Sport Utility Vehicle 4WD,All-Wheel Drive,Automatic (S8),4.0,2.0,Premium Gasoline,21,27,24,372.0
47763,2025,BMW,Z4 M40i,Two Seaters,Rear-Wheel Drive,Automatic (S8),6.0,3.0,Premium Gasoline,23,29,25,346.0
47764,2025,BMW,Z4 M40i,Two Seaters,Rear-Wheel Drive,Manual 6-spd,6.0,3.0,Premium Gasoline,19,26,22,407.0
47695,2025,BMW,Z4 sDrive30i,Two Seaters,Rear-Wheel Drive,Automatic (S8),4.0,2.0,Premium Gasoline,25,33,28,312.0
48554,2025,Bentley,Bentayga,Standard Sport Utility Vehicle 4WD,All-Wheel Drive,Automatic (S8),8.0,4.0,Premium Gasoline,14,21,16,553.0
48555,2025,Bentley,Bentayga EWB,Standard Sport Utility Vehicle 4WD,All-Wheel Drive,Automatic (S8),8.0,4.0,Premium Gasoline,14,21,16,553.0
48578,2025,Bugatti,Mistral,Two Seaters,All-Wheel Drive,Automatic (AM-S7),16.0,8.0,Premium Gasoline,8,12,9,943.0
48116,2025,Buick,Enclave AWD,Standard Sport Utility Vehicle 4WD,All-Wheel Drive,Automatic 8-spd,4.0,2.5,Regular Gasoline,19,24,21,422.0
48109,2025,Buick,Enclave FWD,Standard Sport Utility Vehicle 2WD,Front-Wheel Drive,Automatic 8-spd,4.0,2.5,Regular Gasoline,20,27,23,387.0
47791,2025,Buick,Encore GX AWD,Small Sport Utility Vehicle 4WD,All-Wheel Drive,Automatic 9-spd,3.0,1.3,Regular Gasoline,26,28,27,339.0
47785,2025,Buick,Encore GX FWD,Small Sport Utility Vehicle 2WD,Front-Wheel Drive,Automatic (variable gear ratios),3.0,1.3,Regular Gasoline,29,31,30,297.0
48083,2025,Buick,Envision AWD,Small Sport Utility Vehicle 4WD,All-Wheel Drive,Automatic (S9),4.0,2.0,Regular Gasoline,22,28,24,371.0
47780,2025,Buick,Envista,Small Station Wagons,Front-Wheel Drive,Automatic 6-spd,3.0,1.2,Regular Gasoline,28,32,30,296.0
47979,2025,Cadillac,CT4,Compact Cars,Rear-Wheel Drive,Automatic (S8),4.0,2.0,Premium Gasoline,22,32,26,345.0
47981,2025,Cadillac,CT4,Compact Cars,Rear-Wheel Drive,Automatic (S10),4.0,2.7,Premium Gasoline,21,31,25,356.0
47980,2025,Cadillac,CT4 AWD,Compact Cars,All-Wheel Drive,Automatic (S8),4.0,2.0,Premium Gasoline,21,31,25,357.0
47983,2025,Cadillac,CT4 AWD,Compact Cars,All-Wheel Drive,Automatic (S10),4.0,2.7,Premium Gasoline,21,29,24,371.0
47982,2025,Cadillac,CT4 V,Compact Cars,Rear-Wheel Drive,Automatic (S10),4.0,2.7,Premium Gasoline,20,29,23,383.0
47985,2025,Cadillac,CT4 V,Compact Cars,Rear-Wheel Drive,Automatic (S10),6.0,3.6,Premium Gasoline,16,24,19,478.0
47986,2025,Cadillac,CT4 V,Compact Cars,Rear-Wheel Drive,Manual 6-spd,6.0,3.6,Premium Gasoline,15,23,18,493.0
47984,2025,Cadillac,CT4 V AWD,Compact Cars,All-Wheel Drive,Automatic (S10),4.0,2.7,Premium Gasoline,20,28,23,387.0
47931,2025,Cadillac,CT5,Midsize Cars,Rear-Wheel Drive,Automatic (S10),6.0,3.0,Premium Gasoline,19,28,22,399.0
47934,2025,Cadillac,CT5,Midsize Cars,Rear-Wheel Drive,Automatic (S10),4.0,2.0,Premium Gasoline,23,32,26,341.0
47933,2025,Cadillac,CT5 AWD,Midsize Cars,All-Wheel Drive,Automatic (S10),6.0,3.0,Premium Gasoline,18,26,21,422.0
47935,2025,Cadillac,CT5 AWD,Midsize Cars,All-Wheel Drive,Automatic (S10),4.0,2.0,Premium Gasoline,21,30,25,361.0
47930,2025,Cadillac,CT5 V,Midsize Cars,Rear-Wheel Drive,Automatic (S10),6.0,3.0,Premium Gasoline,18,27,21,424.0
48013,2025,Cadillac,CT5 V,Midsize Cars,Rear-Wheel Drive,Automatic (S10),8.0,6.2,Premium Gasoline,13,20,15,579.0
48014,2025,Cadillac,CT5 V,Midsize Cars,Rear-Wheel Drive,Manual 6-spd,8.0,6.2,Premium Gasoline,13,20,15,587.0
47932,2025,Cadillac,CT5 V AWD,Midsize Cars,All-Wheel Drive,Automatic (S10),6.0,3.0,Premium Gasoline,17,26,20,445.0
48620,2025,Cadillac,Escalade 2WD,Standard Sport Utility Vehicle 2WD,Rear-Wheel Drive,Automatic 10-spd,8.0,6.2,Premium Gasoline,15,19,17,537.0
48629,2025,Cadillac,Escalade 4WD,Standard Sport Utility Vehicle 4WD,4-Wheel Drive,Automatic 10-spd,8.0,6.2,Premium Gasoline,14,18,16,572.0
48556,2025,Cadillac,Escalade V AWD,Standard Sport Utility Vehicle 4WD,4-Wheel Drive,Automatic (S10),8.0,6.2,Premium Gasoline,11,17,13,683.0
48088,2025,Cadillac,XT4 AWD,Small Sport Utility Vehicle 4WD,All-Wheel Drive,Automatic (S9),4.0,2.0,Premium Gasoline,23,28,25,357.0
48056,2025,Cadillac,XT4 FWD,Small Sport Utility Vehicle 2WD,Front-Wheel Drive,Automatic (S9),4.0,2.0,Premium Gasoline,24,29,26,343.0
48084,2025,Cadillac,XT5 AWD,Small Sport Utility Vehicle 4WD,All-Wheel Drive,Automatic (S9),4.0,2.0,Premium Gasoline,21,27,23,386.0
48086,2025,Cadillac,XT5 AWD,Small Sport Utility Vehicle 4WD,All-Wheel Drive,Automatic (S9),6.0,3.6,Regular Gasoline,18,26,21,424.0
48057,2025,Cadillac,XT5 FWD,Small Sport Utility Vehicle 2WD,Front-Wheel Drive,Automatic (S9),4.0,2.0,Premium Gasoline,22,29,24,370.0
48059,2025,Cadillac,XT5 FWD,Small Sport Utility Vehicle 2WD,Front-Wheel Drive,Automatic (S9),6.0,3.6,Regular Gasoline,19,26,21,418.0
48085,2025,Cadillac,XT6 AWD,Small Sport Utility Vehicle 4WD,All-Wheel Drive,Automatic (S9),4.0,2.0,Premium Gasoline,21,26,23,386.0
48087,2025,Cadillac,XT6 AWD,Small Sport Utility Vehicle 4WD,All-Wheel Drive,Automatic (S9),6.0,3.6,Regular Gasoline,18,25,20,435.0
48058,2025,Cadillac,XT6 FWD,Small Sport Utility Vehicle 2WD,Front-Wheel Drive,Automatic (S9),4.0,2.0,Premium Gasoline,21,27,23,386.0
48060,2025,Cadillac,XT6 FWD,Small Sport Utility Vehicle 2WD,Front-Wheel Drive,Automatic (S9),6.0,3.6,Regular Gasoline,19,26,21,418.0
48090,2025,Chevrolet,Blazer AWD,Small Sport Utility Vehicle 4WD,All-Wheel Drive,Automatic 9-spd,4.0,2.0,Regular Gasoline,22,27,24,368.0
48091,2025,Chevrolet,Blazer AWD,Small Sport Utility Vehicle 4WD,All-Wheel Drive,Automatic 9-spd,6.0,3.6,Regular Gasoline,18,26,21,422.0
48062,2025,Chevrolet,Blazer FWD,Small Sport Utility Vehicle 2WD,Front-Wheel Drive,Automatic 9-spd,4.0,2.0,Regular Gasoline,22,29,25,350.0
48063,2025,Chevrolet,Blazer FWD,Small Sport Utility Vehicle 2WD,Front-Wheel Drive,Automatic 9-spd,6.0,3.6,Regular Gasoline,19,26,22,411.0
48882,2025,Chevrolet,Colorado 2WD,Standard Pickup Trucks 2WD,Rear-Wheel Drive,Automatic 8-spd,4.0,2.7,Regular Gasoline,19,23,20,434.0
48888,2025,Chevrolet,Colorado 4WD,Standard Pickup Trucks 4WD,4-Wheel Drive,Automatic 8-spd,4.0,2.7,Regular Gasoline,17,21,19,487.0
48889,2025,Chevrolet,Colorado Mud Terrain Tires 4WD,Standard Pickup Trucks 4WD,4-Wheel Drive,Automatic 8-spd,4.0,2.7,Regular Gasoline,17,20,18,494.0
48890,2025,Chevrolet,Colorado ZR2 4WD,Standard Pickup Trucks 4WD,4-Wheel Drive,Automatic 8-spd,4.0,2.7,Regular Gasoline,17,17,17,527.0
48891,2025,Chevrolet,Colorado ZR2 Bison 4WD,Standard Pickup Trucks 4WD,4-Wheel Drive,Automatic 8-spd,4.0,2.7,Regular Gasoline,16,16,16,564.0
48477,2025,Chevrolet,Corvette,Two Seaters,Rear-Wheel Drive,Automatic (S8),8.0,6.2,Premium Gasoline,16,25,19,471.0
48479,2025,Chevrolet,Corvette Z06,Two Seaters,Rear-Wheel Drive,Automatic (S8),8.0,5.5,Premium Gasoline,12,20,14,614.0
48480,2025,Chevrolet,Corvette Z06 Carbon Aero,Two Seaters,Rear-Wheel Drive,Automatic (S8),8.0,5.5,Premium Gasoline,12,19,14,631.0
49031,2025,Chevrolet,Corvette ZR1,Two Seaters,Rear-Wheel Drive,Automatic (S8),8.0,5.5,Premium Gasoline,12,18,14,637.0
48089,2025,Chevrolet,Equinox AWD,Small Sport Utility Vehicle 4WD,All-Wheel Drive,Automatic 8-spd,4.0,1.5,Regular Gasoline,24,29,26,344.0
48061,2025,Chevrolet,Equinox FWD,Small Sport Utility Vehicle 2WD,Front-Wheel Drive,Automatic (variable gear ratios),4.0,1.5,Regular Gasoline,26,28,27,332.0
48015,2025,Chevrolet,Malibu,Midsize Cars,Front-Wheel Drive,Automatic (variable gear ratios),4.0,1.5,Regular Gasoline,28,36,31,283.0
48200,2025,Chevrolet,Silverado 2WD,Standard Pickup Trucks 2WD,Rear-Wheel Drive,Automatic 8-spd,4.0,2.7,Regular Gasoline,17,21,19,470.0
48201,2025,Chevrolet,Silverado 2WD,Standard Pickup Trucks 2WD,Rear-Wheel Drive,Automatic 8-spd,4.0,2.7,Regular Gasoline,18,21,19,468.0
48202,2025,Chevrolet,Silverado 2WD,Standard Pickup Trucks 2WD,Rear-Wheel Drive,Automatic 10-spd,8.0,5.3,Regular Gasoline,16,21,18,490.0
48203,2025,Chevrolet,Silverado 2WD,Standard Pickup Trucks 2WD,Rear-Wheel Drive,Automatic 10-spd,8.0,5.3,Regular Gasoline,16,21,18,491.0
48214,2025,Chevrolet,Silverado 4WD,Standard Pickup Trucks 4WD,4-Wheel Drive,Automatic 8-spd,4.0,2.7,Regular Gasoline,17,20,18,482.0
48215,2025,Chevrolet,Silverado 4WD,Standard Pickup Trucks 4WD,4-Wheel Drive,Automatic 8-spd,4.0,2.7,Regular Gasoline,17,20,18,481.0
48220,2025,Chevrolet,Silverado 4WD,Standard Pickup Trucks 4WD,4-Wheel Drive,Automatic 10-spd,8.0,6.2,Premium Gasoline,15,20,17,528.0
48223,2025,Chevrolet,Silverado 4WD,Standard Pickup Trucks 4WD,4-Wheel Drive,Automatic 10-spd,8.0,5.3,Regular Gasoline,15,19,16,546.0
48225,2025,Chevrolet,Silverado 4WD,Standard Pickup Trucks 4WD,4-Wheel Drive,Automatic 10-spd,8.0,5.3,Regular Gasoline,16,19,17,520.0
48227,2025,Chevrolet,Silverado 4WD,Standard Pickup Trucks 4WD,4-Wheel Drive,Automatic 10-spd,8.0,5.3,Regular Gasoline,16,19,17,525.0
48222,2025,Chevrolet,Silverado 4WD ZR2,Standard Pickup Trucks 4WD,4-Wheel Drive,Automatic 10-spd,8.0,6.2,Premium Gasoline,14,17,15,591.0
48248,2025,Chevrolet,Silverado Cab Chassis 2WD,Special Purpose Vehicle 2WD,Rear-Wheel Drive,Automatic 10-spd,8.0,5.3,Regular Gasoline,15,18,16,551.0
48249,2025,Chevrolet,Silverado Cab Chassis 4WD,Special Purpose Vehicle 4WD,4-Wheel Drive,Automatic 10-spd,8.0,5.3,Regular Gasoline,14,16,15,592.0
48216,2025,Chevrolet,Silverado Mud Terrain Tires 4WD,Standard Pickup Trucks 4WD,4-Wheel Drive,Automatic 8-spd,4.0,2.7,Regular Gasoline,16,17,16,541.0
48217,2025,Chevrolet,Silverado Mud Terrain Tires 4WD,Standard Pickup Trucks 4WD,4-Wheel Drive,Automatic 8-spd,4.0,2.7,Regular Gasoline,16,17,16,538.0
48221,2025,Chevrolet,Silverado Mud Terrain Tires 4WD,Standard Pickup Trucks 4WD,4-Wheel Drive,Automatic 10-spd,8.0,6.2,Premium Gasoline,14,17,15,593.0
48224,2025,Chevrolet,Silverado Mud Terrain Tires 4WD,Standard Pickup Trucks 4WD,4-Wheel Drive,Automatic 10-spd,8.0,5.3,Regular Gasoline,15,19,16,546.0
48226,2025,Chevrolet,Silverado Mud Terrain Tires 4WD,Standard Pickup Trucks 4WD,4-Wheel Drive,Automatic 10-spd,8.0,5.3,Regular Gasoline,15,18,16,545.0
48228,2025,Chevrolet,Silverado Mud Terrain Tires 4WD,Standard Pickup Trucks 4WD,4-Wheel Drive,Automatic 10-spd,8.0,5.3,Regular Gasoline,15,18,16,545.0
48622,2025,Chevrolet,Suburban 2WD,Standard Sport Utility Vehicle 2WD,Rear-Wheel Drive,Automatic 10-spd,8.0,6.2,Premium Gasoline,15,19,16,544.0
48624,2025,Chevrolet,Suburban 2WD,Standard Sport Utility Vehicle 2WD,Rear-Wheel Drive,Automatic 10-spd,8.0,5.3,Regular Gasoline,15,20,17,530.0
48631,2025,Chevrolet,Suburban 4WD,Standard Sport Utility Vehicle 4WD,4-Wheel Drive,Automatic 10-spd,8.0,6.2,Premium Gasoline,14,18,16,572.0
48633,2025,Chevrolet,Suburban 4WD,Standard Sport Utility Vehicle 4WD,4-Wheel Drive,Automatic 10-spd,8.0,5.3,Regular Gasoline,14,19,16,571.0
48621,2025,Chevrolet,Tahoe 2WD,Standard Sport Utility Vehicle 2WD,Rear-Wheel Drive,Automatic 10-spd,8.0,6.2,Premium Gasoline,15,20,17,523.0
48623,2025,Chevrolet,Tahoe 2WD,Standard Sport Utility Vehicle 2WD,Rear-Wheel Drive,Automatic 10-spd,8.0,5.3,Regular Gasoline,15,20,17,530.0
48630,2025,Chevrolet,Tahoe 4WD,Standard Sport Utility Vehicle 4WD,4-Wheel Drive,Automatic 10-spd,8.0,6.2,Premium Gasoline,14,18,16,572.0
48632,2025,Chevrolet,Tahoe 4WD,Standard Sport Utility Vehicle 4WD,4-Wheel Drive,Automatic 10-spd,8.0,5.3,Regular Gasoline,15,19,17,535.0
48953,2025,Chevrolet,Tahoe 4WD,Standard Sport Utility Vehicle 4WD,4-Wheel Drive,Automatic 10-spd,8.0,5.3,Regular Gasoline,14,18,16,571.0
47792,2025,Chevrolet,Trailblazer AWD,Small Sport Utility Vehicle 4WD,All-Wheel Drive,Automatic 9-spd,3.0,1.3,Regular Gasoline,26,29,27,329.0
47787,2025,Chevrolet,Trailblazer FWD,Small Sport Utility Vehicle 2WD,Front-Wheel Drive,Automatic (variable gear ratios),3.0,1.3,Regular Gasoline,29,33,31,287.0
48117,2025,Chevrolet,Traverse AWD,Standard Sport Utility Vehicle 4WD,All-Wheel Drive,Automatic 8-spd,4.0,2.5,Regular Gasoline,19,24,21,422.0
48110,2025,Chevrolet,Traverse FWD,Standard Sport Utility Vehicle 2WD,Front-Wheel Drive,Automatic 8-spd,4.0,2.5,Regular Gasoline,20,27,23,388.0
47781,2025,Chevrolet,Trax,Small Station Wagons,Front-Wheel Drive,Automatic 6-spd,3.0,1.2,Regular Gasoline,28,31,29,306.0
48252,2025,Chrysler,Pacifica,Minivan - 2WD,Front-Wheel Drive,Automatic 9-spd,6.0,3.6,Regular Gasoline,19,28,22,401.0
48255,2025,Chrysler,Pacifica AWD,Minivan - 4WD,All-Wheel Drive,Automatic 9-spd,6.0,3.6,Regular Gasoline,17,25,20,450.0
48253,2025,Chrysler,Voyager,Minivan - 2WD,Front-Wheel Drive,Automatic 9-spd,6.0,3.6,Regular Gasoline,19,28,22,401.0
48287,2025,Dodge,Durango AWD,Standard Sport Utility Vehicle 4WD,All-Wheel Drive,Automatic 8-spd,6.0,3.6,Regular Gasoline,17,24,20,450.0
48288,2025,Dodge,Durango AWD,Standard Sport Utility Vehicle 4WD,All-Wheel Drive,Automatic 8-spd,8.0,5.7,Midgrade Gasoline,14,22,17,533.0
48279,2025,Dodge,Durango RWD,Standard Sport Utility Vehicle 2WD,Rear-Wheel Drive,Automatic 8-spd,6.0,3.6,Regular Gasoline,18,25,20,439.0
48280,2025,Dodge,Durango RWD,Standard Sport Utility Vehicle 2WD,Rear-Wheel Drive,Automatic 8-spd,8.0,5.7,Midgrade Gasoline,14,22,17,525.0
48289,2025,Dodge,Durango SRT AWD,Standard Sport Utility Vehicle 4WD,All-Wheel Drive,Automatic 8-spd,8.0,6.2,Premium Gasoline,12,17,13,659.0
47955,2025,Dodge,Hornet AWD,Small Sport Utility Vehicle 4WD,All-Wheel Drive,Automatic 9-spd,4.0,2.0,Regular Gasoline,21,29,24,372.0
48580,2025,Ferrari,Daytona SP3,Two Seaters,Rear-Wheel Drive,Automatic (AM7),12.0,6.5,Premium Gasoline,12,16,13,660.0
48579,2025,Ferrari,F167 ABA,Two Seaters,Rear-Wheel Drive,Automatic (AM8),12.0,6.5,Premium Gasoline,12,19,14,619.0
48634,2025,Ferrari,Purosangue,Standard Sport Utility Vehicle 4WD,All-Wheel Drive,Automatic (AM8),12.0,6.5,Premium Gasoline,11,15,12,711.0
48588,2025,Ferrari,Roma Spider,Minicompact Cars,Rear-Wheel Drive,Automatic (AM8),8.0,3.9,Premium Gasoline,17,22,19,467.0
49053,2025,Ford,Bronco 4WD,Small Sport Utility Vehicle 4WD,Part-time 4-Wheel Drive,Automatic (S10),4.0,2.3,Regular Gasoline,18,22,20,464.0
49054,2025,Ford,Bronco 4WD,Small Sport Utility Vehicle 4WD,Part-time 4-Wheel Drive,Automatic (S10),6.0,2.7,Regular Gasoline,17,18,18,494.0
49055,2025,Ford,Bronco 4WD,Small Sport Utility Vehicle 4WD,Part-time 4-Wheel Drive,Manual 7-spd,4.0,2.3,Regular Gasoline,18,21,19,468.0
49058,2025,Ford,Bronco 4WD,Small Sport Utility Vehicle 4WD,Part-time 4-Wheel Drive,Automatic (S10),6.0,2.7,Regular Gasoline,17,18,18,506.0
49056,2025,Ford,Bronco Badlands 4WD,Small Sport Utility Vehicle 4WD,Part-time 4-Wheel Drive,Automatic (S10),4.0,2.3,Regular Gasoline,17,19,18,517.0
49148,2025,Ford,Bronco Badlands 4WD,Small Sport Utility Vehicle 4WD,Part-time 4-Wheel Drive,Manual 7-spd,4.0,2.3,Regular Gasoline,17,18,17,526.0
48958,2025,Ford,Bronco Outer Banks 4WD,Standard Sport Utility Vehicle 4WD,Part-time 4-Wheel Drive,Automatic (S10),6.0,2.7,Regular Gasoline,19,21,20,453.0
48957,2025,Ford,Bronco Raptor 4WD,Standard Sport Utility Vehicle 4WD,Part-time 4-Wheel Drive,Automatic (S10),6.0,3.0,Regular Gasoline,15,16,15,577.0
49146,2025,Ford,Bronco Sasquatch 4WD,Small Sport Utility Vehicle 4WD,Part-time 4-Wheel Drive,Automatic (S10),4.0,2.3,Regular Gasoline,17,19,18,464.0
49147,2025,Ford,Bronco Sasquatch 4WD,Small Sport Utility Vehicle 4WD,Part-time 4-Wheel Drive,Manual 7-spd,4.0,2.3,Regular Gasoline,17,19,18,468.0
48916,2025,Ford,Bronco Sport 4WD,Small Sport Utility Vehicle 4WD,Part-time 4-Wheel Drive,Automatic 8-spd,3.0,1.5,Regular Gasoline,25,30,27,324.0
48917,2025,Ford,Bronco Sport 4WD,Small Sport Utility Vehicle 4WD,4-Wheel Drive,Automatic (S8),4.0,2.0,Regular Gasoline,21,27,23,387.0
49057,2025,Ford,Bronco Sport Sasquatch 4WD,Small Sport Utility Vehicle 4WD,4-Wheel Drive,Automatic 8-spd,3.0,1.5,Regular Gasoline,23,26,24,370.0
48607,2025,Ford,Escape AWD,Small Sport Utility Vehicle 4WD,All-Wheel Drive,Automatic 8-spd,4.0,2.0,Regular Gasoline,23,31,26,336.0
48608,2025,Ford,Escape AWD,Small Sport Utility Vehicle 4WD,All-Wheel Drive,Automatic 8-spd,3.0,1.5,Regular Gasoline,26,32,28,316.0
48602,2025,Ford,Escape FWD,Small Sport Utility Vehicle 2WD,Front-Wheel Drive,Automatic 8-spd,3.0,1.5,Regular Gasoline,27,34,30,298.0
48943,2025,Ford,Expedition 2WD,Standard Sport Utility Vehicle 2WD,Rear-Wheel Drive,Automatic (S10),6.0,3.5,Regular Gasoline,16,24,19,472.0
48956,2025,Ford,Expedition 4WD,Standard Sport Utility Vehicle 4WD,Part-time 4-Wheel Drive,Automatic (S10),6.0,3.5,Regular Gasoline,15,22,18,501.0
48118,2025,Ford,Explorer AWD,Standard Sport Utility Vehicle 4WD,Part-time 4-Wheel Drive,Automatic (S10),6.0,3.0,Regular Gasoline,18,25,20,439.0
48119,2025,Ford,Explorer AWD,Standard Sport Utility Vehicle 4WD,Part-time 4-Wheel Drive,Automatic 10-spd,6.0,3.0,Regular Gasoline,18,25,21,428.0
48120,2025,Ford,Explorer AWD,Standard Sport Utility Vehicle 4WD,Part-time 4-Wheel Drive,Automatic 10-spd,4.0,2.3,Regular Gasoline,20,27,23,394.0
48281,2025,Ford,Explorer RWD,Standard Sport Utility Vehicle 2WD,Rear-Wheel Drive,Automatic (S10),6.0,3.0,Regular Gasoline,18,25,21,425.0
48282,2025,Ford,Explorer RWD,Standard Sport Utility Vehicle 2WD,Rear-Wheel Drive,Automatic 10-spd,6.0,3.0,Regular Gasoline,18,25,21,420.0
48283,2025,Ford,Explorer RWD,Standard Sport Utility Vehicle 2WD,Rear-Wheel Drive,Automatic 10-spd,4.0,2.3,Regular Gasoline,20,29,24,377.0
48884,2025,Ford,F150 Pickup 2WD,Standard Pickup Trucks 2WD,Rear-Wheel Drive,Automatic (S10),6.0,3.5,Regular Gasoline,17,25,20,452.0
48885,2025,Ford,F150 Pickup 2WD,Standard Pickup Trucks 2WD,Rear-Wheel Drive,Automatic (S10),6.0,2.7,Regular Gasoline,19,25,21,425.0
48886,2025,Ford,F150 Pickup 2WD,Standard Pickup Trucks 2WD,Rear-Wheel Drive,Automatic (S10),8.0,5.0,Regular Gasoline,16,24,19,473.0
48895,2025,Ford,F150 Pickup 4WD,Standard Pickup Trucks 4WD,Part-time 4-Wheel Drive,Automatic (S10),6.0,3.5,Regular Gasoline,16,24,19,467.0
48896,2025,Ford,F150 Pickup 4WD,Standard Pickup Trucks 4WD,Part-time 4-Wheel Drive,Automatic (S10),8.0,5.0,Regular Gasoline,16,24,19,474.0
49143,2025,Ford,F150 Pickup 4WD,Standard Pickup Trucks 4WD,Part-time 4-Wheel Drive,Automatic (S10),6.0,2.7,Regular Gasoline,18,23,20,437.0
48893,2025,Ford,F150 Pickup Tremor 4WD,Standard Pickup Trucks 4WD,Part-time 4-Wheel Drive,Automatic (S10),6.0,3.5,Regular Gasoline,16,21,18,494.0
48894,2025,Ford,F150 Pickup Tremor 4WD,Standard Pickup Trucks 4WD,Part-time 4-Wheel Drive,Automatic (S10),8.0,5.0,Regular Gasoline,15,20,17,523.0
48898,2025,Ford,F150 RAPTOR 4WD,Standard Pickup Trucks 4WD,Part-time 4-Wheel Drive,Automatic (S10),6.0,3.5,Regular Gasoline,14,18,16,559.0
49144,2025,Ford,F150 RAPTOR R 4WD,Standard Pickup Trucks 4WD,Part-time 4-Wheel Drive,Automatic (S10),8.0,5.2,Premium Gasoline,10,15,12,741.0
48874,2025,Ford,Maverick AWD,Small Pickup Trucks 4WD,Part-time 4-Wheel Drive,Automatic 8-spd,4.0,2.0,Regular Gasoline,22,30,25,355.0
48875,2025,Ford,Maverick Lobo AWD,Small Pickup Trucks 4WD,4-Wheel Drive,Automatic (S8),4.0,2.0,Regular Gasoline,21,30,24,370.0
48876,2025,Ford,Maverick Tremor AWD,Small Pickup Trucks 4WD,4-Wheel Drive,Automatic (S8),4.0,2.0,Regular Gasoline,21,27,23,387.0
48825,2025,Ford,Mustang,Subcompact Cars,Rear-Wheel Drive,Automatic (S10),8.0,5.0,Regular Gasoline,16,24,19,467.0
48826,2025,Ford,Mustang,Subcompact Cars,Rear-Wheel Drive,Automatic 10-spd,4.0,2.3,Regular Gasoline,22,33,26,342.0
48827,2025,Ford,Mustang,Subcompact Cars,Rear-Wheel Drive,Manual 6-spd,8.0,5.0,Regular Gasoline,15,23,18,494.0
48823,2025,Ford,Mustang Dark Horse,Subcompact Cars,Rear-Wheel Drive,Automatic (S10),8.0,5.0,Regular Gasoline,14,22,17,524.0
48824,2025,Ford,Mustang Dark Horse,Subcompact Cars,Rear-Wheel Drive,Manual 6-spd,8.0,5.0,Regular Gasoline,14,22,17,533.0
48828,2025,Ford,Mustang GTD,Subcompact Cars,Rear-Wheel Drive,Automatic (AM-S8),8.0,5.2,Regular Gasoline,10,17,12,741.0
48883,2025,Ford,Ranger 2WD,Standard Pickup Trucks 2WD,Rear-Wheel Drive,Automatic (S10),4.0,2.3,Regular Gasoline,21,26,23,380.0
49046,2025,Ford,Ranger 4WD,Standard Pickup Trucks 4WD,Part-time 4-Wheel Drive,Automatic (S10),4.0,2.3,Regular Gasoline,19,26,22,405.0
49142,2025,Ford,Ranger 4WD,Standard Pickup Trucks 4WD,Part-time 4-Wheel Drive,Automatic (S10),6.0,2.7,Regular Gasoline,19,23,20,431.0
48892,2025,Ford,Ranger RAPTOR 4WD,Standard Pickup Trucks 4WD,Part-time 4-Wheel Drive,Automatic (S10),6.0,3.0,Regular Gasoline,16,18,17,525.0
48122,2025,GMC,Acadia AWD,Standard Sport Utility Vehicle 4WD,All-Wheel Drive,Automatic 8-spd,4.0,2.5,Regular Gasoline,19,24,21,422.0
48111,2025,GMC,Acadia FWD,Standard Sport Utility Vehicle 2WD,Front-Wheel Drive,Automatic 8-spd,4.0,2.5,Regular Gasoline,20,27,23,387.0
48887,2025,GMC,Canyon 2WD,Standard Pickup Trucks 2WD,Rear-Wheel Drive,Automatic 8-spd,4.0,2.7,Regular Gasoline,19,23,20,434.0
48899,2025,GMC,Canyon 4WD,Standard Pickup Trucks 4WD,4-Wheel Drive,Automatic 8-spd,4.0,2.7,Regular Gasoline,17,21,19,487.0
48900,2025,GMC,Canyon AT4X 4WD,Standard Pickup Trucks 4WD,4-Wheel Drive,Automatic 8-spd,4.0,2.7,Regular Gasoline,17,17,17,527.0
48901,2025,GMC,Canyon AT4X AEV 4WD,Standard Pickup Trucks 4WD,4-Wheel Drive,Automatic 8-spd,4.0,2.7,Regular Gasoline,16,16,16,564.0
48205,2025,GMC,Sierra 2WD,Standard Pickup Trucks 2WD,Rear-Wheel Drive,Automatic 8-spd,4.0,2.7,Regular Gasoline,18,21,19,468.0
48206,2025,GMC,Sierra 2WD,Standard Pickup Trucks 2WD,Rear-Wheel Drive,Automatic 8-spd,4.0,2.7,Regular Gasoline,17,21,19,470.0
48207,2025,GMC,Sierra 2WD,Standard Pickup Trucks 2WD,Rear-Wheel Drive,Automatic 10-spd,8.0,5.3,Regular Gasoline,16,21,18,495.0
48208,2025,GMC,Sierra 2WD,Standard Pickup Trucks 2WD,Rear-Wheel Drive,Automatic 10-spd,8.0,5.3,Regular Gasoline,16,20,17,507.0
48232,2025,GMC,Sierra 4WD,Standard Pickup Trucks 4WD,4-Wheel Drive,Automatic 8-spd,4.0,2.7,Regular Gasoline,17,18,17,516.0
48233,2025,GMC,Sierra 4WD,Standard Pickup Trucks 4WD,4-Wheel Drive,Automatic 8-spd,4.0,2.7,Regular Gasoline,17,19,18,496.0
48237,2025,GMC,Sierra 4WD,Standard Pickup Trucks 4WD,4-Wheel Drive,Automatic 10-spd,8.0,6.2,Premium Gasoline,15,19,16,539.0
48240,2025,GMC,Sierra 4WD,Standard Pickup Trucks 4WD,4-Wheel Drive,Automatic 10-spd,8.0,5.3,Regular Gasoline,15,19,16,546.0
48242,2025,GMC,Sierra 4WD,Standard Pickup Trucks 4WD,4-Wheel Drive,Automatic 10-spd,8.0,5.3,Regular Gasoline,15,19,17,526.0
48244,2025,GMC,Sierra 4WD,Standard Pickup Trucks 4WD,4-Wheel Drive,Automatic 10-spd,8.0,5.3,Regular Gasoline,15,19,17,535.0
48239,2025,GMC,Sierra 4WD AT4X,Standard Pickup Trucks 4WD,4-Wheel Drive,Automatic 10-spd,8.0,6.2,Premium Gasoline,14,16,15,601.0
48250,2025,GMC,Sierra Cab Chassis 2WD,Special Purpose Vehicle 2WD,Rear-Wheel Drive,Automatic 10-spd,8.0,5.3,Regular Gasoline,15,18,16,551.0
48251,2025,GMC,Sierra Cab Chassis 4WD,Special Purpose Vehicle 4WD,4-Wheel Drive,Automatic 10-spd,8.0,5.3,Regular Gasoline,14,16,15,592.0
48234,2025,GMC,Sierra Mud Terrain Tires 4WD,Standard Pickup Trucks 4WD,4-Wheel Drive,Automatic 8-spd,4.0,2.7,Regular Gasoline,16,17,16,538.0
48238,2025,GMC,Sierra Mud Terrain Tires 4WD,Standard Pickup Trucks 4WD,4-Wheel Drive,Automatic 10-spd,8.0,6.2,Premium Gasoline,14,17,15,593.0
48241,2025,GMC,Sierra Mud Terrain Tires 4WD,Standard Pickup Trucks 4WD,4-Wheel Drive,Automatic 10-spd,8.0,5.3,Regular Gasoline,15,19,16,546.0
48243,2025,GMC,Sierra Mud Terrain Tires 4WD,Standard Pickup Trucks 4WD,4-Wheel Drive,Automatic 10-spd,8.0,5.3,Regular Gasoline,15,18,16,549.0
48245,2025,GMC,Sierra Mud Terrain Tires 4WD,Standard Pickup Trucks 4WD,4-Wheel Drive,Automatic 10-spd,8.0,5.3,Regular Gasoline,15,18,16,553.0
48610,2025,GMC,Terrain AWD,Small Sport Utility Vehicle 4WD,All-Wheel Drive,Automatic 8-spd,4.0,1.5,Regular Gasoline,24,28,25,356.0
48603,2025,GMC,Terrain FWD,Small Sport Utility Vehicle 2WD,Front-Wheel Drive,Automatic (variable gear ratios),4.0,1.5,Regular Gasoline,26,28,27,332.0
48625,2025,GMC,Yukon 2WD,Standard Sport Utility Vehicle 2WD,Rear-Wheel Drive,Automatic 10-spd,8.0,6.2,Premium Gasoline,15,20,17,523.0
48627,2025,GMC,Yukon 2WD,Standard Sport Utility Vehicle 2WD,Rear-Wheel Drive,Automatic 10-spd,8.0,5.3,Regular Gasoline,15,20,17,530.0
48635,2025,GMC,Yukon 4WD,Standard Sport Utility Vehicle 4WD,4-Wheel Drive,Automatic 10-spd,8.0,6.2,Premium Gasoline,14,18,16,572.0
48637,2025,GMC,Yukon 4WD,Standard Sport Utility Vehicle 4WD,4-Wheel Drive,Automatic 10-spd,8.0,5.3,Regular Gasoline,15,19,17,535.0
48626,2025,GMC,Yukon XL 2WD,Standard Sport Utility Vehicle 2WD,Rear-Wheel Drive,Automatic 10-spd,8.0,6.2,Premium Gasoline,15,19,16,544.0
48628,2025,GMC,Yukon XL 2WD,Standard Sport Utility Vehicle 2WD,Rear-Wheel Drive,Automatic 10-spd,8.0,5.3,Regular Gasoline,15,20,17,530.0
48636,2025,GMC,Yukon XL 4WD,Standard Sport Utility Vehicle 4WD,4-Wheel Drive,Automatic 10-spd,8.0,6.2,Premium Gasoline,14,18,16,572.0
48638,2025,GMC,Yukon XL 4WD,Standard Sport Utility Vehicle 4WD,4-Wheel Drive,Automatic 10-spd,8.0,5.3,Regular Gasoline,14,19,16,571.0
47704,2025,Genesis,G70 AWD,Compact Cars,All-Wheel Drive,Automatic (S8),6.0,3.3,Premium Gasoline,17,23,19,466.0
47706,2025,Genesis,G70 AWD,Compact Cars,All-Wheel Drive,Automatic (S8),4.0,2.5,Premium Gasoline,20,28,23,385.0
47705,2025,Genesis,G70 RWD,Compact Cars,Rear-Wheel Drive,Automatic (S8),6.0,3.3,Premium Gasoline,17,25,20,449.0
47707,2025,Genesis,G70 RWD,Compact Cars,Rear-Wheel Drive,Automatic (S8),4.0,2.5,Premium Gasoline,21,29,24,373.0
48038,2025,Genesis,G80 AWD,Large Cars,All-Wheel Drive,Automatic (S8),4.0,2.5,Premium Gasoline,20,29,24,377.0
48039,2025,Genesis,G80 AWD,Large Cars,All-Wheel Drive,Automatic (S8),6.0,3.5,Premium Gasoline,16,24,19,474.0
48040,2025,Genesis,G90 AWD,Large Cars,All-Wheel Drive,Automatic (S8),6.0,3.5,Premium Gasoline,18,26,21,426.0
47730,2025,Genesis,GV70 AWD,Small Sport Utility Vehicle 4WD,All-Wheel Drive,Automatic (S8),4.0,2.5,Premium Gasoline,19,26,22,408.0
47731,2025,Genesis,GV70 AWD,Small Sport Utility Vehicle 4WD,All-Wheel Drive,Automatic (S8),4.0,2.5,Premium Gasoline,22,28,24,369.0
47732,2025,Genesis,GV70 AWD,Small Sport Utility Vehicle 4WD,All-Wheel Drive,Automatic (S8),6.0,3.5,Premium Gasoline,18,24,20,441.0
47751,2025,Genesis,GV80 AWD,Standard Sport Utility Vehicle 4WD,All-Wheel Drive,Automatic (S8),4.0,2.5,Premium Gasoline,19,24,21,427.0
47752,2025,Genesis,GV80 AWD,Standard Sport Utility Vehicle 4WD,All-Wheel Drive,Automatic (S8),6.0,3.5,Premium Gasoline,16,22,19,480.0
48504,2025,Honda,Accord,Large Cars,Front-Wheel Drive,Automatic (variable gear ratios),4.0,1.5,Regular Gasoline,29,37,32,277.0
47956,2025,Honda,CR-V AWD,Small Sport Utility Vehicle 4WD,All-Wheel Drive,Automatic (variable gear ratios),4.0,1.5,Regular Gasoline,26,31,28,312.0
47949,2025,Honda,CR-V FWD,Small Sport Utility Vehicle 2WD,Front-Wheel Drive,Automatic (variable gear ratios),4.0,1.5,Regular Gasoline,28,34,30,290.0
48016,2025,Honda,Civic 4Dr,Midsize Cars,Front-Wheel Drive,Automatic (variable gear ratios),4.0,2.0,Regular Gasoline,32,41,36,248.0
48017,2025,Honda,Civic 4Dr,Midsize Cars,Front-Wheel Drive,Automatic (AV-S7),4.0,2.0,Regular Gasoline,31,39,34,260.0
48178,2025,Honda,Civic 4Dr,Midsize Cars,Front-Wheel Drive,Manual 6-spd,4.0,1.5,Premium Gasoline,27,37,31,285.0
48042,2025,Honda,Civic 5Dr,Large Cars,Front-Wheel Drive,Manual 6-spd,4.0,2.0,Premium Gasoline,22,28,24,364.0
48502,2025,Honda,Civic 5Dr,Large Cars,Front-Wheel Drive,Automatic (AV-S7),4.0,2.0,Regular Gasoline,30,38,34,260.0
47782,2025,Honda,HR-V AWD,Small Station Wagons,All-Wheel Drive,Automatic (variable gear ratios),4.0,2.0,Regular Gasoline,25,30,27,326.0
47783,2025,Honda,HR-V FWD,Small Station Wagons,Front-Wheel Drive,Automatic (variable gear ratios),4.0,2.0,Regular Gasoline,26,32,28,311.0
48254,2025,Honda,Odyssey,Minivan - 2WD,Front-Wheel Drive,Automatic (S10),6.0,3.5,Regular Gasoline,19,28,22,395.0
48092,2025,Honda,Passport AWD,Small Sport Utility Vehicle 4WD,All-Wheel Drive,Automatic (S9),6.0,3.5,Regular Gasoline,19,24,21,416.0
47753,2025,Honda,Pilot AWD,Standard Sport Utility Vehicle 4WD,All-Wheel Drive,Automatic (S10),6.0,3.5,Regular Gasoline,19,25,21,415.0
47754,2025,Honda,Pilot AWD Touring/Elite/Black,Standard Sport Utility Vehicle 4WD,All-Wheel Drive,Automatic (S10),6.0,3.5,Regular Gasoline,19,25,21,422.0
47755,2025,Honda,Pilot AWD TrailSport,Standard Sport Utility Vehicle 4WD,All-Wheel Drive,Automatic (S10),6.0,3.5,Regular Gasoline,18,23,20,444.0
47728,2025,Honda,Pilot FWD,Small Sport Utility Vehicle 2WD,Front-Wheel Drive,Automatic (S10),6.0,3.5,Regular Gasoline,19,27,22,402.0
48246,2025,Honda,Ridgeline AWD,Standard Pickup Trucks 4WD,All-Wheel Drive,Automatic (S9),6.0,3.5,Regular Gasoline,18,24,21,429.0
48247,2025,Honda,Ridgeline AWD TrailSport,Standard Pickup Trucks 4WD,All-Wheel Drive,Automatic (S9),6.0,3.5,Regular Gasoline,18,23,20,446.0
48019,2025,Hyundai,Elantra,Midsize Cars,Front-Wheel Drive,Automatic (AV-S1),4.0,2.0,Regular Gasoline,30,39,34,263.0
48020,2025,Hyundai,Elantra,Midsize Cars,Front-Wheel Drive,Automatic (AV-S1),4.0,2.0,Regular Gasoline,32,41,36,246.0
48021,2025,Hyundai,Elantra,Midsize Cars,Front-Wheel Drive,Automatic (AM-S7),4.0,1.6,Regular Gasoline,28,35,31,288.0
48024,2025,Hyundai,Elantra N,Midsize Cars,Front-Wheel Drive,Automatic (AM-S8),4.0,2.0,Premium Gasoline,20,27,23,392.0
48025,2025,Hyundai,Elantra N,Midsize Cars,Front-Wheel Drive,Manual 6-spd,4.0,2.0,Premium Gasoline,21,29,24,366.0
47959,2025,Hyundai,Kona AWD,Small Sport Utility Vehicle 4WD,All-Wheel Drive,Automatic (AV-S1),4.0,2.0,Regular Gasoline,26,29,27,323.0
47960,2025,Hyundai,Kona AWD,Small Sport Utility Vehicle 4WD,All-Wheel Drive,Automatic (AV-S1),4.0,2.0,Regular Gasoline,27,29,28,319.0
48093,2025,Hyundai,Kona AWD,Small Sport Utility Vehicle 4WD,All-Wheel Drive,Automatic (S8),4.0,1.6,Regular Gasoline,24,29,26,339.0
47952,2025,Hyundai,Kona FWD,Small Sport Utility Vehicle 2WD,Front-Wheel Drive,Automatic (AV-S1),4.0,2.0,Regular Gasoline,28,35,31,288.0
47953,2025,Hyundai,Kona FWD,Small Sport Utility Vehicle 2WD,Front-Wheel Drive,Automatic (AV-S1),4.0,2.0,Regular Gasoline,29,34,31,284.0
48064,2025,Hyundai,Kona FWD,Small Sport Utility Vehicle 2WD,Front-Wheel Drive,Automatic (S8),4.0,1.6,Regular Gasoline,26,32,28,315.0
47958,2025,Hyundai,Palisade AWD,Small Sport Utility Vehicle 4WD,All-Wheel Drive,Automatic (S8),6.0,3.8,Regular Gasoline,19,24,21,420.0
47951,2025,Hyundai,Palisade FWD,Small Sport Utility Vehicle 2WD,Front-Wheel Drive,Automatic (S8),6.0,3.8,Regular Gasoline,19,26,22,403.0
48266,2025,Hyundai,Santa Cruz AWD,Small Sport Utility Vehicle 4WD,All-Wheel Drive,Automatic (S8),4.0,2.5,Regular Gasoline,21,29,24,367.0
48267,2025,Hyundai,Santa Cruz AWD,Small Sport Utility Vehicle 4WD,All-Wheel Drive,Automatic (AM-S8),4.0,2.5,Regular Gasoline,19,27,22,406.0
48257,2025,Hyundai,Santa Cruz FWD,Small Sport Utility Vehicle 2WD,Front-Wheel Drive,Automatic (S8),4.0,2.5,Regular Gasoline,22,30,25,356.0
48270,2025,Hyundai,Santa Cruz XRT AWD,Small Sport Utility Vehicle 4WD,All-Wheel Drive,Automatic (AM-S8),4.0,2.5,Regular Gasoline,18,26,21,419.0
48269,2025,Hyundai,Santa Fe AWD,Small Sport Utility Vehicle 4WD,All-Wheel Drive,Automatic (AM-S8),4.0,2.5,Regular Gasoline,20,28,23,390.0
48268,2025,Hyundai,Santa Fe AWD XRT,Small Sport Utility Vehicle 4WD,All-Wheel Drive,Automatic (AM-S8),4.0,2.5,Regular Gasoline,19,26,22,409.0
48258,2025,Hyundai,Santa Fe FWD,Small Sport Utility Vehicle 2WD,Front-Wheel Drive,Automatic (AM-S8),4.0,2.5,Regular Gasoline,20,29,24,376.0
48043,2025,Hyundai,Sonata AWD,Large Cars,All-Wheel Drive,Automatic (S8),4.0,2.5,Regular Gasoline,25,34,28,316.0
48044,2025,Hyundai,Sonata FWD,Large Cars,Front-Wheel Drive,Automatic (S8),4.0,2.5,Regular Gasoline,25,36,29,305.0
48045,2025,Hyundai,Sonata FWD,Large Cars,Front-Wheel Drive,Automatic (S8),4.0,2.5,Regular Gasoline,28,38,32,281.0
48046,2025,Hyundai,Sonata FWD,Large Cars,Front-Wheel Drive,Automatic (AM-S8),4.0,2.5,Regular Gasoline,23,32,27,333.0
47793,2025,Hyundai,Tucson AWD,Small Sport Utility Vehicle 4WD,All-Wheel Drive,Automatic (S8),4.0,2.5,Regular Gasoline,24,30,26,339.0
47789,2025,Hyundai,Tucson FWD,Small Sport Utility Vehicle 2WD,Front-Wheel Drive,Automatic (S8),4.0,2.5,Regular Gasoline,25,33,28,322.0
48604,2025,Hyundai,Venue,Small Sport Utility Vehicle 2WD,Front-Wheel Drive,Automatic (AV-S1),4.0,1.6,Regular Gasoline,29,32,31,291.0
48557,2025,INEOS Automotive,Grenadier,Standard Sport Utility Vehicle 4WD,4-Wheel Drive,Automatic (S8),6.0,3.0,Premium Gasoline,15,15,15,592.0
48558,2025,INEOS Automotive,Grenadier Trialmaster Edition,Standard Sport Utility Vehicle 4WD,4-Wheel Drive,Automatic (S8),6.0,3.0,Premium Gasoline,14,14,14,633.0
48520,2025,Infiniti,QX50,Small Sport Utility Vehicle 2WD,Front-Wheel Drive,Automatic (AV-S8),4.0,2.0,Premium Gasoline,23,29,26,343.0
48529,2025,Infiniti,QX50 AWD,Small Sport Utility Vehicle 4WD,All-Wheel Drive,Automatic (AV-S8),4.0,2.0,Premium Gasoline,22,28,25,357.0
48094,2025,Infiniti,QX55 AWD,Small Sport Utility Vehicle 4WD,All-Wheel Drive,Automatic (AV-S8),4.0,2.0,Premium Gasoline,22,28,25,366.0
48290,2025,Infiniti,QX60 AWD,Standard Sport Utility Vehicle 4WD,All-Wheel Drive,Automatic (S9),4.0,2.0,Premium Gasoline,22,27,24,377.0
48284,2025,Infiniti,QX60 FWD,Standard Sport Utility Vehicle 2WD,Front-Wheel Drive,Automatic (S9),4.0,2.0,Premium Gasoline,22,28,24,371.0
48285,2025,Infiniti,QX80 2WD,Standard Sport Utility Vehicle 2WD,Rear-Wheel Drive,Automatic (S9),6.0,3.5,Premium Gasoline,16,20,18,504.0
48291,2025,Infiniti,QX80 4WD,Standard Sport Utility Vehicle 4WD,4-Wheel Drive,Automatic (S9),6.0,3.5,Premium Gasoline,16,19,17,522.0
47733,2025,Jaguar,F-Pace,Small Sport Utility Vehicle 4WD,All-Wheel Drive,Automatic (S8),4.0,2.0,Premium Gasoline,22,27,24,376.0
47734,2025,Jaguar,F-Pace SVR,Small Sport Utility Vehicle 4WD,All-Wheel Drive,Automatic (S8),8.0,5.0,Premium Gasoline,15,21,17,519.0
48095,2025,Jeep,Compass 4WD,Small Sport Utility Vehicle 4WD,All-Wheel Drive,Automatic 8-spd,4.0,2.0,Regular Gasoline,24,32,27,330.0
48513,2025,Jeep,Gladiator 4WD,Standard Pickup Trucks 4WD,4-Wheel Drive,Automatic 8-spd,6.0,3.6,Regular Gasoline,17,22,19,466.0
48552,2025,Jeep,Grand Cherokee 2WD,Standard Sport Utility Vehicle 2WD,Rear-Wheel Drive,Automatic 8-spd,6.0,3.6,Regular Gasoline,19,26,22,407.0
48564,2025,Jeep,Grand Cherokee 4WD,Standard Sport Utility Vehicle 4WD,4-Wheel Drive,Automatic 8-spd,6.0,3.6,Regular Gasoline,19,26,22,413.0
48551,2025,Jeep,Grand Cherokee L 2WD,Standard Sport Utility Vehicle 2WD,Rear-Wheel Drive,Automatic 8-spd,6.0,3.6,Regular Gasoline,19,26,21,416.0
48563,2025,Jeep,Grand Cherokee L 4WD,Standard Sport Utility Vehicle 4WD,4-Wheel Drive,Automatic 8-spd,6.0,3.6,Regular Gasoline,18,25,21,430.0
48559,2025,Jeep,Grand Wagoneer 4WD,Standard Sport Utility Vehicle 4WD,All-Wheel Drive,Automatic 8-spd,6.0,3.0,Premium Gasoline,14,20,17,537.0
48560,2025,Jeep,Grand Wagoneer L 4WD,Standard Sport Utility Vehicle 4WD,All-Wheel Drive,Automatic 8-spd,6.0,3.0,Premium Gasoline,14,20,17,537.0
48549,2025,Jeep,Wagoneer 2WD,Standard Sport Utility Vehicle 2WD,Rear-Wheel Drive,Automatic 8-spd,6.0,3.0,Regular Gasoline,17,24,20,453.0
48561,2025,Jeep,Wagoneer 4WD,Standard Sport Utility Vehicle 4WD,All-Wheel Drive,Automatic 8-spd,6.0,3.0,Regular Gasoline,16,23,19,472.0
48550,2025,Jeep,Wagoneer L 2WD,Standard Sport Utility Vehicle 2WD,Rear-Wheel Drive,Automatic 8-spd,6.0,3.0,Regular Gasoline,17,24,20,453.0
48562,2025,Jeep,Wagoneer L 4WD,Standard Sport Utility Vehicle 4WD,All-Wheel Drive,Automatic 8-spd,6.0,3.0,Regular Gasoline,16,23,19,476.0
48530,2025,Jeep,Wrangler 2dr 4WD,Small Sport Utility Vehicle 4WD,4-Wheel Drive,Automatic 8-spd,4.0,2.0,Regular Gasoline,20,23,21,416.0
48531,2025,Jeep,Wrangler 2dr 4WD,Small Sport Utility Vehicle 4WD,4-Wheel Drive,Manual 6-spd,6.0,3.6,Regular Gasoline,17,23,19,462.0
48532,2025,Jeep,Wrangler 4dr 4WD,Small Sport Utility Vehicle 4WD,4-Wheel Drive,Automatic 8-spd,4.0,2.0,Regular Gasoline,20,22,21,426.0
48533,2025,Jeep,Wrangler 4dr 4WD,Small Sport Utility Vehicle 4WD,4-Wheel Drive,Manual 6-spd,6.0,3.6,Regular Gasoline,16,22,19,476.0
48918,2025,Jeep,Wrangler 4dr 4WD,Small Sport Utility Vehicle 4WD,4-Wheel Drive,Automatic 8-spd,6.0,3.6,Regular Gasoline,18,23,20,451.0
48919,2025,Jeep,Wrangler 4dr 4WD,Small Sport Utility Vehicle 4WD,4-Wheel Drive,Automatic 8-spd,8.0,6.4,Premium Gasoline,13,16,14,635.0
47784,2025,Kia,Carnival,Minivan - 2WD,Front-Wheel Drive,Automatic (S8),6.0,3.5,Regular Gasoline,18,26,21,426.0
48179,2025,Kia,K4,Midsize Cars,Front-Wheel Drive,Automatic (AV-S1),4.0,2.0,Regular Gasoline,29,39,33,273.0
48180,2025,Kia,K4,Midsize Cars,Front-Wheel Drive,Automatic (AV-S1),4.0,2.0,Regular Gasoline,30,40,34,264.0
48852,2025,Kia,K4,Midsize Cars,Front-Wheel Drive,Automatic (S8),4.0,1.6,Regular Gasoline,26,36,29,303.0
47718,2025,Kia,K5,Large Cars,Front-Wheel Drive,Automatic (S8),4.0,2.5,Regular Gasoline,25,36,29,310.0
47719,2025,Kia,K5,Large Cars,Front-Wheel Drive,Automatic (S8),4.0,2.5,Regular Gasoline,26,37,30,298.0
47720,2025,Kia,K5,Large Cars,Front-Wheel Drive,Automatic (AM-S8),4.0,2.5,Regular Gasoline,23,33,27,331.0
47717,2025,Kia,K5 AWD,Large Cars,All-Wheel Drive,Automatic (S8),4.0,2.5,Regular Gasoline,24,33,27,329.0
47961,2025,Kia,Seltos AWD,Small Sport Utility Vehicle 4WD,All-Wheel Drive,Automatic (S8),4.0,1.6,Regular Gasoline,24,27,25,350.0
47962,2025,Kia,Seltos AWD,Small Sport Utility Vehicle 4WD,All-Wheel Drive,Automatic (AV-S8),4.0,2.0,Regular Gasoline,27,31,29,309.0
47954,2025,Kia,Seltos FWD,Small Sport Utility Vehicle 2WD,Front-Wheel Drive,Automatic (AV-S8),4.0,2.0,Regular Gasoline,28,34,31,288.0
48100,2025,Kia,Sorento AWD,Small Sport Utility Vehicle 4WD,All-Wheel Drive,Automatic (S8),4.0,2.5,Regular Gasoline,23,28,25,357.0
48101,2025,Kia,Sorento AWD,Small Sport Utility Vehicle 4WD,All-Wheel Drive,Automatic (AM-S8),4.0,2.5,Regular Gasoline,20,27,23,389.0
48068,2025,Kia,Sorento FWD,Small Sport Utility Vehicle 2WD,Front-Wheel Drive,Automatic (S8),4.0,2.5,Regular Gasoline,23,31,26,339.0
48069,2025,Kia,Sorento FWD,Small Sport Utility Vehicle 2WD,Front-Wheel Drive,Automatic (AM-S8),4.0,2.5,Regular Gasoline,20,29,23,382.0
47942,2025,Kia,Soul,Small Station Wagons,Front-Wheel Drive,Automatic (variable gear ratios),4.0,2.0,Regular Gasoline,27,33,30,302.0
47943,2025,Kia,Soul Eco dynamics,Small Station Wagons,Front-Wheel Drive,Automatic (variable gear ratios),4.0,2.0,Regular Gasoline,29,35,31,287.0
48096,2025,Kia,Sportage AWD,Small Sport Utility Vehicle 4WD,All-Wheel Drive,Automatic (S8),4.0,2.5,Regular Gasoline,23,27,25,361.0
48065,2025,Kia,Sportage FWD,Small Sport Utility Vehicle 2WD,Front-Wheel Drive,Automatic (S8),4.0,2.5,Regular Gasoline,25,32,28,317.0
48102,2025,Kia,Sportage X-pro,Small Sport Utility Vehicle 4WD,All-Wheel Drive,Automatic (S8),4.0,2.5,Regular Gasoline,23,30,26,344.0
48534,2025,Kia,Telluride AWD,Small Sport Utility Vehicle 4WD,All-Wheel Drive,Automatic (S8),6.0,3.8,Regular Gasoline,18,23,20,442.0
48521,2025,Kia,Telluride FWD,Small Sport Utility Vehicle 2WD,Front-Wheel Drive,Automatic (S8),6.0,3.8,Regular Gasoline,20,26,22,398.0
48130,2025,Land Rover,Defender 110,Standard Sport Utility Vehicle 4WD,4-Wheel Drive,Automatic (S8),4.0,2.0,Premium Gasoline,18,20,19,474.0
48566,2025,Land Rover,Defender 110,Standard Sport Utility Vehicle 4WD,4-Wheel Drive,Automatic (S8),8.0,5.0,Premium Gasoline,14,18,16,574.0
48567,2025,Land Rover,Defender 130,Standard Sport Utility Vehicle 4WD,4-Wheel Drive,Automatic (S8),8.0,5.0,Premium Gasoline,14,19,16,567.0
48131,2025,Land Rover,Defender 90,Standard Sport Utility Vehicle 4WD,4-Wheel Drive,Automatic (S8),4.0,2.0,Premium Gasoline,18,21,19,465.0
48565,2025,Land Rover,Defender 90,Standard Sport Utility Vehicle 4WD,4-Wheel Drive,Automatic (S8),8.0,5.0,Premium Gasoline,15,19,16,550.0
48123,2025,Land Rover,Discovery,Standard Sport Utility Vehicle 4WD,4-Wheel Drive,Automatic (S8),4.0,2.0,Premium Gasoline,19,24,21,421.0
48104,2025,Land Rover,Discovery Sport,Small Sport Utility Vehicle 4WD,All-Wheel Drive,Automatic (S9),4.0,2.0,Premium Gasoline,19,23,20,437.0
48103,2025,Land Rover,Range Rover Evoque,Small Sport Utility Vehicle 4WD,All-Wheel Drive,Automatic (S9),4.0,2.0,Premium Gasoline,20,27,22,398.0
47737,2025,Land Rover,Range Rover Velar,Small Sport Utility Vehicle 4WD,All-Wheel Drive,Automatic (S8),4.0,2.0,Premium Gasoline,22,26,23,381.0
48183,2025,Lexus,ES 250 AWD,Midsize Cars,All-Wheel Drive,Automatic (S8),4.0,2.5,Regular Gasoline,24,33,28,320.0
48181,2025,Lexus,ES 350,Midsize Cars,Front-Wheel Drive,Automatic (S8),6.0,3.5,Regular Gasoline,22,32,25,347.0
48182,2025,Lexus,ES 350 F Sport,Midsize Cars,Front-Wheel Drive,Automatic (S8),6.0,3.5,Regular Gasoline,22,31,25,352.0
48964,2025,Lexus,GX 550,Standard Sport Utility Vehicle 4WD,4-Wheel Drive,Automatic (S10),6.0,3.4,Premium Gasoline,15,21,17,505.0
48847,2025,Lexus,IS 300,Compact Cars,Rear-Wheel Drive,Automatic (S8),4.0,2.0,Premium Gasoline,21,31,25,356.0
48843,2025,Lexus,IS 300 AWD,Compact Cars,All-Wheel Drive,Automatic (S6),6.0,3.5,Premium Gasoline,19,26,22,407.0
48844,2025,Lexus,IS 350,Compact Cars,Rear-Wheel Drive,Automatic (S8),6.0,3.5,Premium Gasoline,20,28,23,385.0
48845,2025,Lexus,IS 350 AWD,Compact Cars,All-Wheel Drive,Automatic (S6),6.0,3.5,Premium Gasoline,19,26,22,407.0
48846,2025,Lexus,IS 500,Compact Cars,Rear-Wheel Drive,Automatic (S8),8.0,5.0,Premium Gasoline,17,25,20,451.0
48829,2025,Lexus,LC 500,Subcompact Cars,Rear-Wheel Drive,Automatic (S10),8.0,5.0,Premium Gasoline,16,24,18,481.0
48817,2025,Lexus,LC 500 Convertible,Minicompact Cars,Rear-Wheel Drive,Automatic (S10),8.0,5.0,Premium Gasoline,15,25,18,489.0
48854,2025,Lexus,LS 500,Midsize Cars,Rear-Wheel Drive,Automatic (S10),6.0,3.4,Premium Gasoline,18,29,22,404.0
48855,2025,Lexus,LS 500 AWD,Midsize Cars,All-Wheel Drive,Automatic (S10),6.0,3.4,Premium Gasoline,17,27,21,418.0
48965,2025,Lexus,LX 600,Standard Sport Utility Vehicle 4WD,All-Wheel Drive,Automatic (S10),6.0,3.4,Premium Gasoline,17,22,19,477.0
47790,2025,Lexus,NX 250,Small Sport Utility Vehicle 2WD,Front-Wheel Drive,Automatic (S8),4.0,2.5,Regular Gasoline,26,33,28,311.0
47794,2025,Lexus,NX 250 AWD,Small Sport Utility Vehicle 4WD,All-Wheel Drive,Automatic (S8),4.0,2.5,Regular Gasoline,25,32,28,318.0
47797,2025,Lexus,NX 350 AWD,Small Sport Utility Vehicle 4WD,All-Wheel Drive,Automatic (S8),4.0,2.4,Premium Gasoline,21,28,24,370.0
47798,2025,Lexus,NX 350 AWD F Sport,Small Sport Utility Vehicle 4WD,All-Wheel Drive,Automatic (S8),4.0,2.4,Premium Gasoline,21,28,24,370.0
48834,2025,Lexus,RC 300,Subcompact Cars,Rear-Wheel Drive,Automatic (S8),4.0,2.0,Premium Gasoline,21,31,25,356.0
48831,2025,Lexus,RC 300 AWD,Subcompact Cars,All-Wheel Drive,Automatic (S6),6.0,3.5,Premium Gasoline,19,26,22,407.0
48832,2025,Lexus,RC 350,Subcompact Cars,Rear-Wheel Drive,Automatic (S8),6.0,3.5,Premium Gasoline,20,28,23,385.0
48833,2025,Lexus,RC 350 AWD,Subcompact Cars,All-Wheel Drive,Automatic (S6),6.0,3.5,Premium Gasoline,19,26,22,407.0
48835,2025,Lexus,RC F,Subcompact Cars,Rear-Wheel Drive,Automatic (S8),8.0,5.0,Premium Gasoline,16,24,19,459.0
48906,2025,Lexus,RX 350,Small Sport Utility Vehicle 2WD,Front-Wheel Drive,Automatic (S8),4.0,2.4,Premium Gasoline,22,29,25,354.0
48921,2025,Lexus,RX 350 AWD,Small Sport Utility Vehicle 4WD,All-Wheel Drive,Automatic (S8),4.0,2.4,Premium Gasoline,21,28,24,370.0
48946,2025,Lexus,TX 350,Standard Sport Utility Vehicle 2WD,Front-Wheel Drive,Automatic (S8),4.0,2.4,Premium Gasoline,21,27,23,377.0
48963,2025,Lexus,TX 350 AWD,Standard Sport Utility Vehicle 4WD,All-Wheel Drive,Automatic (S8),4.0,2.4,Premium Gasoline,20,26,23,387.0
48132,2025,Lincoln,Aviator AWD,Standard Sport Utility Vehicle 4WD,Part-time 4-Wheel Drive,Automatic (S10),6.0,3.0,Regular Gasoline,17,25,20,447.0
48112,2025,Lincoln,Aviator RWD,Standard Sport Utility Vehicle 2WD,Rear-Wheel Drive,Automatic (S10),6.0,3.0,Regular Gasoline,18,25,21,425.0
48611,2025,Lincoln,Corsair AWD,Small Sport Utility Vehicle 4WD,All-Wheel Drive,Automatic (S8),4.0,2.0,Regular Gasoline,21,28,24,374.0
48605,2025,Lincoln,Corsair FWD,Small Sport Utility Vehicle 2WD,Front-Wheel Drive,Automatic (S8),4.0,2.0,Regular Gasoline,22,30,25,357.0
48536,2025,Lincoln,Nautilus AWD,Small Sport Utility Vehicle 4WD,All-Wheel Drive,Automatic 8-spd,4.0,2.0,Regular Gasoline,21,29,24,366.0
48967,2025,Lincoln,Navigator 4WD,Standard Sport Utility Vehicle 4WD,Part-time 4-Wheel Drive,Automatic (S10),6.0,3.5,Regular Gasoline,15,22,17,510.0
49130,2025,Lotus,Emira,Two Seaters,Rear-Wheel Drive,Manual 6-spd,6.0,3.5,Regular Gasoline,16,24,19,460.0
49131,2025,Lotus,Emira,Two Seaters,Rear-Wheel Drive,Automatic (S6),6.0,3.5,Regular Gasoline,18,26,21,413.0
48818,2025,MINI,Cooper Convertible,Minicompact Cars,Front-Wheel Drive,Automatic (AM-S7),4.0,2.0,Premium Gasoline,27,37,30,287.0
47972,2025,MINI,Cooper Hardtop 2 door,Subcompact Cars,Front-Wheel Drive,Automatic (AM-S7),4.0,2.0,Premium Gasoline,28,39,32,274.0
48849,2025,MINI,Cooper Hardtop 4 door,Compact Cars,Front-Wheel Drive,Automatic (AM-S7),4.0,2.0,Premium Gasoline,28,39,32,276.0
48819,2025,MINI,Cooper S Convertible,Minicompact Cars,Front-Wheel Drive,Automatic (AM-S7),4.0,2.0,Premium Gasoline,26,36,30,292.0
47777,2025,MINI,Cooper S Hardtop 2 door,Subcompact Cars,Front-Wheel Drive,Automatic (AM-S7),4.0,2.0,Premium Gasoline,28,39,32,275.0
47995,2025,MINI,Cooper S Hardtop 4 door,Compact Cars,Front-Wheel Drive,Automatic (AM-S7),4.0,2.0,Premium Gasoline,28,39,32,273.0
47799,2025,MINI,Countryman S All4,Small Sport Utility Vehicle 4WD,All-Wheel Drive,Automatic (AM-S7),4.0,2.0,Premium Gasoline,24,32,27,323.0
48820,2025,MINI,JCW Convertible,Minicompact Cars,Front-Wheel Drive,Automatic (AM-S7),4.0,2.0,Premium Gasoline,26,35,30,296.0
47800,2025,MINI,JCW Countryman All4,Small Sport Utility Vehicle 4WD,All-Wheel Drive,Automatic (AM-S7),4.0,2.0,Premium Gasoline,23,30,26,341.0
48840,2025,MINI,JCW Hardtop 2 Door,Subcompact Cars,Front-Wheel Drive,Automatic (AM-S7),4.0,2.0,Premium Gasoline,27,37,30,288.0
49132,2025,Maserati,GT2 Stradale,Two Seaters,Rear-Wheel Drive,Automatic (S8),6.0,3.0,Premium Gasoline,15,25,18,474.0
49138,2025,Maserati,Grancabrio,Subcompact Cars,All-Wheel Drive,Automatic 8-spd,6.0,3.0,Premium Gasoline,17,26,20,430.0
48839,2025,Maserati,Grancabrio Modena,Subcompact Cars,All-Wheel Drive,Automatic 8-spd,6.0,3.0,Premium Gasoline,17,26,20,430.0
48838,2025,Maserati,Grancabrio Trofeo,Subcompact Cars,All-Wheel Drive,Automatic 8-spd,6.0,3.0,Premium Gasoline,17,26,20,430.0
49137,2025,Maserati,Granturismo,Subcompact Cars,All-Wheel Drive,Automatic 8-spd,6.0,3.0,Premium Gasoline,18,27,21,412.0
48837,2025,Maserati,Granturismo Modena,Subcompact Cars,All-Wheel Drive,Automatic 8-spd,6.0,3.0,Premium Gasoline,18,27,21,412.0
48836,2025,Maserati,Granturismo Trofeo,Subcompact Cars,All-Wheel Drive,Automatic 8-spd,6.0,3.0,Premium Gasoline,18,27,21,412.0
48923,2025,Maserati,Grecale Trofeo,Small Sport Utility Vehicle 4WD,All-Wheel Drive,Automatic 8-spd,6.0,3.0,Premium Gasoline,18,25,20,432.0
48148,2025,Maserati,MC20,Two Seaters,Rear-Wheel Drive,Automatic (S8),6.0,3.0,Premium Gasoline,15,25,18,474.0
48149,2025,Maserati,MC20 Spyder,Two Seaters,Rear-Wheel Drive,Automatic (S8),6.0,3.0,Premium Gasoline,15,25,18,482.0
47989,2025,Mazda,3 4-Door 2WD,Compact Cars,Front-Wheel Drive,Automatic (S6),4.0,2.5,Regular Gasoline,27,37,31,287.0
47990,2025,Mazda,3 4-Door 4WD,Compact Cars,4-Wheel Drive,Automatic (S6),4.0,2.5,Regular Gasoline,26,35,30,301.0
47991,2025,Mazda,3 4-Door 4WD,Compact Cars,4-Wheel Drive,Automatic (S6),4.0,2.5,Regular Gasoline,23,32,27,334.0
48026,2025,Mazda,3 5-Door 2WD,Midsize Cars,Front-Wheel Drive,Manual 6-spd,4.0,2.5,Regular Gasoline,26,36,30,296.0
48027,2025,Mazda,3 5-Door 2WD,Midsize Cars,Front-Wheel Drive,Automatic (S6),4.0,2.5,Regular Gasoline,27,35,30,294.0
48028,2025,Mazda,3 5-Door 4WD,Midsize Cars,4-Wheel Drive,Automatic (S6),4.0,2.5,Regular Gasoline,26,33,29,311.0
48029,2025,Mazda,3 5-Door 4WD,Midsize Cars,4-Wheel Drive,Automatic (S6),4.0,2.5,Regular Gasoline,23,31,26,337.0
48612,2025,Mazda,CX-30 4WD,Small Sport Utility Vehicle 4WD,4-Wheel Drive,Automatic (S6),4.0,2.5,Regular Gasoline,26,33,29,309.0
48613,2025,Mazda,CX-30 4WD,Small Sport Utility Vehicle 4WD,4-Wheel Drive,Automatic (S6),4.0,2.5,Regular Gasoline,22,30,25,353.0
48537,2025,Mazda,CX-5 4WD,Small Sport Utility Vehicle 4WD,4-Wheel Drive,Automatic (S6),4.0,2.5,Regular Gasoline,23,29,25,348.0
48538,2025,Mazda,CX-5 4WD,Small Sport Utility Vehicle 4WD,4-Wheel Drive,Automatic (S6),4.0,2.5,Regular Gasoline,26,30,28,321.0
48539,2025,Mazda,CX-5 4WD,Small Sport Utility Vehicle 4WD,4-Wheel Drive,Automatic (S6),4.0,2.5,Regular Gasoline,22,27,24,370.0
48273,2025,Mazda,CX-50 4WD,Small Sport Utility Vehicle 4WD,4-Wheel Drive,Automatic (S6),4.0,2.5,Regular Gasoline,25,31,28,322.0
48274,2025,Mazda,CX-50 4WD,Small Sport Utility Vehicle 4WD,4-Wheel Drive,Automatic (S6),4.0,2.5,Regular Gasoline,23,29,25,355.0
48802,2025,Mazda,MX-5,Two Seaters,Rear-Wheel Drive,Manual 6-spd,4.0,2.0,Premium Gasoline,26,34,29,305.0
48803,2025,Mazda,MX-5,Two Seaters,Rear-Wheel Drive,Automatic (S6),4.0,2.0,Premium Gasoline,26,35,29,301.0
47994,2025,Mercedes-Benz,AMG CLA45 S 4matic,Compact Cars,All-Wheel Drive,Automatic (AM8),4.0,2.0,Premium Gasoline,20,28,23,379.0
48582,2025,Mercedes-Benz,AMG GT 55 4matic Plus (coupe),Two Seaters,All-Wheel Drive,Automatic 9-spd,8.0,4.0,Premium Gasoline,12,19,14,623.0
48848,2025,Mercedes-Benz,AMG GT 63 4matic Plus,Compact Cars,All-Wheel Drive,Automatic 9-spd,8.0,4.0,Premium Gasoline,15,21,17,512.0
48583,2025,Mercedes-Benz,AMG GT 63 4matic Plus (coupe),Two Seaters,All-Wheel Drive,Automatic 9-spd,8.0,4.0,Premium Gasoline,12,19,14,623.0
48804,2025,Mercedes-Benz,AMG GT 63 PRO 4matic Plus (coupe),Two Seaters,All-Wheel Drive,Automatic 9-spd,8.0,4.0,Premium Gasoline,12,19,14,623.0
48483,2025,Mercedes-Benz,AMG SL55 4matic Plus,Minicompact Cars,All-Wheel Drive,Automatic 9-spd,8.0,4.0,Premium Gasoline,13,21,16,558.0
48482,2025,Mercedes-Benz,AMG SL63 4matic Plus,Minicompact Cars,All-Wheel Drive,Automatic 9-spd,8.0,4.0,Premium Gasoline,13,21,16,558.0
48506,2025,Mercedes-Benz,Maybach S680 4matic,Large Cars,All-Wheel Drive,Automatic 9-spd,12.0,6.0,Premium Gasoline,12,20,15,603.0
48908,2025,Mitsubishi,Eclipse Cross 2WD,Small Sport Utility Vehicle 2WD,Front-Wheel Drive,Automatic (AV-S8),4.0,1.5,Regular Gasoline,25,28,26,339.0
48928,2025,Mitsubishi,Eclipse Cross 4WD,Small Sport Utility Vehicle 4WD,4-Wheel Drive,Automatic (AV-S8),4.0,1.5,Regular Gasoline,25,26,25,353.0
48929,2025,Mitsubishi,Eclipse Cross ES 4WD,Small Sport Utility Vehicle 4WD,4-Wheel Drive,Automatic (AV-S8),4.0,1.5,Regular Gasoline,25,28,26,339.0
48907,2025,Mitsubishi,Outlander 2WD,Small Sport Utility Vehicle 2WD,Front-Wheel Drive,Automatic (AV-S8),4.0,2.5,Regular Gasoline,24,31,27,333.0
48925,2025,Mitsubishi,Outlander 4WD,Small Sport Utility Vehicle 4WD,4-Wheel Drive,Automatic (AV-S8),4.0,2.5,Regular Gasoline,24,30,26,342.0
48926,2025,Mitsubishi,Outlander Sport 4WD,Small Sport Utility Vehicle 4WD,4-Wheel Drive,Automatic (AV-S6),4.0,2.0,Regular Gasoline,23,29,26,343.0
48927,2025,Mitsubishi,Outlander Sport 4WD,Small Sport Utility Vehicle 4WD,4-Wheel Drive,Automatic (AV-S6),4.0,2.4,Regular Gasoline,23,28,25,350.0
48186,2025,Nissan,Altima,Midsize Cars,Front-Wheel Drive,Automatic (variable gear ratios),4.0,2.5,Regular Gasoline,27,38,31,281.0
48187,2025,Nissan,Altima AWD,Midsize Cars,All-Wheel Drive,Automatic (variable gear ratios),4.0,2.5,Regular Gasoline,25,34,28,317.0
48188,2025,Nissan,Altima SL/SR,Midsize Cars,Front-Wheel Drive,Automatic (variable gear ratios),4.0,2.5,Regular Gasoline,27,36,30,287.0
48947,2025,Nissan,Armada 2WD,Standard Sport Utility Vehicle 2WD,Rear-Wheel Drive,Automatic (S9),6.0,3.5,Premium Gasoline,16,20,18,497.0
48968,2025,Nissan,Armada 4WD,Standard Sport Utility Vehicle 4WD,4-Wheel Drive,Automatic (S9),6.0,3.5,Premium Gasoline,16,19,17,524.0
48969,2025,Nissan,Armada 4WD PRO-4X,Standard Sport Utility Vehicle 4WD,4-Wheel Drive,Automatic (S9),6.0,3.5,Premium Gasoline,15,18,16,556.0
48509,2025,Nissan,Frontier 2WD,Standard Pickup Trucks 2WD,Rear-Wheel Drive,Automatic (S9),6.0,3.8,Regular Gasoline,19,24,21,432.0
48514,2025,Nissan,Frontier 4WD,Standard Pickup Trucks 4WD,Part-time 4-Wheel Drive,Automatic (S9),6.0,3.8,Regular Gasoline,17,21,19,470.0
48515,2025,Nissan,Frontier 4WD PRO4X,Standard Pickup Trucks 4WD,Part-time 4-Wheel Drive,Automatic (S9),6.0,3.8,Regular Gasoline,16,20,18,495.0
48259,2025,Nissan,Kicks,Small Sport Utility Vehicle 2WD,Front-Wheel Drive,Automatic (variable gear ratios),4.0,2.0,Regular Gasoline,28,35,31,287.0
48277,2025,Nissan,Kicks AWD,Small Sport Utility Vehicle 4WD,All-Wheel Drive,Automatic (variable gear ratios),4.0,2.0,Regular Gasoline,27,34,30,299.0
49042,2025,Nissan,Kicks Play,Midsize Cars,Front-Wheel Drive,Automatic (variable gear ratios),4.0,1.6,Regular Gasoline,31,36,33,268.0
48930,2025,Nissan,Murano AWD,Small Sport Utility Vehicle 4WD,All-Wheel Drive,Automatic (S9),4.0,2.0,Regular Gasoline,21,27,23,387.0
48909,2025,Nissan,Murano FWD,Small Sport Utility Vehicle 2WD,Front-Wheel Drive,Automatic (S9),4.0,2.0,Regular Gasoline,21,27,23,387.0
48606,2025,Nissan,Pathfinder 2WD,Small Sport Utility Vehicle 2WD,Front-Wheel Drive,Automatic (S9),6.0,3.5,Regular Gasoline,20,27,23,390.0
48615,2025,Nissan,Pathfinder 4WD,Small Sport Utility Vehicle 4WD,4-Wheel Drive,Automatic (S9),6.0,3.5,Regular Gasoline,21,27,23,379.0
48648,2025,Nissan,Pathfinder 4WD Platinum,Standard Sport Utility Vehicle 4WD,4-Wheel Drive,Automatic (S9),6.0,3.5,Regular Gasoline,20,25,22,400.0
48616,2025,Nissan,Pathfinder 4WD Rock Creek,Small Sport Utility Vehicle 4WD,4-Wheel Drive,Automatic (S9),6.0,3.5,Premium Gasoline,20,23,21,418.0
48540,2025,Nissan,Rogue AWD,Small Sport Utility Vehicle 4WD,All-Wheel Drive,Automatic (AV-S8),3.0,1.5,Regular Gasoline,28,35,31,287.0
48542,2025,Nissan,Rogue AWD Rock Creek,Small Sport Utility Vehicle 4WD,All-Wheel Drive,Automatic (AV-S8),3.0,1.5,Regular Gasoline,27,32,29,307.0
48541,2025,Nissan,Rogue AWD SL/Platinum,Small Sport Utility Vehicle 4WD,All-Wheel Drive,Automatic (AV-S8),3.0,1.5,Regular Gasoline,28,34,31,287.0
48522,2025,Nissan,Rogue FWD,Small Sport Utility Vehicle 2WD,Front-Wheel Drive,Automatic (AV-S8),3.0,1.5,Regular Gasoline,30,37,33,269.0
48523,2025,Nissan,Rogue FWD SL/Platinum,Small Sport Utility Vehicle 2WD,Front-Wheel Drive,Automatic (AV-S8),3.0,1.5,Regular Gasoline,29,36,32,278.0
48500,2025,Nissan,Sentra,Midsize Cars,Front-Wheel Drive,Automatic (variable gear ratios),4.0,2.0,Regular Gasoline,30,40,34,262.0
48501,2025,Nissan,Sentra SR,Midsize Cars,Front-Wheel Drive,Automatic (variable gear ratios),4.0,2.0,Regular Gasoline,30,38,33,270.0
48597,2025,Nissan,Versa,Compact Cars,Front-Wheel Drive,Automatic (variable gear ratios),4.0,1.6,Regular Gasoline,32,40,35,253.0
48598,2025,Nissan,Versa,Compact Cars,Front-Wheel Drive,Manual 5-spd,4.0,1.6,Regular Gasoline,27,35,30,296.0
48805,2025,Nissan,Z,Two Seaters,Rear-Wheel Drive,Manual 6-spd,6.0,3.0,Premium Gasoline,18,24,20,435.0
48806,2025,Nissan,Z,Two Seaters,Rear-Wheel Drive,Automatic (S9),6.0,3.0,Premium Gasoline,19,28,22,405.0
48807,2025,Nissan,Z NISMO,Two Seaters,Rear-Wheel Drive,Automatic (S9),6.0,3.0,Premium Gasoline,17,24,19,469.0
48808,2025,Porsche,718 Boxster,Two Seaters,Rear-Wheel Drive,Manual 6-spd,4.0,2.0,Premium Gasoline,20,25,22,409.0
48809,2025,Porsche,718 Boxster,Two Seaters,Rear-Wheel Drive,Automatic (AM-S7),4.0,2.0,Premium Gasoline,21,27,24,375.0
48584,2025,Porsche,718 Boxster GTS,Two Seaters,Rear-Wheel Drive,Manual 6-spd,6.0,4.0,Premium Gasoline,17,24,19,458.0
48585,2025,Porsche,718 Boxster GTS,Two Seaters,Rear-Wheel Drive,Automatic (AM-S7),6.0,4.0,Premium Gasoline,19,24,21,418.0
48812,2025,Porsche,718 Boxster S,Two Seaters,Rear-Wheel Drive,Manual 6-spd,4.0,2.5,Premium Gasoline,19,24,21,423.0
48813,2025,Porsche,718 Boxster S,Two Seaters,Rear-Wheel Drive,Automatic (AM-S7),4.0,2.5,Premium Gasoline,19,25,22,410.0
48810,2025,Porsche,718 Cayman,Two Seaters,Rear-Wheel Drive,Manual 6-spd,4.0,2.0,Premium Gasoline,20,25,22,409.0
48811,2025,Porsche,718 Cayman,Two Seaters,Rear-Wheel Drive,Automatic (AM-S7),4.0,2.0,Premium Gasoline,21,27,24,375.0
48586,2025,Porsche,718 Cayman GTS,Two Seaters,Rear-Wheel Drive,Manual 6-spd,6.0,4.0,Premium Gasoline,17,24,19,458.0
48587,2025,Porsche,718 Cayman GTS,Two Seaters,Rear-Wheel Drive,Automatic (AM-S7),6.0,4.0,Premium Gasoline,19,24,21,418.0
48814,2025,Porsche,718 Cayman S,Two Seaters,Rear-Wheel Drive,Manual 6-spd,4.0,2.5,Premium Gasoline,19,24,21,423.0
48815,2025,Porsche,718 Cayman S,Two Seaters,Rear-Wheel Drive,Automatic (AM-S7),4.0,2.5,Premium Gasoline,19,25,22,410.0
48816,2025,Porsche,718 GT4 RS,Two Seaters,Rear-Wheel Drive,Automatic (AM-S7),6.0,4.0,Premium Gasoline,15,19,16,544.0
49032,2025,Porsche,718 Spyder RS,Two Seaters,Rear-Wheel Drive,Automatic (AM-S7),6.0,4.0,Premium Gasoline,14,19,16,551.0
48589,2025,Porsche,911 Carrera,Minicompact Cars,Rear-Wheel Drive,Automatic (AM-S8),6.0,3.0,Premium Gasoline,18,25,21,424.0
49037,2025,Porsche,911 Carrera 4 GTS,Minicompact Cars,All-Wheel Drive,Automatic (AM-S8),6.0,3.6,Premium Gasoline,17,23,19,461.0
49038,2025,Porsche,911 Carrera 4 GTS Cabriolet,Minicompact Cars,All-Wheel Drive,Automatic (AM-S8),6.0,3.6,Premium Gasoline,17,23,19,468.0
48590,2025,Porsche,911 Carrera Cabriolet,Minicompact Cars,Rear-Wheel Drive,Automatic (AM-S8),6.0,3.0,Premium Gasoline,18,25,21,429.0
49135,2025,Porsche,911 Carrera GTS,Minicompact Cars,Rear-Wheel Drive,Automatic (AM-S8),6.0,3.6,Premium Gasoline,17,24,20,440.0
49035,2025,Porsche,911 Carrera GTS Cabriolet,Minicompact Cars,Rear-Wheel Drive,Automatic (AM-S8),6.0,3.6,Premium Gasoline,17,23,19,459.0
49133,2025,Porsche,911 Carrera S,Minicompact Cars,Rear-Wheel Drive,Automatic (AM-S8),6.0,3.0,Premium Gasoline,17,24,20,432.0
49134,2025,Porsche,911 Carrera S Cabriolet,Minicompact Cars,Rear-Wheel Drive,Automatic (AM-S8),6.0,3.0,Premium Gasoline,17,24,20,436.0
49033,2025,Porsche,911 Carrera T,Minicompact Cars,Rear-Wheel Drive,Manual 6-spd,6.0,3.0,Premium Gasoline,17,25,20,448.0
49034,2025,Porsche,911 Carrera T Cabriolet,Minicompact Cars,Rear-Wheel Drive,Manual 6-spd,6.0,3.0,Premium Gasoline,17,25,19,469.0
49039,2025,Porsche,911 Targa 4 GTS,Minicompact Cars,All-Wheel Drive,Automatic (AM-S8),6.0,3.6,Premium Gasoline,17,23,19,468.0
48591,2025,Porsche,911 Turbo,Minicompact Cars,All-Wheel Drive,Automatic (AM-S8),6.0,3.7,Premium Gasoline,14,21,17,534.0
48592,2025,Porsche,911 Turbo Cabriolet,Minicompact Cars,All-Wheel Drive,Automatic (AM-S8),6.0,3.7,Premium Gasoline,14,20,16,546.0
48593,2025,Porsche,911 Turbo S,Minicompact Cars,All-Wheel Drive,Automatic (AM-S8),6.0,3.7,Premium Gasoline,14,20,16,556.0
48594,2025,Porsche,911 Turbo S Cabriolet,Minicompact Cars,All-Wheel Drive,Automatic (AM-S8),6.0,3.7,Premium Gasoline,14,20,16,549.0
48571,2025,Porsche,Cayenne,Standard Sport Utility Vehicle 4WD,All-Wheel Drive,Automatic (S8),6.0,3.0,Premium Gasoline,17,23,19,469.0
48572,2025,Porsche,Cayenne Coupe,Standard Sport Utility Vehicle 4WD,All-Wheel Drive,Automatic (S8),6.0,3.0,Premium Gasoline,17,23,19,469.0
48650,2025,Porsche,Cayenne GTS,Standard Sport Utility Vehicle 4WD,All-Wheel Drive,Automatic (S8),8.0,4.0,Premium Gasoline,15,22,18,498.0
48651,2025,Porsche,Cayenne GTS Coupe,Standard Sport Utility Vehicle 4WD,All-Wheel Drive,Automatic (S8),8.0,4.0,Premium Gasoline,16,22,18,489.0
48970,2025,Porsche,Cayenne S,Standard Sport Utility Vehicle 4WD,All-Wheel Drive,Automatic (S8),8.0,4.0,Premium Gasoline,16,21,18,492.0
48971,2025,Porsche,Cayenne S Coupe,Standard Sport Utility Vehicle 4WD,All-Wheel Drive,Automatic (S8),8.0,4.0,Premium Gasoline,16,21,18,492.0
48649,2025,Porsche,Cayenne Turbo GT,Standard Sport Utility Vehicle 4WD,All-Wheel Drive,Automatic (S8),8.0,4.0,Premium Gasoline,15,20,17,521.0
48617,2025,Porsche,Macan,Small Sport Utility Vehicle 4WD,All-Wheel Drive,Automatic (AM-S7),4.0,2.0,Premium Gasoline,19,25,21,424.0
49059,2025,Porsche,Macan GTS,Small Sport Utility Vehicle 4WD,All-Wheel Drive,Automatic (AM-S7),6.0,2.9,Premium Gasoline,17,22,19,466.0
48618,2025,Porsche,Macan S,Small Sport Utility Vehicle 4WD,All-Wheel Drive,Automatic (AM-S7),6.0,2.9,Premium Gasoline,17,23,19,466.0
48619,2025,Porsche,Macan T,Small Sport Utility Vehicle 4WD,All-Wheel Drive,Automatic (AM-S7),4.0,2.0,Premium Gasoline,19,25,21,417.0
48194,2025,Porsche,Panamera,Large Cars,Rear-Wheel Drive,Automatic (AM-S8),6.0,2.9,Premium Gasoline,18,25,21,431.0
48195,2025,Porsche,Panamera 4,Large Cars,All-Wheel Drive,Automatic (AM-S8),6.0,2.9,Premium Gasoline,18,25,21,425.0
49043,2025,Porsche,Panamera GTS,Large Cars,All-Wheel Drive,Automatic (AM-S8),8.0,4.0,Premium Gasoline,16,24,18,495.0
47722,2025,Ram,1500 2WD,Standard Pickup Trucks 2WD,Rear-Wheel Drive,Automatic 8-spd,6.0,3.0,Regular Gasoline,18,25,21,433.0
47725,2025,Ram,1500 4WD,Standard Pickup Trucks 4WD,4-Wheel Drive,Automatic 8-spd,6.0,3.0,Regular Gasoline,17,24,19,458.0
47727,2025,Ram,1500 HO 4WD,Standard Pickup Trucks 4WD,4-Wheel Drive,Automatic 8-spd,6.0,3.0,Premium Gasoline,15,21,17,521.0
47946,2025,Ram,1500 RHO 4WD,Standard Pickup Trucks 4WD,4-Wheel Drive,Automatic 8-spd,6.0,3.0,Premium Gasoline,14,16,15,602.0
48294,2025,Rolls-Royce,Cullinan,Standard Sport Utility Vehicle 4WD,All-Wheel Drive,Automatic (S8),12.0,6.7,Premium Gasoline,12,19,14,609.0
48295,2025,Rolls-Royce,Cullinan Black Badge,Standard Sport Utility Vehicle 4WD,All-Wheel Drive,Automatic (S8),12.0,6.7,Premium Gasoline,12,19,14,609.0
48864,2025,Rolls-Royce,Ghost,Large Cars,All-Wheel Drive,Automatic (S8),12.0,6.7,Premium Gasoline,12,19,14,609.0
48866,2025,Rolls-Royce,Ghost Black Badge,Large Cars,All-Wheel Drive,Automatic (S8),12.0,6.7,Premium Gasoline,12,19,14,609.0
48865,2025,Rolls-Royce,Ghost Extended,Large Cars,All-Wheel Drive,Automatic (S8),12.0,6.7,Premium Gasoline,12,19,14,609.0
48862,2025,Rolls-Royce,Phantom,Large Cars,Rear-Wheel Drive,Automatic (S8),12.0,6.7,Premium Gasoline,12,19,14,609.0
48863,2025,Rolls-Royce,Phantom Extended,Large Cars,Rear-Wheel Drive,Automatic (S8),12.0,6.7,Premium Gasoline,12,19,14,609.0
48573,2025,Subaru,Ascent,Standard Sport Utility Vehicle 4WD,All-Wheel Drive,Automatic (AV-S8),4.0,2.4,Regular Gasoline,20,26,22,398.0
48574,2025,Subaru,Ascent Limited/Touring/Onyx AWD,Standard Sport Utility Vehicle 4WD,All-Wheel Drive,Automatic (AV-S8),4.0,2.4,Regular Gasoline,19,25,21,419.0
48484,2025,Subaru,BRZ,Minicompact Cars,Rear-Wheel Drive,Manual 6-spd,4.0,2.4,Premium Gasoline,20,27,22,398.0
48485,2025,Subaru,BRZ,Minicompact Cars,Rear-Wheel Drive,Automatic (S6),4.0,2.4,Premium Gasoline,21,30,25,362.0
48543,2025,Subaru,Crosstrek AWD,Small Sport Utility Vehicle 4WD,All-Wheel Drive,Automatic (AV-S8),4.0,2.0,Regular Gasoline,27,34,29,300.0
48544,2025,Subaru,Crosstrek AWD,Small Sport Utility Vehicle 4WD,All-Wheel Drive,Automatic (AV-S8),4.0,2.5,Regular Gasoline,27,33,29,305.0
48545,2025,Subaru,Crosstrek Wilderness AWD,Small Sport Utility Vehicle 4WD,All-Wheel Drive,Automatic (AV-S8),4.0,2.5,Regular Gasoline,25,29,27,332.0
47740,2025,Subaru,Forester AWD,Small Sport Utility Vehicle 4WD,All-Wheel Drive,Automatic (AV-S8),4.0,2.5,Regular Gasoline,26,33,29,310.0
47741,2025,Subaru,Forester Sport/Touring AWD,Small Sport Utility Vehicle 4WD,All-Wheel Drive,Automatic (AV-S8),4.0,2.5,Regular Gasoline,25,32,28,317.0
48931,2025,Subaru,Forester Wilderness AWD,Small Sport Utility Vehicle 4WD,All-Wheel Drive,Automatic (AV-S8),4.0,2.5,Regular Gasoline,25,28,26,338.0
48507,2025,Subaru,Impreza,Small Station Wagons,All-Wheel Drive,Automatic (AV-S8),4.0,2.0,Regular Gasoline,27,34,30,297.0
48508,2025,Subaru,Impreza,Small Station Wagons,All-Wheel Drive,Automatic (AV-S8),4.0,2.5,Regular Gasoline,26,33,29,306.0
47778,2025,Subaru,Legacy AWD,Midsize Cars,All-Wheel Drive,Automatic (AV-S8),4.0,2.5,Regular Gasoline,27,35,30,295.0
47779,2025,Subaru,Legacy AWD,Midsize Cars,All-Wheel Drive,Automatic (AV-S8),4.0,2.4,Regular Gasoline,23,31,26,337.0
47801,2025,Subaru,Outback AWD,Small Sport Utility Vehicle 4WD,All-Wheel Drive,Automatic (AV-S8),4.0,2.5,Regular Gasoline,26,32,28,314.0
47802,2025,Subaru,Outback AWD,Small Sport Utility Vehicle 4WD,All-Wheel Drive,Automatic (AV-S8),4.0,2.4,Regular Gasoline,22,29,25,356.0
47803,2025,Subaru,Outback Wilderness AWD,Small Sport Utility Vehicle 4WD,All-Wheel Drive,Automatic (AV-S8),4.0,2.4,Regular Gasoline,21,26,23,378.0
48856,2025,Subaru,WRX,Midsize Cars,All-Wheel Drive,Manual 6-spd,4.0,2.4,Premium Gasoline,19,26,22,413.0
48857,2025,Subaru,WRX,Midsize Cars,All-Wheel Drive,Automatic (AV-S8),4.0,2.4,Premium Gasoline,18,25,21,422.0
48951,2025,Toyota,4Runner 2WD,Standard Sport Utility Vehicle 2WD,Rear-Wheel Drive,Automatic (S8),4.0,2.4,Regular Gasoline,20,26,22,399.0
48952,2025,Toyota,4Runner 2WD,Standard Sport Utility Vehicle 2WD,Rear-Wheel Drive,Automatic (S8),4.0,2.4,Regular Gasoline,20,24,22,404.0
48976,2025,Toyota,4Runner 4WD,Standard Sport Utility Vehicle 4WD,Part-time 4-Wheel Drive,Automatic (S8),4.0,2.4,Regular Gasoline,19,25,21,417.0
48982,2025,Toyota,4Runner 4WD,Standard Sport Utility Vehicle 4WD,4-Wheel Drive,Automatic (S8),4.0,2.4,Regular Gasoline,20,24,21,415.0
48493,2025,Toyota,Corolla,Compact Cars,Front-Wheel Drive,Automatic (variable gear ratios),4.0,2.0,Regular Gasoline,32,41,35,254.0
48494,2025,Toyota,Corolla,Compact Cars,Front-Wheel Drive,Automatic (variable gear ratios),4.0,2.0,Regular Gasoline,31,40,34,257.0
48495,2025,Toyota,Corolla,Compact Cars,Front-Wheel Drive,Automatic (AV-S10),4.0,2.0,Regular Gasoline,31,38,34,265.0
48911,2025,Toyota,Corolla Cross,Small Sport Utility Vehicle 2WD,Front-Wheel Drive,Automatic (AV-S10),4.0,2.0,Regular Gasoline,31,33,32,276.0
48938,2025,Toyota,Corolla Cross AWD,Small Sport Utility Vehicle 4WD,All-Wheel Drive,Automatic (AV-S10),4.0,2.0,Regular Gasoline,29,31,30,294.0
48496,2025,Toyota,Corolla FX,Compact Cars,Front-Wheel Drive,Automatic (variable gear ratios),4.0,2.0,Regular Gasoline,31,39,34,261.0
47996,2025,Toyota,Corolla Hatchback,Compact Cars,Front-Wheel Drive,Automatic (AV-S10),4.0,2.0,Regular Gasoline,32,41,35,254.0
47997,2025,Toyota,Corolla Hatchback XSE,Compact Cars,Front-Wheel Drive,Automatic (AV-S10),4.0,2.0,Regular Gasoline,30,38,33,266.0
48821,2025,Toyota,GR 86,Minicompact Cars,Rear-Wheel Drive,Manual 6-spd,4.0,2.4,Premium Gasoline,20,26,22,401.0
48822,2025,Toyota,GR 86,Minicompact Cars,Rear-Wheel Drive,Automatic (S6),4.0,2.4,Premium Gasoline,21,30,24,366.0
48595,2025,Toyota,GR Corolla,Subcompact Cars,All-Wheel Drive,Automatic (S8),3.0,1.6,Premium Gasoline,19,27,22,395.0
48596,2025,Toyota,GR Corolla,Subcompact Cars,All-Wheel Drive,Manual 6-spd,3.0,1.6,Premium Gasoline,21,28,24,368.0
47966,2025,Toyota,GR Supra,Two Seaters,Rear-Wheel Drive,Automatic (S8),4.0,2.0,Premium Gasoline,25,31,27,322.0
47967,2025,Toyota,GR Supra,Two Seaters,Rear-Wheel Drive,Automatic (S8),6.0,3.0,Premium Gasoline,23,31,26,342.0
47968,2025,Toyota,GR Supra,Two Seaters,Rear-Wheel Drive,Manual 6-spd,6.0,3.0,Premium Gasoline,19,27,21,411.0
48974,2025,Toyota,Grand Highlander AWD LE/XLE,Standard Sport Utility Vehicle 4WD,All-Wheel Drive,Automatic (S8),4.0,2.4,Regular Gasoline,21,27,23,379.0
48975,2025,Toyota,Grand Highlander AWD Limited/Platinum,Standard Sport Utility Vehicle 4WD,All-Wheel Drive,Automatic (S8),4.0,2.4,Regular Gasoline,20,26,22,400.0
48949,2025,Toyota,Grand Highlander LE/XLE,Standard Sport Utility Vehicle 2WD,Front-Wheel Drive,Automatic (S8),4.0,2.4,Regular Gasoline,21,28,24,371.0
48950,2025,Toyota,Grand Highlander Limited,Standard Sport Utility Vehicle 2WD,Front-Wheel Drive,Automatic (S8),4.0,2.4,Regular Gasoline,21,28,24,366.0
48912,2025,Toyota,Highlander,Small Sport Utility Vehicle 2WD,Front-Wheel Drive,Automatic (S8),4.0,2.4,Regular Gasoline,22,29,25,359.0
48913,2025,Toyota,Highlander,Small Sport Utility Vehicle 2WD,Front-Wheel Drive,Automatic (S8),4.0,2.4,Regular Gasoline,21,28,24,370.0
48940,2025,Toyota,Highlander AWD,Small Sport Utility Vehicle 4WD,All-Wheel Drive,Automatic (S8),4.0,2.4,Regular Gasoline,21,28,24,371.0
48910,2025,Toyota,RAV4,Small Sport Utility Vehicle 2WD,Front-Wheel Drive,Automatic (S8),4.0,2.5,Regular Gasoline,27,35,30,292.0
48933,2025,Toyota,RAV4 AWD,Small Sport Utility Vehicle 4WD,All-Wheel Drive,Automatic (S8),4.0,2.5,Regular Gasoline,27,33,29,301.0
48934,2025,Toyota,RAV4 AWD,Small Sport Utility Vehicle 4WD,All-Wheel Drive,Automatic (S8),4.0,2.5,Regular Gasoline,25,33,28,320.0
48935,2025,Toyota,RAV4 AWD LE,Small Sport Utility Vehicle 4WD,All-Wheel Drive,Automatic (S8),4.0,2.5,Regular Gasoline,27,34,30,296.0
48872,2025,Toyota,Tacoma 2WD,Small Pickup Trucks 2WD,Rear-Wheel Drive,Automatic (S8),4.0,2.4,Regular Gasoline,20,26,23,394.0
48881,2025,Toyota,Tacoma 4WD,Small Pickup Trucks 4WD,Part-time 4-Wheel Drive,Automatic (S8),4.0,2.4,Regular Gasoline,19,24,21,424.0
48877,2025,Toyota,Tacoma 4WD MT,Small Pickup Trucks 4WD,Part-time 4-Wheel Drive,Manual 6-spd,4.0,2.4,Regular Gasoline,18,23,20,452.0
48878,2025,Toyota,Tacoma SR5/Sport/Off-Road/Limited 4WD,Small Pickup Trucks 4WD,Part-time 4-Wheel Drive,Automatic (S8),4.0,2.4,Regular Gasoline,19,23,21,433.0
48879,2025,Toyota,Tacoma SR5/Sport/Off-Road/Limited 4WD,Small Pickup Trucks 4WD,Part-time 4-Wheel Drive,Automatic (S8),4.0,2.4,Regular Gasoline,20,23,21,420.0
48880,2025,Toyota,Tacoma SR5/Sport/Off-Road/Limited 4WD,Small Pickup Trucks 4WD,Part-time 4-Wheel Drive,Automatic (S8),4.0,2.4,Regular Gasoline,19,24,21,424.0
48870,2025,Toyota,Tacoma SR5/Sport/PreRunner 2WD,Small Pickup Trucks 2WD,Rear-Wheel Drive,Automatic (S8),4.0,2.4,Regular Gasoline,20,24,22,404.0
48871,2025,Toyota,Tacoma SR5/Sport/PreRunner 2WD,Small Pickup Trucks 2WD,Rear-Wheel Drive,Automatic (S8),4.0,2.4,Regular Gasoline,21,26,23,393.0
48510,2025,Toyota,Tundra 2WD,Standard Pickup Trucks 2WD,Rear-Wheel Drive,Automatic (S10),6.0,3.4,Regular Gasoline,18,23,20,450.0
48511,2025,Toyota,Tundra 2WD,Standard Pickup Trucks 2WD,Rear-Wheel Drive,Automatic (S10),6.0,3.4,Regular Gasoline,18,23,20,442.0
48516,2025,Toyota,Tundra 4WD,Standard Pickup Trucks 4WD,Part-time 4-Wheel Drive,Automatic (S10),6.0,3.4,Regular Gasoline,17,22,19,460.0
48517,2025,Toyota,Tundra 4WD,Standard Pickup Trucks 4WD,Part-time 4-Wheel Drive,Automatic (S10),6.0,3.4,Regular Gasoline,17,22,19,468.0
48524,2025,Volkswagen,Atlas,Small Sport Utility Vehicle 2WD,Front-Wheel Drive,Automatic (S8),4.0,2.0,Regular Gasoline,20,26,22,402.0
48278,2025,Volkswagen,Atlas 4motion Peak Edition,Small Sport Utility Vehicle 4WD,All-Wheel Drive,Automatic (S8),4.0,2.0,Regular Gasoline,18,25,20,436.0
48525,2025,Volkswagen,Atlas Cross Sport,Small Sport Utility Vehicle 2WD,Front-Wheel Drive,Automatic (S8),4.0,2.0,Regular Gasoline,20,26,23,392.0
48548,2025,Volkswagen,Atlas Cross Sport 4motion,Small Sport Utility Vehicle 4WD,All-Wheel Drive,Automatic (S8),4.0,2.0,Regular Gasoline,19,26,21,420.0
48547,2025,Volkswagen,Atlas SE 4motion,Small Sport Utility Vehicle 4WD,All-Wheel Drive,Automatic (S8),4.0,2.0,Regular Gasoline,19,26,21,420.0
48546,2025,Volkswagen,Atlas SEL 4motion,Small Sport Utility Vehicle 4WD,All-Wheel Drive,Automatic (S8),4.0,2.0,Regular Gasoline,18,25,21,428.0
47998,2025,Volkswagen,GLI,Compact Cars,Front-Wheel Drive,Automatic (AM-S7),4.0,2.0,Regular Gasoline,25,35,29,311.0
47999,2025,Volkswagen,GLI,Compact Cars,Front-Wheel Drive,Manual 6-spd,4.0,2.0,Regular Gasoline,26,36,30,301.0
48851,2025,Volkswagen,GTI,Compact Cars,Front-Wheel Drive,Automatic (AM-S7),4.0,2.0,Regular Gasoline,24,32,27,326.0
48850,2025,Volkswagen,Golf R,Compact Cars,All-Wheel Drive,Automatic (AM-S7),4.0,2.0,Premium Gasoline,22,31,25,349.0
48172,2025,Volkswagen,Jetta,Compact Cars,Front-Wheel Drive,Automatic (S8),4.0,1.5,Regular Gasoline,29,39,33,271.0
48000,2025,Volkswagen,Jetta Sport/SE/SEL,Compact Cars,Front-Wheel Drive,Automatic (S8),4.0,1.5,Regular Gasoline,29,40,33,271.0
48914,2025,Volkswagen,Taos,Small Sport Utility Vehicle 2WD,Front-Wheel Drive,Automatic (S8),4.0,1.5,Regular Gasoline,28,36,31,287.0
48941,2025,Volkswagen,Taos 4motion,Small Sport Utility Vehicle 4WD,All-Wheel Drive,Automatic (S8),4.0,1.5,Regular Gasoline,25,33,28,318.0
49047,2025,Volkswagen,Tiguan,Small Sport Utility Vehicle 2WD,Front-Wheel Drive,Automatic (S8),4.0,2.0,Regular Gasoline,25,32,28,320.0
49060,2025,Volkswagen,Tiguan 4motion,Small Sport Utility Vehicle 4WD,All-Wheel Drive,Automatic (S8),4.0,2.0,Regular Gasoline,22,30,25,351.0
49048,2025,Volkswagen,Tiguan S,Small Sport Utility Vehicle 2WD,Front-Wheel Drive,Automatic (S8),4.0,2.0,Regular Gasoline,26,34,29,307.0
50074,2026,Acura,ADX AWD,Small Station Wagons,All-Wheel Drive,Automatic (AV-S7),4.0,1.5,Premium Gasoline,25,30,27,329.0
50075,2026,Acura,ADX FWD,Small Station Wagons,Front-Wheel Drive,Automatic (AV-S7),4.0,1.5,Premium Gasoline,26,31,28,317.0
49305,2026,Acura,Integra,Large Cars,Front-Wheel Drive,Automatic (AV-S7),4.0,1.5,Premium Gasoline,29,37,32,278.0
49308,2026,Acura,Integra,Large Cars,Front-Wheel Drive,Manual 6-spd,4.0,2.0,Premium Gasoline,21,28,24,371.0
49306,2026,Acura,Integra A-Spec,Large Cars,Front-Wheel Drive,Automatic (AV-S7),4.0,1.5,Premium Gasoline,29,37,32,277.0
49307,2026,Acura,Integra A-Spec,Large Cars,Front-Wheel Drive,Manual 6-spd,4.0,1.5,Premium Gasoline,26,36,30,293.0
49471,2026,Acura,MDX AWD,Small Sport Utility Vehicle 4WD,All-Wheel Drive,Automatic (S10),6.0,3.5,Premium Gasoline,19,25,21,423.0
49560,2026,Acura,MDX AWD Type-S,Standard Sport Utility Vehicle 4WD,All-Wheel Drive,Automatic (S10),6.0,3.0,Premium Gasoline,17,21,19,474.0
49439,2026,Acura,MDX FWD,Small Sport Utility Vehicle 2WD,Front-Wheel Drive,Automatic (S10),6.0,3.5,Premium Gasoline,19,26,22,411.0
49847,2026,Acura,RDX AWD,Small Sport Utility Vehicle 4WD,All-Wheel Drive,Automatic (S10),4.0,2.0,Premium Gasoline,21,27,23,385.0
49848,2026,Acura,RDX AWD A-SPEC,Small Sport Utility Vehicle 4WD,All-Wheel Drive,Automatic (S10),4.0,2.0,Premium Gasoline,21,26,23,386.0
50054,2026,Alfa Romeo,Giulia,Midsize Cars,Rear-Wheel Drive,Automatic 8-spd,4.0,2.0,Premium Gasoline,24,33,27,330.0
49998,2026,Alfa Romeo,Giulia AWD,Midsize Cars,All-Wheel Drive,Automatic 8-spd,4.0,2.0,Premium Gasoline,23,31,26,348.0
50004,2026,Alfa Romeo,Stelvio AWD,Small Sport Utility Vehicle 4WD,All-Wheel Drive,Automatic 8-spd,4.0,2.0,Premium Gasoline,22,28,24,364.0
50115,2026,Alfa Romeo,Tonale AWD,Small Sport Utility Vehicle 4WD,All-Wheel Drive,Automatic 9-spd,4.0,2.0,Regular Gasoline,21,29,24,376.0
50444,2026,Aston Martin,DB12 S,Minicompact Cars,Rear-Wheel Drive,Automatic 8-spd,8.0,4.0,Premium Gasoline,14,21,17,522.0
49780,2026,Aston Martin,DB12 V8,Minicompact Cars,Rear-Wheel Drive,Automatic 8-spd,8.0,4.0,Premium Gasoline,15,22,17,507.0
49891,2026,Aston Martin,DBX 707,Standard Sport Utility Vehicle 4WD,4-Wheel Drive,Automatic 9-spd,8.0,4.0,Premium Gasoline,15,20,17,537.0
49892,2026,Aston Martin,DBX 727,Standard Sport Utility Vehicle 4WD,4-Wheel Drive,Automatic 9-spd,8.0,4.0,Premium Gasoline,14,19,16,546.0
49165,2026,Aston Martin,Vanquish,Two Seaters,Rear-Wheel Drive,Automatic 8-spd,12.0,5.2,Premium Gasoline,13,21,16,563.0
49166,2026,Aston Martin,Vanquish Volante,Two Seaters,Rear-Wheel Drive,Automatic 8-spd,12.0,5.2,Premium Gasoline,13,20,16,567.0
49773,2026,Aston Martin,Vantage,Two Seaters,Rear-Wheel Drive,Automatic 8-spd,8.0,4.0,Premium Gasoline,15,22,18,498.0
49789,2026,Audi,A3 quattro,Subcompact Cars,All-Wheel Drive,Automatic (AM-S7),4.0,2.0,Premium Gasoline,24,34,28,323.0
50282,2026,Audi,A5 quattro,Midsize Cars,All-Wheel Drive,Automatic (AM-S7),4.0,2.0,Premium Gasoline,22,32,26,345.0
49999,2026,Audi,A6 Sedan,Midsize Cars,All-Wheel Drive,Automatic (AM-S7),6.0,3.0,Premium Gasoline,20,29,23,387.0
50116,2026,Audi,Q3,Small Sport Utility Vehicle 4WD,All-Wheel Drive,Automatic (AM-S7),4.0,2.0,Regular Gasoline,22,29,25,362.0
50289,2026,Audi,Q5 Sportback TFSI quattro,Small Sport Utility Vehicle 4WD,All-Wheel Drive,Automatic (AM-S7),4.0,2.0,Premium Gasoline,21,29,24,368.0
50288,2026,Audi,Q5 TFSI quattro,Small Sport Utility Vehicle 4WD,All-Wheel Drive,Automatic (AM-S7),4.0,2.0,Premium Gasoline,21,29,24,368.0
49893,2026,Audi,Q7,Standard Sport Utility Vehicle 4WD,All-Wheel Drive,Automatic (S8),4.0,2.0,Premium Gasoline,20,26,22,405.0
49791,2026,Audi,RS 3,Subcompact Cars,All-Wheel Drive,Automatic (AM-S7),5.0,2.5,Premium Gasoline,20,29,23,387.0
49790,2026,Audi,S3,Subcompact Cars,All-Wheel Drive,Automatic (AM-S7),4.0,2.0,Premium Gasoline,23,31,26,346.0
50281,2026,Audi,S5 Sport Sedan,Midsize Cars,All-Wheel Drive,Automatic (AM-S7),6.0,3.0,Premium Gasoline,20,29,23,386.0
50286,2026,Audi,SQ5,Small Sport Utility Vehicle 4WD,All-Wheel Drive,Automatic (AM-S7),6.0,3.0,Premium Gasoline,21,28,23,382.0
50287,2026,Audi,SQ5 Sportback,Small Sport Utility Vehicle 4WD,All-Wheel Drive,Automatic (AM-S7),6.0,3.0,Premium Gasoline,21,28,23,382.0
49561,2026,Audi,SQ7,Standard Sport Utility Vehicle 4WD,All-Wheel Drive,Automatic (S8),8.0,4.0,Premium Gasoline,14,20,16,540.0
49894,2026,Audi,SQ8,Standard Sport Utility Vehicle 4WD,All-Wheel Drive,Automatic (S8),8.0,4.0,Premium Gasoline,14,20,16,540.0
49231,2026,BMW,228 Gran Coupe,Compact Cars,Front-Wheel Drive,Automatic (AM-S7),4.0,2.0,Premium Gasoline,27,39,31,279.0
49230,2026,BMW,228 xDrive Gran Coupe,Compact Cars,All-Wheel Drive,Automatic (AM-S7),4.0,2.0,Premium Gasoline,26,38,30,288.0
49194,2026,BMW,230i Coupe,Subcompact Cars,Rear-Wheel Drive,Automatic (S8),4.0,2.0,Premium Gasoline,26,35,30,296.0
49195,2026,BMW,230i xDrive Coupe,Subcompact Cars,All-Wheel Drive,Automatic (S8),4.0,2.0,Premium Gasoline,25,33,28,313.0
49215,2026,BMW,840i Convertible,Subcompact Cars,Rear-Wheel Drive,Automatic (S8),6.0,3.0,Premium Gasoline,21,29,24,368.0
49213,2026,BMW,840i Coupe,Subcompact Cars,Rear-Wheel Drive,Automatic (S8),6.0,3.0,Premium Gasoline,21,29,24,368.0
49275,2026,BMW,840i Gran Coupe,Midsize Cars,Rear-Wheel Drive,Automatic (S8),6.0,3.0,Premium Gasoline,21,29,24,368.0
49216,2026,BMW,840i xDrive Convertible,Subcompact Cars,All-Wheel Drive,Automatic (S8),6.0,3.0,Premium Gasoline,21,29,24,373.0
49214,2026,BMW,840i xDrive Coupe,Subcompact Cars,All-Wheel Drive,Automatic (S8),6.0,3.0,Premium Gasoline,21,29,24,373.0
49276,2026,BMW,840i xDrive Gran Coupe,Midsize Cars,All-Wheel Drive,Automatic (S8),6.0,3.0,Premium Gasoline,21,29,24,373.0
49198,2026,BMW,M2 Coupe,Subcompact Cars,Rear-Wheel Drive,Manual 6-spd,6.0,3.0,Premium Gasoline,16,23,19,473.0
49199,2026,BMW,M2 Coupe,Subcompact Cars,Rear-Wheel Drive,Automatic (S8),6.0,3.0,Premium Gasoline,16,23,19,466.0
49200,2026,BMW,M2 Coupe CS,Subcompact Cars,Rear-Wheel Drive,Automatic (S8),6.0,3.0,Premium Gasoline,16,23,19,475.0
49232,2026,BMW,M235 xDrive Gran Coupe,Compact Cars,All-Wheel Drive,Automatic (AM-S7),4.0,2.0,Premium Gasoline,24,33,27,321.0
49196,2026,BMW,M240i Coupe,Subcompact Cars,Rear-Wheel Drive,Automatic (S8),6.0,3.0,Premium Gasoline,23,32,26,339.0
49197,2026,BMW,M240i xDrive Coupe,Subcompact Cars,All-Wheel Drive,Automatic (S8),6.0,3.0,Premium Gasoline,23,32,26,336.0
49239,2026,BMW,M3 Competition M xDrive Sedan,Compact Cars,All-Wheel Drive,Automatic (S8),6.0,3.0,Premium Gasoline,16,23,18,477.0
49238,2026,BMW,M3 Competition Sedan,Compact Cars,Rear-Wheel Drive,Automatic (S8),6.0,3.0,Premium Gasoline,16,23,19,470.0
49237,2026,BMW,M3 Sedan,Compact Cars,Rear-Wheel Drive,Manual 6-spd,6.0,3.0,Premium Gasoline,16,23,19,472.0
49210,2026,BMW,M4 Competition Coupe,Subcompact Cars,Rear-Wheel Drive,Automatic (S8),6.0,3.0,Premium Gasoline,16,23,19,470.0
49212,2026,BMW,M4 Competition M xDrive Convertible,Subcompact Cars,All-Wheel Drive,Automatic (S8),6.0,3.0,Premium Gasoline,16,22,18,479.0
49211,2026,BMW,M4 Competition M xDrive Coupe,Subcompact Cars,All-Wheel Drive,Automatic (S8),6.0,3.0,Premium Gasoline,16,23,18,472.0
49209,2026,BMW,M4 Coupe,Subcompact Cars,Rear-Wheel Drive,Manual 6-spd,6.0,3.0,Premium Gasoline,16,23,19,472.0
49218,2026,BMW,M850i xDrive Convertible,Subcompact Cars,All-Wheel Drive,Automatic (S8),8.0,4.4,Premium Gasoline,17,24,19,456.0
49217,2026,BMW,M850i xDrive Coupe,Subcompact Cars,All-Wheel Drive,Automatic (S8),8.0,4.4,Premium Gasoline,17,24,19,456.0
49277,2026,BMW,M850i xDrive Gran Coupe,Midsize Cars,All-Wheel Drive,Automatic (S8),8.0,4.4,Premium Gasoline,17,24,19,456.0
49473,2026,BMW,X1 M35i,Small Sport Utility Vehicle 4WD,All-Wheel Drive,Automatic (AM-S7),4.0,2.0,Premium Gasoline,24,32,27,327.0
49472,2026,BMW,X1 xDrive28i,Small Sport Utility Vehicle 4WD,All-Wheel Drive,Automatic (AM-S7),4.0,2.0,Premium Gasoline,25,34,28,311.0
49475,2026,BMW,X2 M35i,Small Sport Utility Vehicle 4WD,All-Wheel Drive,Automatic (AM-S7),4.0,2.0,Premium Gasoline,23,31,26,338.0
49474,2026,BMW,X2 xDrive28i,Small Sport Utility Vehicle 4WD,All-Wheel Drive,Automatic (AM-S7),4.0,2.0,Premium Gasoline,24,34,28,314.0
49168,2026,BMW,Z4 M40i,Two Seaters,Rear-Wheel Drive,Automatic (S8),6.0,3.0,Premium Gasoline,23,29,25,346.0
49169,2026,BMW,Z4 M40i,Two Seaters,Rear-Wheel Drive,Manual 6-spd,6.0,3.0,Premium Gasoline,19,26,22,407.0
49167,2026,BMW,Z4 sDrive30i,Two Seaters,Rear-Wheel Drive,Automatic (S8),4.0,2.0,Premium Gasoline,25,33,28,312.0
49562,2026,Bentley,Bentayga,Standard Sport Utility Vehicle 4WD,All-Wheel Drive,Automatic (S8),8.0,4.0,Premium Gasoline,14,21,16,553.0
49563,2026,Bentley,Bentayga EWB,Standard Sport Utility Vehicle 4WD,All-Wheel Drive,Automatic (S8),8.0,4.0,Premium Gasoline,14,21,16,553.0
49573,2026,Buick,Enclave AWD,Standard Sport Utility Vehicle 4WD,All-Wheel Drive,Automatic 8-spd,4.0,2.5,Regular Gasoline,20,24,21,423.0
49549,2026,Buick,Enclave FWD,Standard Sport Utility Vehicle 2WD,Front-Wheel Drive,Automatic 8-spd,4.0,2.5,Regular Gasoline,20,25,22,404.0
49479,2026,Buick,Encore GX AWD,Small Sport Utility Vehicle 4WD,All-Wheel Drive,Automatic 9-spd,3.0,1.3,Regular Gasoline,26,28,27,327.0
49441,2026,Buick,Encore GX FWD,Small Sport Utility Vehicle 2WD,Front-Wheel Drive,Automatic (variable gear ratios),3.0,1.3,Regular Gasoline,29,31,30,297.0
49478,2026,Buick,Envision AWD,Small Sport Utility Vehicle 4WD,All-Wheel Drive,Automatic (S9),4.0,2.0,Regular Gasoline,22,28,25,361.0
49337,2026,Buick,Envista,Small Station Wagons,Front-Wheel Drive,Automatic 6-spd,3.0,1.2,Regular Gasoline,28,32,30,296.0
49244,2026,Cadillac,CT4,Compact Cars,Rear-Wheel Drive,Automatic (S10),4.0,2.7,Premium Gasoline,21,31,25,356.0
49250,2026,Cadillac,CT4,Compact Cars,Rear-Wheel Drive,Automatic (S8),4.0,2.0,Premium Gasoline,22,32,26,345.0
49246,2026,Cadillac,CT4 AWD,Compact Cars,All-Wheel Drive,Automatic (S10),4.0,2.7,Premium Gasoline,21,29,24,371.0
49251,2026,Cadillac,CT4 AWD,Compact Cars,All-Wheel Drive,Automatic (S8),4.0,2.0,Premium Gasoline,21,31,25,357.0
49245,2026,Cadillac,CT4 V,Compact Cars,Rear-Wheel Drive,Automatic (S10),4.0,2.7,Premium Gasoline,20,29,23,383.0
49248,2026,Cadillac,CT4 V,Compact Cars,Rear-Wheel Drive,Automatic (S10),6.0,3.6,Premium Gasoline,16,24,19,478.0
49249,2026,Cadillac,CT4 V,Compact Cars,Rear-Wheel Drive,Manual 6-spd,6.0,3.6,Premium Gasoline,15,23,18,493.0
49247,2026,Cadillac,CT4 V AWD,Compact Cars,All-Wheel Drive,Automatic (S10),4.0,2.7,Premium Gasoline,20,28,23,387.0
49278,2026,Cadillac,CT5,Midsize Cars,Rear-Wheel Drive,Automatic (S10),6.0,3.0,Premium Gasoline,19,28,22,399.0
49284,2026,Cadillac,CT5,Midsize Cars,Rear-Wheel Drive,Automatic (S10),4.0,2.0,Premium Gasoline,22,31,26,346.0
49280,2026,Cadillac,CT5 AWD,Midsize Cars,All-Wheel Drive,Automatic (S10),6.0,3.0,Premium Gasoline,18,27,21,418.0
49285,2026,Cadillac,CT5 AWD,Midsize Cars,All-Wheel Drive,Automatic (S10),4.0,2.0,Premium Gasoline,21,30,24,370.0
49279,2026,Cadillac,CT5 V,Midsize Cars,Rear-Wheel Drive,Automatic (S10),6.0,3.0,Premium Gasoline,18,27,21,423.0
49282,2026,Cadillac,CT5 V,Midsize Cars,Rear-Wheel Drive,Automatic (S10),8.0,6.2,Premium Gasoline,13,20,15,580.0
49283,2026,Cadillac,CT5 V,Midsize Cars,Rear-Wheel Drive,Manual 6-spd,8.0,6.2,Premium Gasoline,13,20,15,587.0
49281,2026,Cadillac,CT5 V AWD,Midsize Cars,All-Wheel Drive,Automatic (S10),6.0,3.0,Premium Gasoline,17,26,20,445.0
50138,2026,Cadillac,Escalade 2WD,Standard Sport Utility Vehicle 2WD,Rear-Wheel Drive,Automatic 10-spd,8.0,6.2,Premium Gasoline,15,19,17,537.0
49899,2026,Cadillac,Escalade 4WD,Standard Sport Utility Vehicle 4WD,4-Wheel Drive,Automatic 10-spd,8.0,6.2,Premium Gasoline,14,18,16,572.0
49898,2026,Cadillac,Escalade V AWD,Standard Sport Utility Vehicle 4WD,4-Wheel Drive,Automatic (S10),8.0,6.2,Premium Gasoline,11,17,13,691.0
50005,2026,Cadillac,XT5 AWD,Small Sport Utility Vehicle 4WD,All-Wheel Drive,Automatic (S9),6.0,3.6,Regular Gasoline,18,26,21,424.0
50006,2026,Cadillac,XT5 AWD,Small Sport Utility Vehicle 4WD,All-Wheel Drive,Automatic (S9),4.0,2.0,Premium Gasoline,21,27,23,386.0
50000,2026,Cadillac,XT5 FWD,Small Sport Utility Vehicle 2WD,Front-Wheel Drive,Automatic (S9),6.0,3.6,Regular Gasoline,19,26,21,423.0
50001,2026,Cadillac,XT5 FWD,Small Sport Utility Vehicle 2WD,Front-Wheel Drive,Automatic (S9),4.0,2.0,Premium Gasoline,22,29,24,370.0
50007,2026,Chevrolet,Blazer AWD,Small Sport Utility Vehicle 4WD,All-Wheel Drive,Automatic 9-spd,6.0,3.6,Regular Gasoline,18,25,21,424.0
50008,2026,Chevrolet,Blazer AWD,Small Sport Utility Vehicle 4WD,All-Wheel Drive,Automatic 9-spd,4.0,2.0,Regular Gasoline,22,27,24,368.0
50002,2026,Chevrolet,Blazer FWD,Small Sport Utility Vehicle 2WD,Front-Wheel Drive,Automatic 9-spd,6.0,3.6,Regular Gasoline,19,26,22,411.0
50003,2026,Chevrolet,Blazer FWD,Small Sport Utility Vehicle 2WD,Front-Wheel Drive,Automatic 9-spd,4.0,2.0,Regular Gasoline,22,29,25,370.0
49359,2026,Chevrolet,Colorado 2WD,Standard Pickup Trucks 2WD,Rear-Wheel Drive,Automatic 8-spd,4.0,2.7,Regular Gasoline,19,24,21,420.0
49379,2026,Chevrolet,Colorado 4WD,Standard Pickup Trucks 4WD,4-Wheel Drive,Automatic 8-spd,4.0,2.7,Regular Gasoline,17,22,19,462.0
49377,2026,Chevrolet,Colorado Mud Terrain Tires 4WD,Standard Pickup Trucks 4WD,4-Wheel Drive,Automatic 8-spd,4.0,2.7,Regular Gasoline,17,20,18,494.0
49375,2026,Chevrolet,Colorado ZR2 4WD,Standard Pickup Trucks 4WD,4-Wheel Drive,Automatic 8-spd,4.0,2.7,Regular Gasoline,17,17,17,527.0
49374,2026,Chevrolet,Colorado ZR2 Bison 4WD,Standard Pickup Trucks 4WD,4-Wheel Drive,Automatic 8-spd,4.0,2.7,Regular Gasoline,16,16,16,564.0
49170,2026,Chevrolet,Corvette,Two Seaters,Rear-Wheel Drive,Automatic (S8),8.0,6.2,Premium Gasoline,16,25,19,474.0
49172,2026,Chevrolet,Corvette Z06,Two Seaters,Rear-Wheel Drive,Automatic (S8),8.0,5.5,Premium Gasoline,12,21,15,597.0
49173,2026,Chevrolet,Corvette Z06 Carbon Aero,Two Seaters,Rear-Wheel Drive,Automatic (S8),8.0,5.5,Premium Gasoline,12,19,14,631.0
49171,2026,Chevrolet,Corvette ZR1,Two Seaters,Rear-Wheel Drive,Automatic (S8),8.0,5.5,Premium Gasoline,12,18,14,629.0
49480,2026,Chevrolet,Equinox AWD,Small Sport Utility Vehicle 4WD,All-Wheel Drive,Automatic 8-spd,4.0,1.5,Regular Gasoline,25,29,26,342.0
49442,2026,Chevrolet,Equinox FWD,Small Sport Utility Vehicle 2WD,Front-Wheel Drive,Automatic (variable gear ratios),4.0,1.5,Regular Gasoline,26,29,27,329.0
49357,2026,Chevrolet,Silverado (with Sport Mode) 2WD,Standard Pickup Trucks 2WD,Rear-Wheel Drive,Automatic 8-spd,4.0,2.7,Regular Gasoline,17,21,19,472.0
49360,2026,Chevrolet,Silverado (with Sport Mode) 2WD,Standard Pickup Trucks 2WD,Rear-Wheel Drive,Automatic 10-spd,8.0,5.3,Regular Gasoline,16,21,18,490.0
49389,2026,Chevrolet,Silverado (with Sport Mode) 4WD,Standard Pickup Trucks 4WD,4-Wheel Drive,Automatic 10-spd,8.0,5.3,Regular Gasoline,16,20,17,514.0
49381,2026,Chevrolet,Silverado (with Sport Mode) 4WD M6,Standard Pickup Trucks 4WD,4-Wheel Drive,Automatic 8-spd,4.0,2.7,Regular Gasoline,17,20,18,482.0
49358,2026,Chevrolet,Silverado 2WD,Standard Pickup Trucks 2WD,Rear-Wheel Drive,Automatic 8-spd,4.0,2.7,Regular Gasoline,18,21,20,465.0
49361,2026,Chevrolet,Silverado 2WD,Standard Pickup Trucks 2WD,Rear-Wheel Drive,Automatic 10-spd,8.0,5.3,Regular Gasoline,16,20,17,513.0
49384,2026,Chevrolet,Silverado 4WD,Standard Pickup Trucks 4WD,4-Wheel Drive,Automatic 10-spd,8.0,6.2,Premium Gasoline,15,20,17,528.0
49391,2026,Chevrolet,Silverado 4WD,Standard Pickup Trucks 4WD,4-Wheel Drive,Automatic 10-spd,8.0,5.3,Regular Gasoline,15,19,17,531.0
49378,2026,Chevrolet,Silverado 4WD 4M,Standard Pickup Trucks 4WD,4-Wheel Drive,Automatic 8-spd,4.0,2.7,Regular Gasoline,17,21,19,473.0
49386,2026,Chevrolet,Silverado 4WD ZR2,Standard Pickup Trucks 4WD,4-Wheel Drive,Automatic 10-spd,8.0,6.2,Premium Gasoline,14,17,15,591.0
49430,2026,Chevrolet,Silverado Cab Chassis 2WD,Special Purpose Vehicle 2WD,Rear-Wheel Drive,Automatic 10-spd,8.0,5.3,Regular Gasoline,15,18,16,551.0
49431,2026,Chevrolet,Silverado Cab Chassis 4WD,Special Purpose Vehicle 4WD,4-Wheel Drive,Automatic 10-spd,8.0,5.3,Regular Gasoline,14,16,15,592.0
49390,2026,Chevrolet,Silverado Mud Terrain Tires (Sport Mode) 4WD,Standard Pickup Trucks 4WD,4-Wheel Drive,Automatic 10-spd,8.0,5.3,Regular Gasoline,15,18,16,553.0
49380,2026,Chevrolet,Silverado Mud Terrain Tires (with Sport Mode) 4WD,Standard Pickup Trucks 4WD,4-Wheel Drive,Automatic 8-spd,4.0,2.7,Regular Gasoline,16,17,17,535.0
49385,2026,Chevrolet,Silverado Mud Terrain Tires 4WD,Standard Pickup Trucks 4WD,4-Wheel Drive,Automatic 10-spd,8.0,6.2,Premium Gasoline,14,17,15,593.0
49392,2026,Chevrolet,Silverado Mud Terrain Tires 4WD,Standard Pickup Trucks 4WD,4-Wheel Drive,Automatic 10-spd,8.0,5.3,Regular Gasoline,15,18,16,552.0
49376,2026,Chevrolet,Silverado Mud Terrain Tires 4WD 4M,Standard Pickup Trucks 4WD,4-Wheel Drive,Automatic 8-spd,4.0,2.7,Regular Gasoline,16,17,17,536.0
49872,2026,Chevrolet,Suburban 2WD,Standard Sport Utility Vehicle 2WD,Rear-Wheel Drive,Automatic 10-spd,8.0,6.2,Premium Gasoline,15,19,16,544.0
49874,2026,Chevrolet,Suburban 2WD,Standard Sport Utility Vehicle 2WD,Rear-Wheel Drive,Automatic 10-spd,8.0,5.3,Regular Gasoline,15,20,17,530.0
49901,2026,Chevrolet,Suburban 4WD,Standard Sport Utility Vehicle 4WD,4-Wheel Drive,Automatic 10-spd,8.0,6.2,Premium Gasoline,14,18,16,572.0
49903,2026,Chevrolet,Suburban 4WD,Standard Sport Utility Vehicle 4WD,4-Wheel Drive,Automatic 10-spd,8.0,5.3,Regular Gasoline,14,19,16,571.0
49871,2026,Chevrolet,Tahoe 2WD,Standard Sport Utility Vehicle 2WD,Rear-Wheel Drive,Automatic 10-spd,8.0,6.2,Premium Gasoline,15,20,17,523.0
49873,2026,Chevrolet,Tahoe 2WD,Standard Sport Utility Vehicle 2WD,Rear-Wheel Drive,Automatic 10-spd,8.0,5.3,Regular Gasoline,15,20,17,530.0
49900,2026,Chevrolet,Tahoe 4WD,Standard Sport Utility Vehicle 4WD,4-Wheel Drive,Automatic 10-spd,8.0,6.2,Premium Gasoline,14,18,16,572.0
49902,2026,Chevrolet,Tahoe 4WD,Standard Sport Utility Vehicle 4WD,4-Wheel Drive,Automatic 10-spd,8.0,5.3,Regular Gasoline,15,19,17,536.0
49481,2026,Chevrolet,Trailblazer AWD,Small Sport Utility Vehicle 4WD,All-Wheel Drive,Automatic 9-spd,3.0,1.3,Regular Gasoline,26,29,27,329.0
49444,2026,Chevrolet,Trailblazer FWD,Small Sport Utility Vehicle 2WD,Front-Wheel Drive,Automatic (variable gear ratios),3.0,1.3,Regular Gasoline,29,33,31,287.0
49574,2026,Chevrolet,Traverse AWD,Standard Sport Utility Vehicle 4WD,All-Wheel Drive,Automatic 8-spd,4.0,2.5,Regular Gasoline,20,24,21,423.0
49550,2026,Chevrolet,Traverse FWD,Standard Sport Utility Vehicle 2WD,Front-Wheel Drive,Automatic 8-spd,4.0,2.5,Regular Gasoline,20,26,22,404.0
49339,2026,Chevrolet,Trax,Small Station Wagons,Front-Wheel Drive,Automatic 6-spd,3.0,1.2,Regular Gasoline,28,31,29,306.0
49434,2026,Chrysler,Pacifica,Minivan - 2WD,Front-Wheel Drive,Automatic 9-spd,6.0,3.6,Regular Gasoline,19,28,22,401.0
49435,2026,Chrysler,Voyager,Minivan - 2WD,Front-Wheel Drive,Automatic 9-spd,6.0,3.6,Regular Gasoline,19,28,22,401.0
50283,2026,Dodge,Charger R/T AWD,Large Cars,All-Wheel Drive,Automatic 8-spd,6.0,3.0,Regular Gasoline,17,26,20,444.0
50068,2026,Dodge,Charger Scat Pack AWD,Large Cars,All-Wheel Drive,Automatic 8-spd,6.0,3.0,Premium Gasoline,16,23,19,470.0
49575,2026,Dodge,Durango AWD,Standard Sport Utility Vehicle 4WD,All-Wheel Drive,Automatic 8-spd,6.0,3.6,Regular Gasoline,17,24,20,449.0
49576,2026,Dodge,Durango AWD,Standard Sport Utility Vehicle 4WD,All-Wheel Drive,Automatic 8-spd,8.0,5.7,Midgrade Gasoline,14,21,16,541.0
50149,2026,Dodge,Durango AWD,Standard Sport Utility Vehicle 4WD,All-Wheel Drive,Automatic 8-spd,8.0,6.2,Premium Gasoline,12,17,13,659.0
50150,2026,Dodge,Durango AWD,Standard Sport Utility Vehicle 4WD,All-Wheel Drive,Automatic 8-spd,8.0,6.4,Premium Gasoline,13,19,15,584.0
49551,2026,Dodge,Durango RWD,Standard Sport Utility Vehicle 2WD,Rear-Wheel Drive,Automatic 8-spd,6.0,3.6,Regular Gasoline,18,25,20,434.0
49775,2026,Ferrari,12Cilindri,Two Seaters,Rear-Wheel Drive,Automatic (AM8),12.0,6.5,Premium Gasoline,12,19,14,619.0
49776,2026,Ferrari,12Cilindri Spider,Two Seaters,Rear-Wheel Drive,Automatic (AM8),12.0,6.5,Premium Gasoline,12,17,14,633.0
49801,2026,Ferrari,Purosangue,Compact Cars,All-Wheel Drive,Automatic (AM8),12.0,6.5,Premium Gasoline,11,15,12,711.0
49781,2026,Ferrari,Roma Spider,Minicompact Cars,Rear-Wheel Drive,Automatic (AM8),8.0,3.9,Premium Gasoline,17,22,19,467.0
50120,2026,Ford,Bronco 4WD,Small Sport Utility Vehicle 4WD,Part-time 4-Wheel Drive,Automatic (S10),4.0,2.3,Regular Gasoline,18,22,20,453.0
50121,2026,Ford,Bronco 4WD,Small Sport Utility Vehicle 4WD,Part-time 4-Wheel Drive,Automatic (S10),6.0,2.7,Regular Gasoline,17,17,17,525.0
50122,2026,Ford,Bronco 4WD,Small Sport Utility Vehicle 4WD,Part-time 4-Wheel Drive,Manual 7-spd,4.0,2.3,Regular Gasoline,18,21,19,452.0
50125,2026,Ford,Bronco Badlands 4WD,Small Sport Utility Vehicle 4WD,Part-time 4-Wheel Drive,Automatic (S10),4.0,2.3,Regular Gasoline,17,19,18,507.0
50126,2026,Ford,Bronco Badlands 4WD,Small Sport Utility Vehicle 4WD,Part-time 4-Wheel Drive,Manual 7-spd,4.0,2.3,Regular Gasoline,17,18,17,504.0
50153,2026,Ford,Bronco Outer Banks 4WD,Standard Sport Utility Vehicle 4WD,Part-time 4-Wheel Drive,Automatic (S10),6.0,2.7,Regular Gasoline,19,21,20,454.0
50152,2026,Ford,Bronco Raptor 4WD,Standard Sport Utility Vehicle 4WD,Part-time 4-Wheel Drive,Automatic (S10),6.0,3.0,Regular Gasoline,15,16,15,577.0
50123,2026,Ford,Bronco Sasquatch 4WD,Small Sport Utility Vehicle 4WD,Part-time 4-Wheel Drive,Automatic (S10),4.0,2.3,Regular Gasoline,17,19,18,494.0
50124,2026,Ford,Bronco Sasquatch 4WD,Small Sport Utility Vehicle 4WD,Part-time 4-Wheel Drive,Manual 7-spd,4.0,2.3,Regular Gasoline,17,19,18,489.0
50117,2026,Ford,Bronco Sport 4WD,Small Sport Utility Vehicle 4WD,4-Wheel Drive,Automatic (S8),4.0,2.0,Regular Gasoline,21,27,23,386.0
50118,2026,Ford,Bronco Sport 4WD,Small Sport Utility Vehicle 4WD,Part-time 4-Wheel Drive,Automatic 8-spd,3.0,1.5,Regular Gasoline,25,30,27,324.0
50119,2026,Ford,Bronco Sport Sasquatch 4WD,Small Sport Utility Vehicle 4WD,4-Wheel Drive,Automatic 8-spd,3.0,1.5,Regular Gasoline,23,26,24,370.0
49849,2026,Ford,Escape AWD,Small Sport Utility Vehicle 4WD,All-Wheel Drive,Automatic 8-spd,4.0,2.0,Regular Gasoline,23,31,26,342.0
49850,2026,Ford,Escape AWD,Small Sport Utility Vehicle 4WD,All-Wheel Drive,Automatic 8-spd,3.0,1.5,Regular Gasoline,26,32,28,317.0
49842,2026,Ford,Escape FWD,Small Sport Utility Vehicle 2WD,Front-Wheel Drive,Automatic 8-spd,3.0,1.5,Regular Gasoline,27,34,30,298.0
50139,2026,Ford,Expedition 2WD,Standard Sport Utility Vehicle 2WD,Rear-Wheel Drive,Automatic (S10),6.0,3.5,Regular Gasoline,16,24,19,474.0
50151,2026,Ford,Expedition 4WD,Standard Sport Utility Vehicle 4WD,Part-time 4-Wheel Drive,Automatic (S10),6.0,3.5,Regular Gasoline,15,22,18,501.0
49906,2026,Ford,Explorer AWD,Standard Sport Utility Vehicle 4WD,Part-time 4-Wheel Drive,Automatic (S10),6.0,3.0,Regular Gasoline,18,25,20,439.0
49907,2026,Ford,Explorer AWD,Standard Sport Utility Vehicle 4WD,Part-time 4-Wheel Drive,Automatic 10-spd,4.0,2.3,Regular Gasoline,20,27,23,394.0
49877,2026,Ford,Explorer RWD,Standard Sport Utility Vehicle 2WD,Rear-Wheel Drive,Automatic (S10),6.0,3.0,Regular Gasoline,18,25,21,423.0
49878,2026,Ford,Explorer RWD,Standard Sport Utility Vehicle 2WD,Rear-Wheel Drive,Automatic 10-spd,4.0,2.3,Regular Gasoline,20,29,24,377.0
49908,2026,Ford,Explorer Tremor AWD,Standard Sport Utility Vehicle 4WD,Part-time 4-Wheel Drive,Automatic (S10),4.0,2.3,Regular Gasoline,19,23,21,424.0
50012,2026,Ford,Explorer Tremor AWD,Standard Sport Utility Vehicle 4WD,Part-time 4-Wheel Drive,Automatic (S10),6.0,3.0,Regular Gasoline,17,22,19,467.0
50092,2026,Ford,F150 Pickup 2WD,Standard Pickup Trucks 2WD,Rear-Wheel Drive,Automatic (S10),6.0,2.7,Regular Gasoline,19,25,21,425.0
50093,2026,Ford,F150 Pickup 2WD,Standard Pickup Trucks 2WD,Rear-Wheel Drive,Automatic (S10),6.0,3.5,Regular Gasoline,17,25,20,445.0
50094,2026,Ford,F150 Pickup 2WD,Standard Pickup Trucks 2WD,Rear-Wheel Drive,Automatic (S10),8.0,5.0,Regular Gasoline,16,24,19,472.0
50098,2026,Ford,F150 Pickup 4WD,Standard Pickup Trucks 4WD,Part-time 4-Wheel Drive,Automatic (S10),6.0,2.7,Regular Gasoline,18,23,20,444.0
50099,2026,Ford,F150 Pickup 4WD,Standard Pickup Trucks 4WD,Part-time 4-Wheel Drive,Automatic (S10),6.0,3.5,Regular Gasoline,17,23,19,464.0
50100,2026,Ford,F150 Pickup 4WD,Standard Pickup Trucks 4WD,Part-time 4-Wheel Drive,Automatic (S10),8.0,5.0,Regular Gasoline,16,24,19,472.0
50102,2026,Ford,F150 Pickup Tremor 4WD,Standard Pickup Trucks 4WD,Part-time 4-Wheel Drive,Automatic (S10),6.0,3.5,Regular Gasoline,16,21,18,494.0
50103,2026,Ford,F150 Pickup Tremor 4WD,Standard Pickup Trucks 4WD,Part-time 4-Wheel Drive,Automatic (S10),8.0,5.0,Regular Gasoline,15,20,17,522.0
50101,2026,Ford,F150 RAPTOR 4WD,Standard Pickup Trucks 4WD,Part-time 4-Wheel Drive,Automatic (S10),6.0,3.5,Regular Gasoline,14,18,16,566.0
50104,2026,Ford,F150 RAPTOR R 4WD,Standard Pickup Trucks 4WD,Part-time 4-Wheel Drive,Automatic (S10),8.0,5.2,Premium Gasoline,10,15,12,741.0
50082,2026,Ford,Maverick AWD,Small Pickup Trucks 4WD,Part-time 4-Wheel Drive,Automatic 8-spd,4.0,2.0,Regular Gasoline,22,30,25,355.0
50077,2026,Ford,Maverick FWD,Small Pickup Trucks 2WD,Front-Wheel Drive,Automatic 8-spd,4.0,2.0,Regular Gasoline,23,32,26,341.0
50084,2026,Ford,Maverick Lobo AWD,Small Pickup Trucks 4WD,4-Wheel Drive,Automatic (S8),4.0,2.0,Regular Gasoline,21,30,24,370.0
50085,2026,Ford,Maverick Tremor AWD,Small Pickup Trucks 4WD,4-Wheel Drive,Automatic (S8),4.0,2.0,Regular Gasoline,21,27,23,386.0
49792,2026,Ford,Mustang,Subcompact Cars,Rear-Wheel Drive,Automatic (S10),8.0,5.0,Regular Gasoline,16,24,19,468.0
49793,2026,Ford,Mustang,Subcompact Cars,Rear-Wheel Drive,Manual 6-spd,8.0,5.0,Regular Gasoline,15,23,18,494.0
49794,2026,Ford,Mustang,Subcompact Cars,Rear-Wheel Drive,Automatic 10-spd,4.0,2.3,Regular Gasoline,22,33,26,341.0
49795,2026,Ford,Mustang Dark Horse,Subcompact Cars,Rear-Wheel Drive,Automatic (S10),8.0,5.0,Regular Gasoline,14,22,17,525.0
49796,2026,Ford,Mustang Dark Horse,Subcompact Cars,Rear-Wheel Drive,Manual 6-spd,8.0,5.0,Regular Gasoline,14,22,17,533.0
50279,2026,Ford,Mustang GTD,Subcompact Cars,Rear-Wheel Drive,Automatic (AM-S8),8.0,5.2,Premium Gasoline,10,17,12,741.0
50095,2026,Ford,Ranger 2WD,Standard Pickup Trucks 2WD,Rear-Wheel Drive,Automatic (S10),4.0,2.3,Regular Gasoline,21,25,23,395.0
50106,2026,Ford,Ranger 4WD,Standard Pickup Trucks 4WD,Part-time 4-Wheel Drive,Automatic (S10),4.0,2.3,Regular Gasoline,19,24,21,421.0
50107,2026,Ford,Ranger 4WD,Standard Pickup Trucks 4WD,Part-time 4-Wheel Drive,Automatic (S10),6.0,2.7,Regular Gasoline,18,23,20,444.0
50105,2026,Ford,Ranger RAPTOR 4WD,Standard Pickup Trucks 4WD,Part-time 4-Wheel Drive,Automatic (S10),6.0,3.0,Regular Gasoline,16,18,17,525.0
49580,2026,GMC,Acadia AWD,Standard Sport Utility Vehicle 4WD,All-Wheel Drive,Automatic 8-spd,4.0,2.5,Regular Gasoline,20,23,21,423.0
49552,2026,GMC,Acadia FWD,Standard Sport Utility Vehicle 2WD,Front-Wheel Drive,Automatic 8-spd,4.0,2.5,Regular Gasoline,20,26,22,404.0
49832,2026,GMC,Canyon 2WD,Standard Pickup Trucks 2WD,Rear-Wheel Drive,Automatic 8-spd,4.0,2.7,Regular Gasoline,19,23,20,443.0
49402,2026,GMC,Canyon 4WD,Standard Pickup Trucks 4WD,4-Wheel Drive,Automatic 8-spd,4.0,2.7,Regular Gasoline,17,22,19,462.0
49399,2026,GMC,Canyon AT4X 4WD,Standard Pickup Trucks 4WD,4-Wheel Drive,Automatic 8-spd,4.0,2.7,Regular Gasoline,17,17,17,527.0
49398,2026,GMC,Canyon AT4X AEV 4WD,Standard Pickup Trucks 4WD,4-Wheel Drive,Automatic 8-spd,4.0,2.7,Regular Gasoline,16,16,16,564.0
50284,2026,GMC,Canyon Mud Terrain Tires 4WD,Standard Pickup Trucks 4WD,4-Wheel Drive,Automatic 8-spd,4.0,2.7,Regular Gasoline,17,20,18,494.0
49364,2026,GMC,Sierra 2WD,Standard Pickup Trucks 2WD,Rear-Wheel Drive,Automatic 8-spd,4.0,2.7,Regular Gasoline,18,21,20,464.0
49366,2026,GMC,Sierra 2WD,Standard Pickup Trucks 2WD,Rear-Wheel Drive,Automatic 10-spd,8.0,5.3,Regular Gasoline,16,20,17,514.0
49363,2026,GMC,Sierra 2WD with Sport Mode,Standard Pickup Trucks 2WD,Rear-Wheel Drive,Automatic 8-spd,4.0,2.7,Regular Gasoline,17,21,19,472.0
49365,2026,GMC,Sierra 2WD with Sport Mode,Standard Pickup Trucks 2WD,Rear-Wheel Drive,Automatic 10-spd,8.0,5.3,Regular Gasoline,16,21,18,495.0
49401,2026,GMC,Sierra 4WD,Standard Pickup Trucks 4WD,4-Wheel Drive,Automatic 8-spd,4.0,2.7,Regular Gasoline,17,20,18,491.0
49406,2026,GMC,Sierra 4WD,Standard Pickup Trucks 4WD,4-Wheel Drive,Automatic 10-spd,8.0,6.2,Premium Gasoline,15,19,16,539.0
49413,2026,GMC,Sierra 4WD,Standard Pickup Trucks 4WD,4-Wheel Drive,Automatic 10-spd,8.0,5.3,Regular Gasoline,15,18,16,550.0
49408,2026,GMC,Sierra 4WD AT4X,Standard Pickup Trucks 4WD,4-Wheel Drive,Automatic 10-spd,8.0,6.2,Premium Gasoline,14,16,15,601.0
49403,2026,GMC,Sierra 4WD with Sport Mode,Standard Pickup Trucks 4WD,4-Wheel Drive,Automatic 8-spd,4.0,2.7,Regular Gasoline,17,18,17,513.0
49411,2026,GMC,Sierra 4WD with Sport Mode,Standard Pickup Trucks 4WD,4-Wheel Drive,Automatic 10-spd,8.0,5.3,Regular Gasoline,15,19,17,522.0
49432,2026,GMC,Sierra Cab Chassis 2WD,Special Purpose Vehicle 2WD,Rear-Wheel Drive,Automatic 10-spd,8.0,5.3,Regular Gasoline,15,18,16,551.0
49433,2026,GMC,Sierra Cab Chassis 4WD,Special Purpose Vehicle 4WD,4-Wheel Drive,Automatic 10-spd,8.0,5.3,Regular Gasoline,14,16,15,592.0
49400,2026,GMC,Sierra Mud Terrain Tires 4WD,Standard Pickup Trucks 4WD,4-Wheel Drive,Automatic 8-spd,4.0,2.7,Regular Gasoline,16,17,17,536.0
49407,2026,GMC,Sierra Mud Terrain Tires 4WD,Standard Pickup Trucks 4WD,4-Wheel Drive,Automatic 10-spd,8.0,6.2,Premium Gasoline,14,17,15,593.0
49414,2026,GMC,Sierra Mud Terrain Tires 4WD,Standard Pickup Trucks 4WD,4-Wheel Drive,Automatic 10-spd,8.0,5.3,Regular Gasoline,14,17,16,567.0
49412,2026,GMC,Sierra Mud Terrain Tires 4WD (Sport Mode),Standard Pickup Trucks 4WD,4-Wheel Drive,Automatic 10-spd,8.0,5.3,Regular Gasoline,15,18,16,561.0
49485,2026,GMC,Terrain AWD,Small Sport Utility Vehicle 4WD,All-Wheel Drive,Automatic 8-spd,4.0,1.5,Regular Gasoline,24,28,25,356.0
49486,2026,GMC,Terrain AWD  Denali/AT4,Small Sport Utility Vehicle 4WD,All-Wheel Drive,Automatic 8-spd,4.0,1.5,Regular Gasoline,24,26,25,358.0
49446,2026,GMC,Terrain FWD,Small Sport Utility Vehicle 2WD,Front-Wheel Drive,Automatic (variable gear ratios),4.0,1.5,Regular Gasoline,26,28,27,329.0
49879,2026,GMC,Yukon 2WD,Standard Sport Utility Vehicle 2WD,Rear-Wheel Drive,Automatic 10-spd,8.0,6.2,Premium Gasoline,15,20,17,523.0
49881,2026,GMC,Yukon 2WD,Standard Sport Utility Vehicle 2WD,Rear-Wheel Drive,Automatic 10-spd,8.0,5.3,Regular Gasoline,15,20,17,530.0
49909,2026,GMC,Yukon 4WD,Standard Sport Utility Vehicle 4WD,4-Wheel Drive,Automatic 10-spd,8.0,6.2,Premium Gasoline,14,18,16,572.0
49911,2026,GMC,Yukon 4WD,Standard Sport Utility Vehicle 4WD,4-Wheel Drive,Automatic 10-spd,8.0,5.3,Regular Gasoline,15,19,17,536.0
49880,2026,GMC,Yukon XL 2WD,Standard Sport Utility Vehicle 2WD,Rear-Wheel Drive,Automatic 10-spd,8.0,6.2,Premium Gasoline,15,19,16,544.0
49882,2026,GMC,Yukon XL 2WD,Standard Sport Utility Vehicle 2WD,Rear-Wheel Drive,Automatic 10-spd,8.0,5.3,Regular Gasoline,15,20,17,530.0
49910,2026,GMC,Yukon XL 4WD,Standard Sport Utility Vehicle 4WD,4-Wheel Drive,Automatic 10-spd,8.0,6.2,Premium Gasoline,14,18,16,572.0
49912,2026,GMC,Yukon XL 4WD,Standard Sport Utility Vehicle 4WD,4-Wheel Drive,Automatic 10-spd,8.0,5.3,Regular Gasoline,14,19,16,571.0
49252,2026,Genesis,G70 AWD,Compact Cars,All-Wheel Drive,Automatic (S8),6.0,3.3,Premium Gasoline,17,23,19,466.0
49254,2026,Genesis,G70 AWD,Compact Cars,All-Wheel Drive,Automatic (S8),4.0,2.5,Premium Gasoline,20,28,23,385.0
49253,2026,Genesis,G70 RWD,Compact Cars,Rear-Wheel Drive,Automatic (S8),6.0,3.3,Premium Gasoline,17,25,20,449.0
49255,2026,Genesis,G70 RWD,Compact Cars,Rear-Wheel Drive,Automatic (S8),4.0,2.5,Premium Gasoline,21,29,24,373.0
49312,2026,Genesis,G80 AWD,Large Cars,All-Wheel Drive,Automatic (S8),4.0,2.5,Premium Gasoline,20,29,23,382.0
49313,2026,Genesis,G80 AWD,Large Cars,All-Wheel Drive,Automatic (S8),6.0,3.5,Premium Gasoline,15,24,18,485.0
49314,2026,Genesis,G90 AWD,Large Cars,All-Wheel Drive,Automatic (S8),6.0,3.5,Premium Gasoline,18,26,21,426.0
49484,2026,Genesis,GV70 AWD,Small Sport Utility Vehicle 4WD,All-Wheel Drive,Automatic (S8),6.0,3.5,Premium Gasoline,18,25,21,433.0
49483,2026,Genesis,GV70 AWD (4 Mode),Small Sport Utility Vehicle 4WD,All-Wheel Drive,Automatic (S8),4.0,2.5,Premium Gasoline,20,28,23,393.0
49482,2026,Genesis,GV70 AWD (5 Mode),Small Sport Utility Vehicle 4WD,All-Wheel Drive,Automatic (S8),4.0,2.5,Premium Gasoline,20,26,22,402.0
49577,2026,Genesis,GV80 AWD,Standard Sport Utility Vehicle 4WD,All-Wheel Drive,Automatic (S8),4.0,2.5,Premium Gasoline,19,24,21,427.0
49578,2026,Genesis,GV80 AWD,Standard Sport Utility Vehicle 4WD,All-Wheel Drive,Automatic (S8),6.0,3.5,Premium Gasoline,16,22,19,473.0
49445,2026,Genesis,GV80 RWD,Small Sport Utility Vehicle 2WD,Rear-Wheel Drive,Automatic (S8),4.0,2.5,Premium Gasoline,20,26,22,403.0
50070,2026,Honda,Accord,Large Cars,Front-Wheel Drive,Automatic (variable gear ratios),4.0,1.5,Regular Gasoline,29,37,32,276.0
50055,2026,Honda,Accord SE,Midsize Cars,Front-Wheel Drive,Automatic (variable gear ratios),4.0,1.5,Regular Gasoline,28,36,31,283.0
49487,2026,Honda,CR-V AWD,Small Sport Utility Vehicle 4WD,All-Wheel Drive,Automatic (variable gear ratios),4.0,1.5,Regular Gasoline,27,31,29,310.0
49352,2026,Honda,CR-V FWD,Midsize Station Wagons,Front-Wheel Drive,Automatic (variable gear ratios),4.0,1.5,Regular Gasoline,28,33,30,296.0
49286,2026,Honda,Civic 4Dr,Midsize Cars,Front-Wheel Drive,Manual 6-spd,4.0,1.5,Premium Gasoline,27,37,31,285.0
49287,2026,Honda,Civic 4Dr,Midsize Cars,Front-Wheel Drive,Automatic (variable gear ratios),4.0,2.0,Regular Gasoline,32,41,36,248.0
49288,2026,Honda,Civic 4Dr,Midsize Cars,Front-Wheel Drive,Automatic (AV-S7),4.0,2.0,Regular Gasoline,31,39,34,260.0
49315,2026,Honda,Civic 5Dr,Large Cars,Front-Wheel Drive,Automatic (AV-S7),4.0,2.0,Regular Gasoline,30,38,34,268.0
50069,2026,Honda,Civic 5Dr,Large Cars,Front-Wheel Drive,Manual 6-spd,4.0,2.0,Premium Gasoline,22,28,24,364.0
49340,2026,Honda,HR-V AWD,Small Station Wagons,All-Wheel Drive,Automatic (variable gear ratios),4.0,2.0,Regular Gasoline,25,30,27,328.0
49341,2026,Honda,HR-V FWD,Small Station Wagons,Front-Wheel Drive,Automatic (variable gear ratios),4.0,2.0,Regular Gasoline,26,32,28,311.0
49436,2026,Honda,Odyssey,Minivan - 2WD,Front-Wheel Drive,Automatic (S10),6.0,3.5,Regular Gasoline,19,28,22,395.0
48983,2026,Honda,Passport AWD,Small Sport Utility Vehicle 4WD,All-Wheel Drive,Automatic (S10),6.0,3.5,Regular Gasoline,19,25,21,424.0
48984,2026,Honda,Passport AWD Trailsport,Small Sport Utility Vehicle 4WD,All-Wheel Drive,Automatic (S10),6.0,3.5,Regular Gasoline,18,23,20,446.0
50154,2026,Honda,Pilot AWD,Standard Sport Utility Vehicle 4WD,All-Wheel Drive,Automatic (S10),6.0,3.5,Regular Gasoline,19,25,21,415.0
50155,2026,Honda,Pilot AWD Touring/Elite/Black,Standard Sport Utility Vehicle 4WD,All-Wheel Drive,Automatic (S10),6.0,3.5,Regular Gasoline,19,25,21,422.0
50156,2026,Honda,Pilot AWD TrailSport,Standard Sport Utility Vehicle 4WD,All-Wheel Drive,Automatic (S10),6.0,3.5,Regular Gasoline,18,23,20,444.0
50113,2026,Honda,Pilot FWD,Small Sport Utility Vehicle 2WD,Front-Wheel Drive,Automatic (S10),6.0,3.5,Regular Gasoline,19,27,22,402.0
49835,2026,Honda,Ridgeline AWD,Standard Pickup Trucks 4WD,All-Wheel Drive,Automatic (S9),6.0,3.5,Regular Gasoline,18,24,21,441.0
49836,2026,Honda,Ridgeline AWD TrailSport,Standard Pickup Trucks 4WD,All-Wheel Drive,Automatic (S9),6.0,3.5,Regular Gasoline,18,23,20,446.0
49815,2026,Hyundai,Elantra,Midsize Cars,Front-Wheel Drive,Automatic (AM-S7),4.0,1.6,Regular Gasoline,28,35,31,288.0
49818,2026,Hyundai,Elantra N,Midsize Cars,Front-Wheel Drive,Automatic (AM-S8),4.0,2.0,Premium Gasoline,20,27,23,392.0
49819,2026,Hyundai,Elantra N,Midsize Cars,Front-Wheel Drive,Manual 6-spd,4.0,2.0,Premium Gasoline,21,29,24,366.0
49813,2026,Hyundai,Elantra non-ISG,Midsize Cars,Front-Wheel Drive,Automatic (AV-S1),4.0,2.0,Regular Gasoline,30,40,34,263.0
49814,2026,Hyundai,Elantra w/Stop-Start,Midsize Cars,Front-Wheel Drive,Automatic (AV-S1),4.0,2.0,Regular Gasoline,31,40,35,254.0
49492,2026,Hyundai,Kona AWD,Small Sport Utility Vehicle 4WD,All-Wheel Drive,Automatic (AV-S1),4.0,2.0,Regular Gasoline,26,29,27,323.0
49491,2026,Hyundai,Kona AWD SX2 1.6T 8AT AWD,Small Sport Utility Vehicle 4WD,All-Wheel Drive,Automatic (S8),4.0,1.6,Regular Gasoline,25,28,26,340.0
49501,2026,Hyundai,Kona AWD w/Stop-Start,Small Sport Utility Vehicle 4WD,All-Wheel Drive,Automatic (AV-S1),4.0,2.0,Regular Gasoline,27,29,28,319.0
49449,2026,Hyundai,Kona FWD,Small Sport Utility Vehicle 2WD,Front-Wheel Drive,Automatic (AV-S1),4.0,2.0,Regular Gasoline,28,35,31,288.0
49448,2026,Hyundai,Kona FWD SX2 1.6T 8AT FWD,Small Sport Utility Vehicle 2WD,Front-Wheel Drive,Automatic (S8),4.0,1.6,Regular Gasoline,26,31,28,320.0
49454,2026,Hyundai,Kona FWD w/Stop-Start,Small Sport Utility Vehicle 2WD,Front-Wheel Drive,Automatic (AV-S1),4.0,2.0,Regular Gasoline,29,34,31,284.0
49581,2026,Hyundai,Palisade AWD,Standard Sport Utility Vehicle 4WD,All-Wheel Drive,Automatic (S8),6.0,3.5,Regular Gasoline,18,24,20,444.0
49553,2026,Hyundai,Palisade FWD,Standard Sport Utility Vehicle 2WD,Front-Wheel Drive,Automatic (S8),6.0,3.5,Regular Gasoline,19,25,21,418.0
49582,2026,Hyundai,Palisade XRT Pro,Standard Sport Utility Vehicle 4WD,All-Wheel Drive,Automatic (S8),6.0,3.5,Regular Gasoline,16,22,19,479.0
49493,2026,Hyundai,Santa Cruz AWD NX4 OB 2.5 AWD 8AT,Small Sport Utility Vehicle 4WD,All-Wheel Drive,Automatic (S8),4.0,2.5,Regular Gasoline,21,29,24,367.0
49494,2026,Hyundai,Santa Cruz AWD NX4 OB 2.5T AWD 8AT,Small Sport Utility Vehicle 4WD,All-Wheel Drive,Automatic (S8),4.0,2.5,Regular Gasoline,18,25,20,433.0
49450,2026,Hyundai,Santa Cruz FWD,Small Sport Utility Vehicle 2WD,Front-Wheel Drive,Automatic (S8),4.0,2.5,Regular Gasoline,22,30,25,356.0
49497,2026,Hyundai,Santa Cruz XRT AWD,Small Sport Utility Vehicle 4WD,All-Wheel Drive,Automatic (S8),4.0,2.5,Regular Gasoline,18,25,20,435.0
49496,2026,Hyundai,Santa Fe AWD,Small Sport Utility Vehicle 4WD,All-Wheel Drive,Automatic (S8),4.0,2.5,Regular Gasoline,20,28,23,389.0
49495,2026,Hyundai,Santa Fe AWD XRT,Small Sport Utility Vehicle 4WD,All-Wheel Drive,Automatic (S8),4.0,2.5,Regular Gasoline,19,25,21,421.0
49451,2026,Hyundai,Santa Fe FWD,Small Sport Utility Vehicle 2WD,Front-Wheel Drive,Automatic (S8),4.0,2.5,Regular Gasoline,20,29,24,374.0
49317,2026,Hyundai,Sonata AWD,Large Cars,All-Wheel Drive,Automatic (S8),4.0,2.5,Regular Gasoline,24,33,27,327.0
49318,2026,Hyundai,Sonata FWD,Large Cars,Front-Wheel Drive,Automatic (S8),4.0,2.5,Regular Gasoline,25,36,29,310.0
49320,2026,Hyundai,Sonata FWD,Large Cars,Front-Wheel Drive,Automatic (AM-S8),4.0,2.5,Regular Gasoline,23,32,27,333.0
49319,2026,Hyundai,Sonata FWD w/Stop-Start,Large Cars,Front-Wheel Drive,Automatic (S8),4.0,2.5,Regular Gasoline,28,38,32,281.0
49500,2026,Hyundai,Tucson AWD,Small Sport Utility Vehicle 4WD,All-Wheel Drive,Automatic (S8),4.0,2.5,Regular Gasoline,24,30,26,337.0
49453,2026,Hyundai,Tucson FWD,Small Sport Utility Vehicle 2WD,Front-Wheel Drive,Automatic (S8),4.0,2.5,Regular Gasoline,25,33,28,322.0
49452,2026,Hyundai,Venue,Small Sport Utility Vehicle 2WD,Front-Wheel Drive,Automatic (AV-S1),4.0,1.6,Regular Gasoline,29,33,31,291.0
49584,2026,Infiniti,QX60 AWD,Standard Sport Utility Vehicle 4WD,All-Wheel Drive,Automatic (S9),4.0,2.0,Premium Gasoline,22,27,24,374.0
49555,2026,Infiniti,QX60 FWD,Standard Sport Utility Vehicle 2WD,Front-Wheel Drive,Automatic (S9),4.0,2.0,Premium Gasoline,22,28,24,371.0
49556,2026,Infiniti,QX80 2WD,Standard Sport Utility Vehicle 2WD,Rear-Wheel Drive,Automatic (S9),6.0,3.5,Premium Gasoline,16,20,18,504.0
49585,2026,Infiniti,QX80 4WD,Standard Sport Utility Vehicle 4WD,4-Wheel Drive,Automatic (S9),6.0,3.5,Premium Gasoline,16,19,17,522.0
48985,2026,Jaguar,F-Pace,Small Sport Utility Vehicle 4WD,All-Wheel Drive,Automatic (S8),4.0,2.0,Premium Gasoline,22,27,24,376.0
48987,2026,Jaguar,F-Pace SVR,Small Sport Utility Vehicle 4WD,All-Wheel Drive,Automatic (S8),8.0,5.0,Premium Gasoline,15,21,17,519.0
49502,2026,Jeep,Compass 4WD,Small Sport Utility Vehicle 4WD,All-Wheel Drive,Automatic 8-spd,4.0,2.0,Regular Gasoline,23,31,26,335.0
49837,2026,Jeep,Gladiator 4WD,Standard Pickup Trucks 4WD,4-Wheel Drive,Automatic 8-spd,6.0,3.6,Regular Gasoline,17,22,19,469.0
50143,2026,Jeep,Grand Cherokee 2WD,Standard Sport Utility Vehicle 2WD,Rear-Wheel Drive,Automatic 8-spd,4.0,2.0,Regular Gasoline,21,27,23,382.0
50145,2026,Jeep,Grand Cherokee 2WD,Standard Sport Utility Vehicle 2WD,Rear-Wheel Drive,Automatic 8-spd,6.0,3.6,Regular Gasoline,19,26,22,407.0
50160,2026,Jeep,Grand Cherokee 4WD,Standard Sport Utility Vehicle 4WD,4-Wheel Drive,Automatic 8-spd,4.0,2.0,Regular Gasoline,20,25,22,401.0
50163,2026,Jeep,Grand Cherokee 4WD,Standard Sport Utility Vehicle 4WD,All-Wheel Drive,Automatic 8-spd,6.0,3.6,Regular Gasoline,19,26,22,413.0
50142,2026,Jeep,Grand Cherokee L 2WD,Standard Sport Utility Vehicle 2WD,Rear-Wheel Drive,Automatic 8-spd,4.0,2.0,Regular Gasoline,21,26,23,390.0
50144,2026,Jeep,Grand Cherokee L 2WD,Standard Sport Utility Vehicle 2WD,Rear-Wheel Drive,Automatic 8-spd,6.0,3.6,Regular Gasoline,19,26,21,416.0
50159,2026,Jeep,Grand Cherokee L 4WD,Standard Sport Utility Vehicle 4WD,4-Wheel Drive,Automatic 8-spd,4.0,2.0,Regular Gasoline,20,25,22,401.0
50162,2026,Jeep,Grand Cherokee L 4WD,Standard Sport Utility Vehicle 4WD,All-Wheel Drive,Automatic 8-spd,6.0,3.6,Regular Gasoline,18,25,21,430.0
50140,2026,Jeep,Grand Wagoneer 2WD,Standard Sport Utility Vehicle 2WD,Rear-Wheel Drive,Automatic 8-spd,6.0,3.0,Regular Gasoline,17,24,19,456.0
50157,2026,Jeep,Grand Wagoneer 4WD,Standard Sport Utility Vehicle 4WD,All-Wheel Drive,Automatic 8-spd,6.0,3.0,Regular Gasoline,17,23,19,471.0
50141,2026,Jeep,Grand Wagoneer L 2WD,Standard Sport Utility Vehicle 2WD,Rear-Wheel Drive,Automatic 8-spd,6.0,3.0,Regular Gasoline,17,24,19,456.0
50158,2026,Jeep,Grand Wagoneer L 4WD,Standard Sport Utility Vehicle 4WD,All-Wheel Drive,Automatic 8-spd,6.0,3.0,Regular Gasoline,16,22,18,491.0
49852,2026,Jeep,Wrangler 2dr 4WD,Small Sport Utility Vehicle 4WD,4-Wheel Drive,Automatic 8-spd,4.0,2.0,Regular Gasoline,20,23,21,416.0
49853,2026,Jeep,Wrangler 2dr 4WD,Small Sport Utility Vehicle 4WD,4-Wheel Drive,Manual 6-spd,6.0,3.6,Regular Gasoline,17,23,19,462.0
49854,2026,Jeep,Wrangler 4dr 4WD,Small Sport Utility Vehicle 4WD,4-Wheel Drive,Automatic 8-spd,4.0,2.0,Regular Gasoline,20,22,21,426.0
49855,2026,Jeep,Wrangler 4dr 4WD,Small Sport Utility Vehicle 4WD,4-Wheel Drive,Automatic 8-spd,6.0,3.6,Regular Gasoline,18,23,20,451.0
49856,2026,Jeep,Wrangler 4dr 4WD,Small Sport Utility Vehicle 4WD,4-Wheel Drive,Manual 6-spd,6.0,3.6,Regular Gasoline,16,22,19,476.0
50127,2026,Jeep,Wrangler 4dr 4WD,Small Sport Utility Vehicle 4WD,4-Wheel Drive,Automatic 8-spd,8.0,6.4,Premium Gasoline,13,16,14,633.0
49437,2026,Kia,Carnival,Minivan - 2WD,Front-Wheel Drive,Automatic (S8),6.0,3.5,Regular Gasoline,18,25,21,428.0
50059,2026,Kia,K4,Midsize Cars,Front-Wheel Drive,Automatic (S8),4.0,1.6,Regular Gasoline,26,33,28,314.0
50057,2026,Kia,K4 4DR w/ DMS,Midsize Cars,Front-Wheel Drive,Automatic (AV-S1),4.0,2.0,Regular Gasoline,29,39,33,269.0
50072,2026,Kia,K4 Hatchback,Large Cars,Front-Wheel Drive,Automatic (AV-S1),4.0,2.0,Regular Gasoline,28,34,30,289.0
50073,2026,Kia,K4 Hatchback,Large Cars,Front-Wheel Drive,Automatic (S8),4.0,1.6,Regular Gasoline,26,33,28,314.0
50058,2026,Kia,K4 without DMS,Midsize Cars,Front-Wheel Drive,Automatic (AV-S1),4.0,2.0,Regular Gasoline,29,39,33,267.0
49324,2026,Kia,K5,Large Cars,Front-Wheel Drive,Automatic (S8),4.0,2.5,Regular Gasoline,25,36,29,310.0
49326,2026,Kia,K5,Large Cars,Front-Wheel Drive,Automatic (AM-S8),4.0,2.5,Regular Gasoline,23,33,27,331.0
49323,2026,Kia,K5 AWD,Large Cars,All-Wheel Drive,Automatic (S8),4.0,2.5,Regular Gasoline,24,33,27,329.0
49325,2026,Kia,K5 w/Stop-Start,Large Cars,Front-Wheel Drive,Automatic (S8),4.0,2.5,Regular Gasoline,26,37,30,298.0
49505,2026,Kia,Seltos AWD,Small Sport Utility Vehicle 4WD,All-Wheel Drive,Automatic (S8),4.0,1.6,Regular Gasoline,24,27,25,350.0
49506,2026,Kia,Seltos AWD,Small Sport Utility Vehicle 4WD,All-Wheel Drive,Automatic (AV-S8),4.0,2.0,Regular Gasoline,27,31,29,309.0
49508,2026,Kia,Sorento AWD,Small Sport Utility Vehicle 4WD,All-Wheel Drive,Automatic (S8),4.0,2.5,Regular Gasoline,23,28,25,357.0
49509,2026,Kia,Sorento AWD,Small Sport Utility Vehicle 4WD,All-Wheel Drive,Automatic (AM-S8),4.0,2.5,Regular Gasoline,20,27,23,388.0
49460,2026,Kia,Sorento FWD,Small Sport Utility Vehicle 2WD,Front-Wheel Drive,Automatic (S8),4.0,2.5,Regular Gasoline,23,31,26,339.0
49461,2026,Kia,Sorento FWD,Small Sport Utility Vehicle 2WD,Front-Wheel Drive,Automatic (AM-S8),4.0,2.5,Regular Gasoline,20,29,23,382.0
49503,2026,Kia,Sportage AWD,Small Sport Utility Vehicle 4WD,All-Wheel Drive,Automatic (S8),4.0,2.5,Regular Gasoline,24,30,26,339.0
49455,2026,Kia,Sportage FWD,Small Sport Utility Vehicle 2WD,Front-Wheel Drive,Automatic (S8),4.0,2.5,Regular Gasoline,25,33,28,317.0
49510,2026,Kia,Sportage X-pro,Small Sport Utility Vehicle 4WD,All-Wheel Drive,Automatic (S8),4.0,2.5,Regular Gasoline,23,26,24,374.0
49586,2026,Land Rover,Defender 110,Standard Sport Utility Vehicle 4WD,4-Wheel Drive,Automatic (S8),4.0,2.0,Premium Gasoline,18,22,20,452.0
49589,2026,Land Rover,Defender 110,Standard Sport Utility Vehicle 4WD,4-Wheel Drive,Automatic (S8),8.0,5.0,Premium Gasoline,14,18,16,574.0
49590,2026,Land Rover,Defender 130,Standard Sport Utility Vehicle 4WD,4-Wheel Drive,Automatic (S8),8.0,5.0,Premium Gasoline,14,19,16,567.0
49587,2026,Land Rover,Defender 90,Standard Sport Utility Vehicle 4WD,4-Wheel Drive,Automatic (S8),4.0,2.0,Premium Gasoline,18,21,19,465.0
49588,2026,Land Rover,Defender 90,Standard Sport Utility Vehicle 4WD,4-Wheel Drive,Automatic (S8),8.0,5.0,Premium Gasoline,15,19,16,550.0
50164,2026,Land Rover,Discovery,Standard Sport Utility Vehicle 4WD,4-Wheel Drive,Automatic (S8),4.0,2.0,Premium Gasoline,19,24,21,425.0
48988,2026,Land Rover,Discovery Sport,Small Sport Utility Vehicle 4WD,All-Wheel Drive,Automatic (S9),4.0,2.0,Premium Gasoline,19,23,20,437.0
48989,2026,Land Rover,Range Rover Evoque,Small Sport Utility Vehicle 4WD,All-Wheel Drive,Automatic (S9),4.0,2.0,Premium Gasoline,20,27,22,398.0
48990,2026,Land Rover,Range Rover Velar,Small Sport Utility Vehicle 4WD,All-Wheel Drive,Automatic (S8),4.0,2.0,Premium Gasoline,22,26,23,381.0
50167,2026,Lexus,GX 550,Standard Sport Utility Vehicle 4WD,4-Wheel Drive,Automatic (S10),6.0,3.4,Premium Gasoline,15,21,17,505.0
50048,2026,Lexus,IS 350,Compact Cars,Rear-Wheel Drive,Automatic (S8),6.0,3.5,Premium Gasoline,19,27,22,403.0
50049,2026,Lexus,IS 350 AWD,Compact Cars,All-Wheel Drive,Automatic (S6),6.0,3.5,Premium Gasoline,19,26,22,408.0
49219,2026,Lexus,LC 500,Subcompact Cars,Rear-Wheel Drive,Automatic (S10),8.0,5.0,Premium Gasoline,16,24,18,481.0
49180,2026,Lexus,LC 500 Convertible,Minicompact Cars,Rear-Wheel Drive,Automatic (S10),8.0,5.0,Premium Gasoline,15,25,18,489.0
50060,2026,Lexus,LS 500 AWD,Midsize Cars,All-Wheel Drive,Automatic (S10),6.0,3.4,Premium Gasoline,17,27,21,434.0
50168,2026,Lexus,LX 600,Standard Sport Utility Vehicle 4WD,All-Wheel Drive,Automatic (S10),6.0,3.4,Premium Gasoline,17,22,19,477.0
49512,2026,Lexus,NX 350 AWD,Small Sport Utility Vehicle 4WD,All-Wheel Drive,Automatic (S8),4.0,2.4,Premium Gasoline,21,28,24,370.0
49513,2026,Lexus,NX 350 AWD F Sport,Small Sport Utility Vehicle 4WD,All-Wheel Drive,Automatic (S8),4.0,2.4,Premium Gasoline,21,28,24,370.0
49843,2026,Lexus,RX 350,Small Sport Utility Vehicle 2WD,Front-Wheel Drive,Automatic (S8),4.0,2.4,Premium Gasoline,22,29,25,354.0
49858,2026,Lexus,RX 350 AWD,Small Sport Utility Vehicle 4WD,All-Wheel Drive,Automatic (S8),4.0,2.4,Premium Gasoline,21,28,24,370.0
49886,2026,Lexus,TX 350,Standard Sport Utility Vehicle 2WD,Front-Wheel Drive,Automatic (S8),4.0,2.4,Premium Gasoline,21,27,23,382.0
49924,2026,Lexus,TX 350 AWD,Standard Sport Utility Vehicle 4WD,All-Wheel Drive,Automatic (S8),4.0,2.4,Premium Gasoline,20,26,23,387.0
49925,2026,Lincoln,Aviator AWD,Standard Sport Utility Vehicle 4WD,Part-time 4-Wheel Drive,Automatic (S10),6.0,3.0,Regular Gasoline,17,25,20,447.0
49887,2026,Lincoln,Aviator RWD,Standard Sport Utility Vehicle 2WD,Rear-Wheel Drive,Automatic (S10),6.0,3.0,Regular Gasoline,18,25,21,423.0
49860,2026,Lincoln,Corsair AWD,Small Sport Utility Vehicle 4WD,All-Wheel Drive,Automatic (S8),4.0,2.0,Regular Gasoline,21,28,24,376.0
49844,2026,Lincoln,Corsair FWD,Small Sport Utility Vehicle 2WD,Front-Wheel Drive,Automatic (S8),4.0,2.0,Regular Gasoline,22,30,25,358.0
49514,2026,Lincoln,Nautilus AWD,Small Sport Utility Vehicle 4WD,All-Wheel Drive,Automatic 8-spd,4.0,2.0,Regular Gasoline,21,29,24,369.0
50170,2026,Lincoln,Navigator 4WD,Standard Sport Utility Vehicle 4WD,Part-time 4-Wheel Drive,Automatic (S10),6.0,3.5,Regular Gasoline,15,22,17,512.0
50045,2026,Lotus,Emira,Two Seaters,Rear-Wheel Drive,Automatic (S8),4.0,2.0,Regular Gasoline,18,26,21,418.0
49227,2026,MINI,Cooper C 2 Door,Subcompact Cars,Front-Wheel Drive,Automatic (AM-S7),4.0,2.0,Premium Gasoline,27,39,32,278.0
49185,2026,MINI,Cooper C Convertible,Minicompact Cars,Front-Wheel Drive,Automatic (AM-S7),4.0,2.0,Premium Gasoline,27,37,30,287.0
49228,2026,MINI,Cooper S 2 Door,Subcompact Cars,Front-Wheel Drive,Automatic (AM-S7),4.0,2.0,Premium Gasoline,28,39,32,275.0
49266,2026,MINI,Cooper S 4 Door,Compact Cars,Front-Wheel Drive,Automatic (AM-S7),4.0,2.0,Premium Gasoline,28,39,32,273.0
49186,2026,MINI,Cooper S Convertible,Minicompact Cars,Front-Wheel Drive,Automatic (AM-S7),4.0,2.0,Premium Gasoline,26,36,30,292.0
49522,2026,MINI,Countryman S All4,Small Sport Utility Vehicle 4WD,All-Wheel Drive,Automatic (AM-S7),4.0,2.0,Premium Gasoline,24,32,27,324.0
49229,2026,MINI,JCW 2 Door,Subcompact Cars,Front-Wheel Drive,Automatic (AM-S7),4.0,2.0,Premium Gasoline,27,37,30,288.0
49187,2026,MINI,JCW Convertible,Minicompact Cars,Front-Wheel Drive,Automatic (AM-S7),4.0,2.0,Premium Gasoline,26,35,30,296.0
49523,2026,MINI,JCW Countryman ALL4,Small Sport Utility Vehicle 4WD,All-Wheel Drive,Automatic (AM-S7),4.0,2.0,Premium Gasoline,23,30,25,344.0
50273,2026,Maserati,GT2 Stradale,Two Seaters,Rear-Wheel Drive,Automatic (S8),6.0,3.0,Premium Gasoline,15,25,18,474.0
49800,2026,Maserati,Grancabrio,Subcompact Cars,All-Wheel Drive,Automatic 8-spd,6.0,3.0,Premium Gasoline,17,26,20,430.0
49798,2026,Maserati,Grancabrio Trofeo,Subcompact Cars,All-Wheel Drive,Automatic 8-spd,6.0,3.0,Premium Gasoline,17,26,20,430.0
49799,2026,Maserati,Granturismo,Subcompact Cars,All-Wheel Drive,Automatic 8-spd,6.0,3.0,Premium Gasoline,18,27,21,412.0
49797,2026,Maserati,Granturismo Trofeo,Subcompact Cars,All-Wheel Drive,Automatic 8-spd,6.0,3.0,Premium Gasoline,18,27,21,412.0
49862,2026,Maserati,Grecale Modena V6,Small Sport Utility Vehicle 4WD,All-Wheel Drive,Automatic 8-spd,6.0,3.0,Premium Gasoline,18,25,20,432.0
49861,2026,Maserati,Grecale Trofeo,Small Sport Utility Vehicle 4WD,All-Wheel Drive,Automatic 8-spd,6.0,3.0,Premium Gasoline,18,25,20,432.0
50272,2026,Maserati,MCPURA,Two Seaters,Rear-Wheel Drive,Automatic (S8),6.0,3.0,Premium Gasoline,15,25,18,474.0
50274,2026,Maserati,MCPURA Spyder,Two Seaters,Rear-Wheel Drive,Automatic (S8),6.0,3.0,Premium Gasoline,15,25,18,482.0
49256,2026,Mazda,3 4-Door 2WD,Compact Cars,Front-Wheel Drive,Automatic (S6),4.0,2.5,Regular Gasoline,27,36,30,294.0
49257,2026,Mazda,3 4-Door 4WD,Compact Cars,4-Wheel Drive,Automatic (S6),4.0,2.5,Regular Gasoline,26,34,29,306.0
49258,2026,Mazda,3 4-Door 4WD,Compact Cars,4-Wheel Drive,Automatic (S6),4.0,2.5,Regular Gasoline,23,32,27,334.0
49290,2026,Mazda,3 5-Door 2WD,Midsize Cars,Front-Wheel Drive,Manual 6-spd,4.0,2.5,Regular Gasoline,25,34,28,314.0
49291,2026,Mazda,3 5-Door 2WD,Midsize Cars,Front-Wheel Drive,Automatic (S6),4.0,2.5,Regular Gasoline,26,34,29,302.0
49292,2026,Mazda,3 5-Door 4WD,Midsize Cars,4-Wheel Drive,Automatic (S6),4.0,2.5,Regular Gasoline,25,34,28,317.0
49293,2026,Mazda,3 5-Door 4WD,Midsize Cars,4-Wheel Drive,Automatic (S6),4.0,2.5,Regular Gasoline,23,31,26,337.0
49863,2026,Mazda,CX-30 4WD,Small Sport Utility Vehicle 4WD,4-Wheel Drive,Automatic (S6),4.0,2.5,Regular Gasoline,24,31,27,329.0
49864,2026,Mazda,CX-30 4WD,Small Sport Utility Vehicle 4WD,4-Wheel Drive,Automatic (S6),4.0,2.5,Regular Gasoline,22,30,25,353.0
50290,2026,Mazda,CX-5 4WD,Small Sport Utility Vehicle 4WD,4-Wheel Drive,Automatic (S6),4.0,2.5,Regular Gasoline,24,30,26,339.0
50009,2026,Mazda,CX-50 4WD,Small Sport Utility Vehicle 4WD,4-Wheel Drive,Automatic (S6),4.0,2.5,Regular Gasoline,23,29,25,355.0
50011,2026,Mazda,CX-50 4WD,Small Sport Utility Vehicle 4WD,4-Wheel Drive,Automatic (S6),4.0,2.5,Regular Gasoline,24,30,26,344.0
50275,2026,Mazda,MX-5,Two Seaters,Rear-Wheel Drive,Manual 6-spd,4.0,2.0,Premium Gasoline,26,34,29,305.0
50276,2026,Mazda,MX-5,Two Seaters,Rear-Wheel Drive,Automatic (S6),4.0,2.0,Premium Gasoline,26,35,29,301.0
49261,2026,Mercedes-Benz,AMG CLA45 S 4matic,Compact Cars,All-Wheel Drive,Automatic (AM8),4.0,2.0,Premium Gasoline,20,28,23,379.0
49174,2026,Mercedes-Benz,AMG GT 55 4matic Plus (coupe),Two Seaters,All-Wheel Drive,Automatic 9-spd,8.0,4.0,Premium Gasoline,14,20,16,558.0
49346,2026,Mercedes-Benz,AMG GT 63 4matic Plus,Small Station Wagons,All-Wheel Drive,Automatic 9-spd,8.0,4.0,Premium Gasoline,15,21,17,512.0
49175,2026,Mercedes-Benz,AMG GT 63 4matic Plus (coupe),Two Seaters,All-Wheel Drive,Automatic 9-spd,8.0,4.0,Premium Gasoline,14,20,16,558.0
49176,2026,Mercedes-Benz,AMG GT 63 PRO 4matic Plus (coupe),Two Seaters,All-Wheel Drive,Automatic 9-spd,8.0,4.0,Premium Gasoline,14,20,16,558.0
49184,2026,Mercedes-Benz,AMG SL55 4matic Plus,Minicompact Cars,All-Wheel Drive,Automatic 9-spd,8.0,4.0,Premium Gasoline,14,21,16,552.0
49183,2026,Mercedes-Benz,AMG SL63 4matic Plus,Minicompact Cars,All-Wheel Drive,Automatic 9-spd,8.0,4.0,Premium Gasoline,14,21,16,552.0
49330,2026,Mercedes-Benz,Maybach S680 4matic,Large Cars,All-Wheel Drive,Automatic 9-spd,12.0,6.0,Premium Gasoline,12,20,15,603.0
49182,2026,Mercedes-Benz,SL680 Maybach,Minicompact Cars,All-Wheel Drive,Automatic 9-spd,8.0,4.0,Premium Gasoline,13,20,16,558.0
49265,2026,Mini,Cooper C 4 Door,Compact Cars,Front-Wheel Drive,Automatic (AM-S7),4.0,2.0,Premium Gasoline,28,39,32,276.0
49865,2026,Mitsubishi,Eclipse Cross 4WD,Small Sport Utility Vehicle 4WD,4-Wheel Drive,Automatic (AV-S8),4.0,1.5,Regular Gasoline,25,26,25,353.0
49866,2026,Mitsubishi,Eclipse Cross ES 4WD,Small Sport Utility Vehicle 4WD,4-Wheel Drive,Automatic (AV-S8),4.0,1.5,Regular Gasoline,25,28,26,339.0
50128,2026,Mitsubishi,Outlander Sport 4WD,Small Sport Utility Vehicle 4WD,4-Wheel Drive,Automatic (AV-S6),4.0,2.0,Regular Gasoline,23,29,26,344.0
50129,2026,Mitsubishi,Outlander Sport 4WD,Small Sport Utility Vehicle 4WD,4-Wheel Drive,Automatic (AV-S6),4.0,2.4,Regular Gasoline,23,28,25,353.0
50064,2026,Nissan,Altima,Midsize Cars,Front-Wheel Drive,Automatic (variable gear ratios),4.0,2.5,Regular Gasoline,26,36,30,297.0
50065,2026,Nissan,Altima AWD,Midsize Cars,All-Wheel Drive,Automatic (variable gear ratios),4.0,2.5,Regular Gasoline,25,33,28,316.0
49557,2026,Nissan,Armada 2WD,Standard Sport Utility Vehicle 2WD,Rear-Wheel Drive,Automatic (S9),6.0,3.5,Premium Gasoline,16,20,18,506.0
49602,2026,Nissan,Armada 4WD,Standard Sport Utility Vehicle 4WD,4-Wheel Drive,Automatic (S9),6.0,3.5,Premium Gasoline,16,19,17,524.0
49603,2026,Nissan,Armada 4WD PRO-4X,Standard Sport Utility Vehicle 4WD,4-Wheel Drive,Automatic (S9),6.0,3.5,Premium Gasoline,15,18,16,556.0
49833,2026,Nissan,Frontier 2WD,Standard Pickup Trucks 2WD,Rear-Wheel Drive,Automatic (S9),6.0,3.8,Regular Gasoline,19,24,21,423.0
49838,2026,Nissan,Frontier 4WD,Standard Pickup Trucks 4WD,Part-time 4-Wheel Drive,Automatic (S9),6.0,3.8,Regular Gasoline,17,21,19,479.0
49839,2026,Nissan,Frontier 4WD PRO4X,Standard Pickup Trucks 4WD,Part-time 4-Wheel Drive,Automatic (S9),6.0,3.8,Regular Gasoline,16,20,18,504.0
49845,2026,Nissan,Kicks,Small Sport Utility Vehicle 2WD,Front-Wheel Drive,Automatic (variable gear ratios),4.0,2.0,Regular Gasoline,28,35,31,287.0
49868,2026,Nissan,Kicks AWD,Small Sport Utility Vehicle 4WD,All-Wheel Drive,Automatic (variable gear ratios),4.0,2.0,Regular Gasoline,27,34,30,299.0
49867,2026,Nissan,Murano AWD,Small Sport Utility Vehicle 4WD,All-Wheel Drive,Automatic (S9),4.0,2.0,Regular Gasoline,21,27,23,387.0
50146,2026,Nissan,Pathfinder 2WD,Standard Sport Utility Vehicle 2WD,Front-Wheel Drive,Automatic (S9),6.0,3.5,Regular Gasoline,21,27,23,382.0
50173,2026,Nissan,Pathfinder 4WD,Standard Sport Utility Vehicle 4WD,4-Wheel Drive,Automatic (S9),6.0,3.5,Regular Gasoline,21,26,23,390.0
50174,2026,Nissan,Pathfinder 4WD Platinum,Standard Sport Utility Vehicle 4WD,4-Wheel Drive,Automatic (S9),6.0,3.5,Regular Gasoline,20,25,22,408.0
50175,2026,Nissan,Pathfinder 4WD Rock Creek,Standard Sport Utility Vehicle 4WD,4-Wheel Drive,Automatic (S9),6.0,3.5,Premium Gasoline,20,23,21,422.0
49524,2026,Nissan,Rogue AWD,Small Sport Utility Vehicle 4WD,All-Wheel Drive,Automatic (AV-S8),3.0,1.5,Regular Gasoline,28,35,31,291.0
49525,2026,Nissan,Rogue AWD Rock Creek,Small Sport Utility Vehicle 4WD,All-Wheel Drive,Automatic (AV-S8),3.0,1.5,Regular Gasoline,27,32,29,307.0
49464,2026,Nissan,Rogue FWD,Small Sport Utility Vehicle 2WD,Front-Wheel Drive,Automatic (AV-S8),3.0,1.5,Regular Gasoline,29,36,32,279.0
50063,2026,Nissan,Sentra (2-mode),Midsize Cars,Front-Wheel Drive,Automatic (variable gear ratios),4.0,2.0,Regular Gasoline,30,38,33,269.0
50061,2026,Nissan,Sentra (3-mode),Midsize Cars,Front-Wheel Drive,Automatic (variable gear ratios),4.0,2.0,Regular Gasoline,30,38,33,268.0
50062,2026,Nissan,Sentra SL/SR,Midsize Cars,Front-Wheel Drive,Automatic (variable gear ratios),4.0,2.0,Regular Gasoline,29,36,32,278.0
49777,2026,Nissan,Z,Two Seaters,Rear-Wheel Drive,Manual 6-spd,6.0,3.0,Premium Gasoline,18,24,20,435.0
49778,2026,Nissan,Z,Two Seaters,Rear-Wheel Drive,Automatic (S9),6.0,3.0,Premium Gasoline,19,28,22,405.0
49779,2026,Nissan,Z NISMO,Two Seaters,Rear-Wheel Drive,Automatic (S9),6.0,3.0,Premium Gasoline,17,24,19,469.0
49188,2026,Porsche,911 Carrera,Minicompact Cars,Rear-Wheel Drive,Automatic (AM-S8),6.0,3.0,Premium Gasoline,18,25,21,424.0
49784,2026,Porsche,911 Carrera 4 GTS,Minicompact Cars,All-Wheel Drive,Automatic (AM-S8),6.0,3.6,Premium Gasoline,17,23,19,468.0
49785,2026,Porsche,911 Carrera 4 GTS Cabriolet,Minicompact Cars,All-Wheel Drive,Automatic (AM-S8),6.0,3.6,Premium Gasoline,17,23,19,469.0
49995,2026,Porsche,911 Carrera 4S,Minicompact Cars,All-Wheel Drive,Automatic (AM-S8),6.0,3.0,Premium Gasoline,17,24,20,453.0
49996,2026,Porsche,911 Carrera 4S Cabriolet,Minicompact Cars,All-Wheel Drive,Automatic (AM-S8),6.0,3.0,Premium Gasoline,17,24,20,446.0
49189,2026,Porsche,911 Carrera Cabriolet,Minicompact Cars,Rear-Wheel Drive,Automatic (AM-S8),6.0,3.0,Premium Gasoline,18,25,21,429.0
49782,2026,Porsche,911 Carrera GTS,Minicompact Cars,Rear-Wheel Drive,Automatic (AM-S8),6.0,3.6,Premium Gasoline,17,24,20,453.0
49783,2026,Porsche,911 Carrera GTS Cabriolet,Minicompact Cars,Rear-Wheel Drive,Automatic (AM-S8),6.0,3.6,Premium Gasoline,17,23,19,467.0
49190,2026,Porsche,911 Carrera S,Minicompact Cars,Rear-Wheel Drive,Automatic (AM-S8),6.0,3.0,Premium Gasoline,17,24,20,445.0
49191,2026,Porsche,911 Carrera S Cabriolet,Minicompact Cars,Rear-Wheel Drive,Automatic (AM-S8),6.0,3.0,Premium Gasoline,17,24,20,455.0
49192,2026,Porsche,911 Carrera T,Minicompact Cars,Rear-Wheel Drive,Manual 6-spd,6.0,3.0,Premium Gasoline,17,25,20,448.0
49193,2026,Porsche,911 Carrera T Cabriolet,Minicompact Cars,Rear-Wheel Drive,Manual 6-spd,6.0,3.0,Premium Gasoline,17,25,19,469.0
50440,2026,Porsche,911 GT3,Two Seaters,Rear-Wheel Drive,Automatic (AM-S7),6.0,4.0,Premium Gasoline,14,17,15,593.0
50441,2026,Porsche,911 GT3,Two Seaters,Rear-Wheel Drive,Manual 6-spd,6.0,4.0,Premium Gasoline,13,18,15,594.0
50442,2026,Porsche,911 GT3 Touring,Two Seaters,Rear-Wheel Drive,Automatic (AM-S7),6.0,4.0,Premium Gasoline,14,18,15,595.0
50443,2026,Porsche,911 GT3 Touring,Two Seaters,Rear-Wheel Drive,Manual 6-spd,6.0,4.0,Premium Gasoline,13,18,15,594.0
49786,2026,Porsche,911 Targa 4 GTS,Minicompact Cars,All-Wheel Drive,Automatic (AM-S8),6.0,3.6,Premium Gasoline,17,23,19,467.0
49997,2026,Porsche,911 Targa 4S,Minicompact Cars,All-Wheel Drive,Automatic (AM-S8),6.0,3.0,Premium Gasoline,17,24,20,447.0
50277,2026,Porsche,911 Turbo S,Minicompact Cars,All-Wheel Drive,Automatic (AM-S8),6.0,3.6,Premium Gasoline,15,22,18,503.0
50278,2026,Porsche,911 Turbo S Cabriolet,Minicompact Cars,All-Wheel Drive,Automatic (AM-S8),6.0,3.6,Premium Gasoline,15,22,18,504.0
49604,2026,Porsche,Cayenne,Standard Sport Utility Vehicle 4WD,All-Wheel Drive,Automatic (S8),6.0,3.0,Premium Gasoline,17,23,19,469.0
49605,2026,Porsche,Cayenne Coupe,Standard Sport Utility Vehicle 4WD,All-Wheel Drive,Automatic (S8),6.0,3.0,Premium Gasoline,17,23,19,469.0
49933,2026,Porsche,Cayenne GTS,Standard Sport Utility Vehicle 4WD,All-Wheel Drive,Automatic (S8),8.0,4.0,Premium Gasoline,15,22,18,512.0
49934,2026,Porsche,Cayenne GTS Coupe,Standard Sport Utility Vehicle 4WD,All-Wheel Drive,Automatic (S8),8.0,4.0,Premium Gasoline,16,22,18,489.0
49930,2026,Porsche,Cayenne S,Standard Sport Utility Vehicle 4WD,All-Wheel Drive,Automatic (S8),8.0,4.0,Premium Gasoline,16,21,18,492.0
49931,2026,Porsche,Cayenne S Coupe,Standard Sport Utility Vehicle 4WD,All-Wheel Drive,Automatic (S8),8.0,4.0,Premium Gasoline,16,21,18,492.0
49932,2026,Porsche,Cayenne Turbo GT,Standard Sport Utility Vehicle 4WD,All-Wheel Drive,Automatic (S8),8.0,4.0,Premium Gasoline,15,20,17,521.0
49526,2026,Porsche,Macan,Small Sport Utility Vehicle 4WD,All-Wheel Drive,Automatic (AM-S7),4.0,2.0,Premium Gasoline,19,25,21,424.0
49529,2026,Porsche,Macan GTS,Small Sport Utility Vehicle 4WD,All-Wheel Drive,Automatic (AM-S7),6.0,2.9,Premium Gasoline,17,22,19,466.0
49527,2026,Porsche,Macan S,Small Sport Utility Vehicle 4WD,All-Wheel Drive,Automatic (AM-S7),6.0,2.9,Premium Gasoline,17,23,19,465.0
49528,2026,Porsche,Macan T,Small Sport Utility Vehicle 4WD,All-Wheel Drive,Automatic (AM-S7),4.0,2.0,Premium Gasoline,19,25,21,424.0
49829,2026,Porsche,Panamera,Large Cars,Rear-Wheel Drive,Automatic (AM-S8),6.0,2.9,Premium Gasoline,18,25,21,431.0
49830,2026,Porsche,Panamera 4,Large Cars,All-Wheel Drive,Automatic (AM-S8),6.0,2.9,Premium Gasoline,18,25,21,425.0
49368,2026,Ram,1500 2WD,Standard Pickup Trucks 2WD,Rear-Wheel Drive,Automatic 8-spd,6.0,3.0,Regular Gasoline,18,25,21,433.0
49420,2026,Ram,1500 4WD,Standard Pickup Trucks 4WD,4-Wheel Drive,Automatic 8-spd,6.0,3.0,Regular Gasoline,18,24,20,444.0
50108,2026,Ram,1500 4WD,Standard Pickup Trucks 4WD,All-Wheel Drive,Automatic 8-spd,8.0,6.2,Premium Gasoline,10,14,12,748.0
49418,2026,Ram,1500 HO 4WD,Standard Pickup Trucks 4WD,4-Wheel Drive,Automatic 8-spd,6.0,3.0,Premium Gasoline,15,21,17,521.0
49419,2026,Ram,1500 RHO 4WD,Standard Pickup Trucks 4WD,4-Wheel Drive,Automatic 8-spd,6.0,3.0,Premium Gasoline,14,16,15,602.0
49606,2026,Rolls-Royce,Cullinan,Standard Sport Utility Vehicle 4WD,All-Wheel Drive,Automatic (S8),12.0,6.7,Premium Gasoline,12,19,14,609.0
49607,2026,Rolls-Royce,Cullinan Black Badge,Standard Sport Utility Vehicle 4WD,All-Wheel Drive,Automatic (S8),12.0,6.7,Premium Gasoline,12,19,14,609.0
49333,2026,Rolls-Royce,Ghost,Large Cars,All-Wheel Drive,Automatic (S8),12.0,6.7,Premium Gasoline,12,19,14,609.0
49335,2026,Rolls-Royce,Ghost Black Badge,Large Cars,All-Wheel Drive,Automatic (S8),12.0,6.7,Premium Gasoline,12,19,14,609.0
49334,2026,Rolls-Royce,Ghost Extended,Large Cars,All-Wheel Drive,Automatic (S8),12.0,6.7,Premium Gasoline,12,19,14,609.0
49331,2026,Rolls-Royce,Phantom,Large Cars,Rear-Wheel Drive,Automatic (S8),12.0,6.7,Premium Gasoline,12,19,14,609.0
49332,2026,Rolls-Royce,Phantom Extended,Large Cars,Rear-Wheel Drive,Automatic (S8),12.0,6.7,Premium Gasoline,12,19,14,609.0
50021,2026,Subaru,Ascent,Standard Sport Utility Vehicle 4WD,All-Wheel Drive,Automatic (AV-S8),4.0,2.4,Regular Gasoline,19,26,22,405.0
50022,2026,Subaru,Ascent Limited/Touring/Onyx AWD,Standard Sport Utility Vehicle 4WD,All-Wheel Drive,Automatic (AV-S8),4.0,2.4,Regular Gasoline,19,25,21,421.0
49787,2026,Subaru,BRZ,Minicompact Cars,Rear-Wheel Drive,Manual 6-spd,4.0,2.4,Premium Gasoline,20,27,22,399.0
49788,2026,Subaru,BRZ,Minicompact Cars,Rear-Wheel Drive,Automatic (S6),4.0,2.4,Premium Gasoline,21,30,25,362.0
49534,2026,Subaru,Crosstrek AWD,Small Sport Utility Vehicle 4WD,All-Wheel Drive,Automatic (AV-S8),4.0,2.5,Regular Gasoline,26,33,29,307.0
49535,2026,Subaru,Crosstrek Wilderness AWD,Small Sport Utility Vehicle 4WD,All-Wheel Drive,Automatic (AV-S8),4.0,2.5,Regular Gasoline,24,29,26,337.0
49530,2026,Subaru,Forester AWD,Small Sport Utility Vehicle 4WD,All-Wheel Drive,Automatic (AV-S8),4.0,2.5,Regular Gasoline,26,33,29,310.0
49532,2026,Subaru,Forester Sport/Touring AWD,Small Sport Utility Vehicle 4WD,All-Wheel Drive,Automatic (AV-S8),4.0,2.5,Regular Gasoline,25,32,28,317.0
49537,2026,Subaru,Forester Wilderness AWD,Small Sport Utility Vehicle 4WD,All-Wheel Drive,Automatic (AV-S8),4.0,2.5,Regular Gasoline,24,28,26,347.0
49348,2026,Subaru,Impreza,Small Station Wagons,All-Wheel Drive,Automatic (AV-S8),4.0,2.0,Regular Gasoline,27,33,29,301.0
49349,2026,Subaru,Impreza,Small Station Wagons,All-Wheel Drive,Automatic (AV-S8),4.0,2.5,Regular Gasoline,26,33,29,311.0
49531,2026,Subaru,Outback AWD,Small Sport Utility Vehicle 4WD,All-Wheel Drive,Automatic (AV-S8),4.0,2.5,Regular Gasoline,25,31,27,330.0
49533,2026,Subaru,Outback AWD,Small Sport Utility Vehicle 4WD,All-Wheel Drive,Automatic (AV-S8),4.0,2.4,Regular Gasoline,21,29,24,369.0
49536,2026,Subaru,Outback Wilderness AWD,Small Sport Utility Vehicle 4WD,All-Wheel Drive,Automatic (AV-S8),4.0,2.4,Regular Gasoline,21,27,23,385.0
50066,2026,Subaru,WRX,Midsize Cars,All-Wheel Drive,Manual 6-spd,4.0,2.4,Premium Gasoline,19,26,22,412.0
50067,2026,Subaru,WRX,Midsize Cars,All-Wheel Drive,Automatic (AV-S8),4.0,2.4,Premium Gasoline,18,25,21,422.0
50147,2026,Toyota,4Runner 2WD,Standard Sport Utility Vehicle 2WD,Rear-Wheel Drive,Automatic (S8),4.0,2.4,Regular Gasoline,20,26,22,399.0
50148,2026,Toyota,4Runner 2WD,Standard Sport Utility Vehicle 2WD,Rear-Wheel Drive,Automatic (S8),4.0,2.4,Regular Gasoline,20,24,22,403.0
50176,2026,Toyota,4Runner 4WD,Standard Sport Utility Vehicle 4WD,Part-time 4-Wheel Drive,Automatic (S8),4.0,2.4,Regular Gasoline,19,25,21,417.0
50177,2026,Toyota,4Runner 4WD,Standard Sport Utility Vehicle 4WD,4-Wheel Drive,Automatic (S8),4.0,2.4,Regular Gasoline,20,24,21,415.0
49809,2026,Toyota,Corolla,Compact Cars,Front-Wheel Drive,Automatic (AV-S10),4.0,2.0,Regular Gasoline,31,38,34,265.0
49807,2026,Toyota,Corolla (1-mode TM),Compact Cars,Front-Wheel Drive,Automatic (variable gear ratios),4.0,2.0,Regular Gasoline,32,41,35,254.0
49808,2026,Toyota,Corolla (3-mode TM),Compact Cars,Front-Wheel Drive,Automatic (variable gear ratios),4.0,2.0,Regular Gasoline,31,40,34,257.0
49846,2026,Toyota,Corolla Cross,Small Sport Utility Vehicle 2WD,Front-Wheel Drive,Automatic (AV-S10),4.0,2.0,Regular Gasoline,31,33,32,276.0
49869,2026,Toyota,Corolla Cross AWD,Small Sport Utility Vehicle 4WD,All-Wheel Drive,Automatic (AV-S10),4.0,2.0,Regular Gasoline,29,31,30,295.0
49810,2026,Toyota,Corolla Hatchback,Compact Cars,Front-Wheel Drive,Automatic (AV-S10),4.0,2.0,Regular Gasoline,32,41,35,254.0
49812,2026,Toyota,Corolla Hatchback FX,Compact Cars,Front-Wheel Drive,Automatic (AV-S10),4.0,2.0,Regular Gasoline,30,38,33,267.0
49811,2026,Toyota,Corolla Hatchback XSE,Compact Cars,Front-Wheel Drive,Automatic (AV-S10),4.0,2.0,Regular Gasoline,30,38,33,266.0
50047,2026,Toyota,GR Corolla,Subcompact Cars,All-Wheel Drive,Manual 6-spd,3.0,1.6,Premium Gasoline,21,28,24,368.0
50280,2026,Toyota,GR Corolla,Subcompact Cars,All-Wheel Drive,Automatic (S8),3.0,1.6,Premium Gasoline,19,27,22,395.0
49177,2026,Toyota,GR Supra,Two Seaters,Rear-Wheel Drive,Automatic (S8),4.0,2.0,Premium Gasoline,25,31,27,322.0
49178,2026,Toyota,GR Supra,Two Seaters,Rear-Wheel Drive,Automatic (S8),6.0,3.0,Premium Gasoline,22,29,25,349.0
49179,2026,Toyota,GR Supra,Two Seaters,Rear-Wheel Drive,Manual 6-spd,6.0,3.0,Premium Gasoline,19,26,21,408.0
49938,2026,Toyota,Grand Highlander AWD LE/XLE,Standard Sport Utility Vehicle 4WD,All-Wheel Drive,Automatic (S8),4.0,2.4,Regular Gasoline,21,27,23,379.0
49939,2026,Toyota,Grand Highlander AWD Limited/Platinum,Standard Sport Utility Vehicle 4WD,All-Wheel Drive,Automatic (S8),4.0,2.4,Regular Gasoline,20,26,22,400.0
49889,2026,Toyota,Grand Highlander LE/XLE,Standard Sport Utility Vehicle 2WD,Front-Wheel Drive,Automatic (S8),4.0,2.4,Regular Gasoline,21,28,24,371.0
49890,2026,Toyota,Grand Highlander Limited,Standard Sport Utility Vehicle 2WD,Front-Wheel Drive,Automatic (S8),4.0,2.4,Regular Gasoline,21,28,24,366.0
50132,2026,Toyota,Highlander AWD,Small Sport Utility Vehicle 4WD,All-Wheel Drive,Automatic (S8),4.0,2.4,Regular Gasoline,21,28,24,371.0
50081,2026,Toyota,Tacoma 2WD,Small Pickup Trucks 2WD,Rear-Wheel Drive,Automatic (S8),4.0,2.4,Regular Gasoline,20,26,23,394.0
50091,2026,Toyota,Tacoma 4WD,Small Pickup Trucks 4WD,Part-time 4-Wheel Drive,Automatic (S8),4.0,2.4,Regular Gasoline,19,24,21,424.0
50087,2026,Toyota,Tacoma 4WD MT,Small Pickup Trucks 4WD,Part-time 4-Wheel Drive,Manual 6-spd,4.0,2.4,Regular Gasoline,18,23,20,452.0
50088,2026,Toyota,Tacoma SR5/Sport/Off-Road/Limited 4WD,Small Pickup Trucks 4WD,Part-time 4-Wheel Drive,Automatic (S8),4.0,2.4,Regular Gasoline,19,23,21,433.0
50089,2026,Toyota,Tacoma SR5/Sport/Off-Road/Limited 4WD,Small Pickup Trucks 4WD,Part-time 4-Wheel Drive,Automatic (S8),4.0,2.4,Regular Gasoline,20,23,21,420.0
50090,2026,Toyota,Tacoma SR5/Sport/Off-Road/Limited 4WD,Small Pickup Trucks 4WD,Part-time 4-Wheel Drive,Automatic (S8),4.0,2.4,Regular Gasoline,19,24,21,424.0
50079,2026,Toyota,Tacoma SR5/Sport/PreRunner 2WD,Small Pickup Trucks 2WD,Rear-Wheel Drive,Automatic (S8),4.0,2.4,Regular Gasoline,20,24,22,403.0
50080,2026,Toyota,Tacoma SR5/Sport/PreRunner 2WD,Small Pickup Trucks 2WD,Rear-Wheel Drive,Automatic (S8),4.0,2.4,Regular Gasoline,21,26,23,393.0
49369,2026,Toyota,Tundra 2WD,Standard Pickup Trucks 2WD,Rear-Wheel Drive,Automatic (S10),6.0,3.4,Regular Gasoline,18,23,20,450.0
49370,2026,Toyota,Tundra 2WD,Standard Pickup Trucks 2WD,Rear-Wheel Drive,Automatic (S10),6.0,3.4,Regular Gasoline,18,23,20,444.0
49372,2026,Toyota,Tundra 2WD TRD Perf,Standard Pickup Trucks 2WD,Rear-Wheel Drive,Automatic (S10),6.0,3.4,Premium Gasoline,18,23,20,444.0
49422,2026,Toyota,Tundra 4WD,Standard Pickup Trucks 4WD,Part-time 4-Wheel Drive,Automatic (S10),6.0,3.4,Regular Gasoline,17,22,19,468.0
49423,2026,Toyota,Tundra 4WD,Standard Pickup Trucks 4WD,Part-time 4-Wheel Drive,Automatic (S10),6.0,3.4,Regular Gasoline,17,22,19,462.0
49426,2026,Toyota,Tundra 4WD TRD Perf,Standard Pickup Trucks 4WD,Part-time 4-Wheel Drive,Automatic (S10),6.0,3.4,Premium Gasoline,17,22,19,462.0
49465,2026,Volkswagen,Atlas,Small Sport Utility Vehicle 2WD,Front-Wheel Drive,Automatic (S8),4.0,2.0,Regular Gasoline,20,27,23,390.0
49542,2026,Volkswagen,Atlas 4motion Peak Edition,Small Sport Utility Vehicle 4WD,All-Wheel Drive,Automatic (S8),4.0,2.0,Regular Gasoline,19,25,21,421.0
49466,2026,Volkswagen,Atlas Cross Sport,Small Sport Utility Vehicle 2WD,Front-Wheel Drive,Automatic (S8),4.0,2.0,Regular Gasoline,20,27,23,390.0
49541,2026,Volkswagen,Atlas Cross Sport 4motion,Small Sport Utility Vehicle 4WD,All-Wheel Drive,Automatic (S8),4.0,2.0,Regular Gasoline,20,26,22,407.0
49540,2026,Volkswagen,Atlas SE 4motion,Small Sport Utility Vehicle 4WD,All-Wheel Drive,Automatic (S8),4.0,2.0,Regular Gasoline,20,26,22,407.0
49539,2026,Volkswagen,Atlas SEL 4motion,Small Sport Utility Vehicle 4WD,All-Wheel Drive,Automatic (S8),4.0,2.0,Regular Gasoline,19,25,21,417.0
49267,2026,Volkswagen,GLI,Compact Cars,Front-Wheel Drive,Automatic (AM-S7),4.0,2.0,Regular Gasoline,26,35,29,307.0
49268,2026,Volkswagen,GLI,Compact Cars,Front-Wheel Drive,Manual 6-spd,4.0,2.0,Regular Gasoline,26,36,29,306.0
49303,2026,Volkswagen,GTI,Midsize Cars,Front-Wheel Drive,Automatic (AM-S7),4.0,2.0,Regular Gasoline,24,32,27,326.0
49302,2026,Volkswagen,Golf R,Midsize Cars,All-Wheel Drive,Automatic (AM-S7),4.0,2.0,Premium Gasoline,22,31,25,349.0
49269,2026,Volkswagen,Jetta,Compact Cars,Front-Wheel Drive,Automatic (S8),4.0,1.5,Regular Gasoline,29,40,34,265.0
49270,2026,Volkswagen,Jetta Sport/SE/SEL,Compact Cars,Front-Wheel Drive,Automatic (S8),4.0,1.5,Regular Gasoline,29,40,33,271.0
49467,2026,Volkswagen,Taos,Small Sport Utility Vehicle 2WD,Front-Wheel Drive,Automatic (S8),4.0,1.5,Regular Gasoline,28,36,31,287.0
49543,2026,Volkswagen,Taos 4motion,Small Sport Utility Vehicle 4WD,4-Wheel Drive,Automatic (S8),4.0,1.5,Regular Gasoline,25,33,28,318.0
49468,2026,Volkswagen,Tiguan,Small Sport Utility Vehicle 2WD,Front-Wheel Drive,Automatic (S8),4.0,2.0,Regular Gasoline,25,32,28,320.0
49544,2026,Volkswagen,Tiguan 4motion,Small Sport Utility Vehicle 4WD,All-Wheel Drive,Automatic (S8),4.0,2.0,Regular Gasoline,22,30,25,351.0
49469,2026,Volkswagen,Tiguan S,Small Sport Utility Vehicle 2WD,Front-Wheel Drive,Automatic (S8),4.0,2.0,Regular Gasoline,26,34,29,307.0
49545,2026,Volkswagen,Tiguan SEL 4Motion,Small Sport Utility Vehicle 4WD,All-Wheel Drive,Automatic (S8),4.0,2.0,Regular Gasoline,22,29,25,360.0
50469,2027,Aston Martin,DB12 S,Minicompact Cars,Rear-Wheel Drive,Automatic 8-spd,8.0,4.0,Premium Gasoline,14,21,17,522.0
50468,2027,Aston Martin,DB12 V8,Minicompact Cars,Rear-Wheel Drive,Automatic 8-spd,8.0,4.0,Premium Gasoline,15,22,17,507.0
50398,2027,Aston Martin,Vanquish,Minicompact Cars,Rear-Wheel Drive,Automatic 8-spd,12.0,5.2,Premium Gasoline,13,21,16,563.0
50399,2027,Aston Martin,Vanquish Volante,Minicompact Cars,Rear-Wheel Drive,Automatic 8-spd,12.0,5.2,Premium Gasoline,13,20,16,566.0
50717,2027,Audi,A3 quattro,Subcompact Cars,All-Wheel Drive,Automatic (AM-S7),4.0,2.0,Premium Gasoline,24,33,28,322.0
50494,2027,Audi,A5 quattro,Midsize Cars,All-Wheel Drive,Automatic (AM-S7),4.0,2.0,Premium Gasoline,22,32,26,345.0
50770,2027,Audi,Q3,Small Sport Utility Vehicle 4WD,All-Wheel Drive,Automatic (AM-S7),4.0,2.0,Regular Gasoline,22,28,24,371.0
50716,2027,Audi,RS 3,Subcompact Cars,All-Wheel Drive,Automatic (AM-S7),5.0,2.5,Premium Gasoline,19,27,22,405.0
50718,2027,Audi,S3,Subcompact Cars,All-Wheel Drive,Automatic (AM-S7),4.0,2.0,Premium Gasoline,23,31,26,346.0
50742,2027,Audi,S5 Sport Sedan,Midsize Cars,All-Wheel Drive,Automatic (AM-S7),6.0,3.0,Premium Gasoline,20,30,23,382.0
50771,2027,Audi,SQ5,Small Sport Utility Vehicle 4WD,All-Wheel Drive,Automatic (AM-S7),6.0,3.0,Premium Gasoline,21,28,23,382.0
50772,2027,Audi,SQ5 Sportback,Small Sport Utility Vehicle 4WD,All-Wheel Drive,Automatic (AM-S7),6.0,3.0,Premium Gasoline,21,28,23,382.0
50425,2027,Audi,SQ8,Standard Sport Utility Vehicle 4WD,All-Wheel Drive,Automatic (S8),8.0,4.0,Premium Gasoline,14,20,16,540.0
50726,2027,BMW,228 Gran Coupe,Compact Cars,Front-Wheel Drive,Automatic (AM-S7),4.0,2.0,Premium Gasoline,27,39,31,279.0
50725,2027,BMW,228 xDrive Gran Coupe,Compact Cars,All-Wheel Drive,Automatic (AM-S7),4.0,2.0,Premium Gasoline,26,38,30,289.0
50476,2027,BMW,M2 Coupe,Subcompact Cars,Rear-Wheel Drive,Automatic (S8),6.0,3.0,Premium Gasoline,16,23,19,466.0
50477,2027,BMW,M2 Coupe,Subcompact Cars,Rear-Wheel Drive,Manual 6-spd,6.0,3.0,Premium Gasoline,16,23,19,473.0
50720,2027,BMW,M2 M xDrive Coupe,Subcompact Cars,All-Wheel Drive,Automatic (S8),6.0,3.0,Premium Gasoline,16,22,18,483.0
50727,2027,BMW,M235 xDrive Gran Coupe,Compact Cars,All-Wheel Drive,Automatic (AM-S7),4.0,2.0,Premium Gasoline,23,34,27,324.0
50326,2027,BMW,M3 Competition M xDrive Sedan,Compact Cars,All-Wheel Drive,Automatic (S8),6.0,3.0,Premium Gasoline,16,23,18,477.0
50325,2027,BMW,M3 Competition Sedan,Compact Cars,Rear-Wheel Drive,Automatic (S8),6.0,3.0,Premium Gasoline,16,23,19,470.0
50324,2027,BMW,M3 Sedan,Compact Cars,Rear-Wheel Drive,Manual 6-spd,6.0,3.0,Premium Gasoline,16,23,19,472.0
50321,2027,BMW,M4 Competition Coupe,Subcompact Cars,Rear-Wheel Drive,Automatic (S8),6.0,3.0,Premium Gasoline,16,23,19,470.0
50323,2027,BMW,M4 Competition M xDrive Convertible,Subcompact Cars,All-Wheel Drive,Automatic (S8),6.0,3.0,Premium Gasoline,16,22,18,479.0
50322,2027,BMW,M4 Competition M xDrive Coupe,Subcompact Cars,All-Wheel Drive,Automatic (S8),6.0,3.0,Premium Gasoline,16,23,18,472.0
50320,2027,BMW,M4 Coupe,Subcompact Cars,Rear-Wheel Drive,Manual 6-spd,6.0,3.0,Premium Gasoline,16,23,19,472.0
50774,2027,BMW,X1 M35i,Small Sport Utility Vehicle 4WD,All-Wheel Drive,Automatic (AM-S7),4.0,2.0,Premium Gasoline,24,32,27,327.0
50773,2027,BMW,X1 xDrive28i,Small Sport Utility Vehicle 4WD,All-Wheel Drive,Automatic (AM-S7),4.0,2.0,Premium Gasoline,25,34,28,311.0
50776,2027,BMW,X2 M35i,Small Sport Utility Vehicle 4WD,All-Wheel Drive,Automatic (AM-S7),4.0,2.0,Premium Gasoline,23,31,26,339.0
50775,2027,BMW,X2 xDrive28i,Small Sport Utility Vehicle 4WD,All-Wheel Drive,Automatic (AM-S7),4.0,2.0,Premium Gasoline,24,34,28,315.0
50426,2027,Bentley,Bentayga,Standard Sport Utility Vehicle 4WD,All-Wheel Drive,Automatic (S8),8.0,4.0,Premium Gasoline,14,21,16,553.0
50427,2027,Bentley,Bentayga EWB,Standard Sport Utility Vehicle 4WD,All-Wheel Drive,Automatic (S8),8.0,4.0,Premium Gasoline,14,21,16,553.0
50573,2027,Buick,Enclave AWD,Standard Sport Utility Vehicle 4WD,All-Wheel Drive,Automatic 8-spd,4.0,2.5,Regular Gasoline,20,24,21,423.0
50561,2027,Buick,Enclave FWD,Standard Sport Utility Vehicle 2WD,Front-Wheel Drive,Automatic 8-spd,4.0,2.5,Regular Gasoline,20,25,22,404.0
50790,2027,Cadillac,Escalade 2WD,Standard Sport Utility Vehicle 2WD,Rear-Wheel Drive,Automatic 10-spd,8.0,6.2,Premium Gasoline,15,19,17,532.0
50809,2027,Cadillac,Escalade 4WD,Standard Sport Utility Vehicle 4WD,4-Wheel Drive,Automatic 10-spd,8.0,6.2,Premium Gasoline,14,18,16,572.0
50810,2027,Cadillac,Escalade V AWD,Standard Sport Utility Vehicle 4WD,4-Wheel Drive,Automatic (S10),8.0,6.2,Premium Gasoline,11,17,13,671.0
50393,2027,Chevrolet,Corvette,Two Seaters,Rear-Wheel Drive,Automatic (S8),8.0,6.7,Premium Gasoline,15,25,18,485.0
50461,2027,Chevrolet,Corvette Grand Sport,Two Seaters,Rear-Wheel Drive,Automatic (S8),8.0,6.7,Premium Gasoline,15,23,17,522.0
50396,2027,Chevrolet,Corvette Z06,Two Seaters,Rear-Wheel Drive,Automatic (S8),8.0,5.5,Premium Gasoline,12,21,15,597.0
50397,2027,Chevrolet,Corvette Z06 Carbon Aero,Two Seaters,Rear-Wheel Drive,Automatic (S8),8.0,5.5,Premium Gasoline,12,19,14,632.0
50394,2027,Chevrolet,Corvette ZR1,Two Seaters,Rear-Wheel Drive,Automatic (S8),8.0,5.5,Premium Gasoline,12,18,14,630.0
50409,2027,Chevrolet,Equinox AWD,Small Sport Utility Vehicle 4WD,All-Wheel Drive,Automatic 8-spd,4.0,1.5,Regular Gasoline,25,29,26,342.0
50403,2027,Chevrolet,Equinox FWD,Small Sport Utility Vehicle 2WD,Front-Wheel Drive,Automatic 8-spd,4.0,1.5,Regular Gasoline,25,29,27,333.0
50792,2027,Chevrolet,Suburban 2WD,Standard Sport Utility Vehicle 2WD,Rear-Wheel Drive,Automatic 10-spd,8.0,6.2,Premium Gasoline,15,19,16,555.0
50794,2027,Chevrolet,Suburban 2WD,Standard Sport Utility Vehicle 2WD,Rear-Wheel Drive,Automatic 10-spd,8.0,5.3,Regular Gasoline,15,20,17,530.0
50812,2027,Chevrolet,Suburban 4WD,Standard Sport Utility Vehicle 4WD,4-Wheel Drive,Automatic 10-spd,8.0,6.2,Premium Gasoline,14,18,16,572.0
50814,2027,Chevrolet,Suburban 4WD,Standard Sport Utility Vehicle 4WD,4-Wheel Drive,Automatic 10-spd,8.0,5.3,Regular Gasoline,14,19,16,571.0
50791,2027,Chevrolet,Tahoe 2WD,Standard Sport Utility Vehicle 2WD,Rear-Wheel Drive,Automatic 10-spd,8.0,6.2,Premium Gasoline,15,20,17,525.0
50793,2027,Chevrolet,Tahoe 2WD,Standard Sport Utility Vehicle 2WD,Rear-Wheel Drive,Automatic 10-spd,8.0,5.3,Regular Gasoline,15,20,17,530.0
50811,2027,Chevrolet,Tahoe 4WD,Standard Sport Utility Vehicle 4WD,4-Wheel Drive,Automatic 10-spd,8.0,6.2,Premium Gasoline,14,18,16,572.0
50813,2027,Chevrolet,Tahoe 4WD,Standard Sport Utility Vehicle 4WD,4-Wheel Drive,Automatic 10-spd,8.0,5.3,Regular Gasoline,15,19,17,536.0
50574,2027,Chevrolet,Traverse AWD,Standard Sport Utility Vehicle 4WD,All-Wheel Drive,Automatic 8-spd,4.0,2.5,Regular Gasoline,20,24,21,423.0
50562,2027,Chevrolet,Traverse FWD,Standard Sport Utility Vehicle 2WD,Front-Wheel Drive,Automatic 8-spd,4.0,2.5,Regular Gasoline,20,26,22,404.0
50341,2027,Chrysler,Pacifica,Minivan - 2WD,Front-Wheel Drive,Automatic 9-spd,6.0,3.6,Regular Gasoline,19,28,22,401.0
50344,2027,Chrysler,Pacifica AWD,Minivan - 4WD,All-Wheel Drive,Automatic 9-spd,6.0,3.6,Regular Gasoline,17,25,20,450.0
50575,2027,Dodge,Durango AWD,Standard Sport Utility Vehicle 4WD,All-Wheel Drive,Automatic 8-spd,6.0,3.6,Regular Gasoline,17,24,20,450.0
50576,2027,Dodge,Durango AWD,Standard Sport Utility Vehicle 4WD,All-Wheel Drive,Automatic 8-spd,8.0,5.7,Midgrade Gasoline,14,22,17,533.0
50577,2027,Dodge,Durango AWD,Standard Sport Utility Vehicle 4WD,All-Wheel Drive,Automatic 8-spd,8.0,6.2,Premium Gasoline,12,17,13,659.0
50578,2027,Dodge,Durango AWD,Standard Sport Utility Vehicle 4WD,All-Wheel Drive,Automatic 8-spd,8.0,6.4,Premium Gasoline,13,19,15,584.0
50563,2027,Dodge,Durango RWD,Standard Sport Utility Vehicle 2WD,Rear-Wheel Drive,Automatic 8-spd,6.0,3.6,Regular Gasoline,18,25,20,434.0
50721,2027,Ferrari,Amalfi,Subcompact Cars,Rear-Wheel Drive,Automatic (AM-S8),8.0,3.9,Premium Gasoline,17,23,19,461.0
50417,2027,Ford,Expedition 2WD,Standard Sport Utility Vehicle 2WD,Rear-Wheel Drive,Automatic (S10),6.0,3.5,Regular Gasoline,16,23,18,481.0
50429,2027,Ford,Expedition 4WD,Standard Sport Utility Vehicle 4WD,Part-time 4-Wheel Drive,Automatic (S10),6.0,3.5,Regular Gasoline,15,22,18,502.0
50817,2027,Ford,Explorer AWD,Standard Sport Utility Vehicle 4WD,Part-time 4-Wheel Drive,Automatic 10-spd,4.0,2.3,Regular Gasoline,20,27,23,394.0
50818,2027,Ford,Explorer AWD,Standard Sport Utility Vehicle 4WD,Part-time 4-Wheel Drive,Automatic 10-spd,6.0,3.0,Regular Gasoline,17,24,20,447.0
50819,2027,Ford,Explorer AWD,Standard Sport Utility Vehicle 4WD,Part-time 4-Wheel Drive,Automatic (S10),6.0,3.0,Regular Gasoline,17,24,20,445.0
50797,2027,Ford,Explorer RWD,Standard Sport Utility Vehicle 2WD,Rear-Wheel Drive,Automatic (S10),6.0,3.0,Regular Gasoline,17,25,20,439.0
50798,2027,Ford,Explorer RWD,Standard Sport Utility Vehicle 2WD,Rear-Wheel Drive,Automatic 10-spd,4.0,2.3,Regular Gasoline,20,28,23,380.0
50799,2027,Ford,Explorer RWD,Standard Sport Utility Vehicle 2WD,Rear-Wheel Drive,Automatic 10-spd,6.0,3.0,Regular Gasoline,18,26,21,426.0
50820,2027,Ford,Explorer Tremor AWD,Standard Sport Utility Vehicle 4WD,Part-time 4-Wheel Drive,Automatic 10-spd,4.0,2.3,Regular Gasoline,18,22,20,445.0
50821,2027,Ford,Explorer Tremor AWD,Standard Sport Utility Vehicle 4WD,Part-time 4-Wheel Drive,Automatic 10-spd,6.0,3.0,Regular Gasoline,17,22,19,469.0
50579,2027,GMC,Acadia AWD,Standard Sport Utility Vehicle 4WD,All-Wheel Drive,Automatic 8-spd,4.0,2.5,Regular Gasoline,20,23,21,423.0
50564,2027,GMC,Acadia FWD,Standard Sport Utility Vehicle 2WD,Front-Wheel Drive,Automatic 8-spd,4.0,2.5,Regular Gasoline,20,26,22,404.0
50412,2027,GMC,Terrain AWD,Small Sport Utility Vehicle 4WD,All-Wheel Drive,Automatic 8-spd,4.0,1.5,Regular Gasoline,24,28,25,356.0
50413,2027,GMC,Terrain AWD Denali/AT4,Small Sport Utility Vehicle 4WD,All-Wheel Drive,Automatic 8-spd,4.0,1.5,Regular Gasoline,24,26,25,359.0
50405,2027,GMC,Terrain FWD,Small Sport Utility Vehicle 2WD,Front-Wheel Drive,Automatic 8-spd,4.0,1.5,Regular Gasoline,25,28,26,342.0
50800,2027,GMC,Yukon 2WD,Standard Sport Utility Vehicle 2WD,Rear-Wheel Drive,Automatic 10-spd,8.0,6.2,Premium Gasoline,15,20,17,525.0
50802,2027,GMC,Yukon 2WD,Standard Sport Utility Vehicle 2WD,Rear-Wheel Drive,Automatic 10-spd,8.0,5.3,Regular Gasoline,15,20,17,530.0
50822,2027,GMC,Yukon 4WD,Standard Sport Utility Vehicle 4WD,4-Wheel Drive,Automatic 10-spd,8.0,6.2,Premium Gasoline,14,18,16,572.0
50824,2027,GMC,Yukon 4WD,Standard Sport Utility Vehicle 4WD,4-Wheel Drive,Automatic 10-spd,8.0,5.3,Regular Gasoline,15,19,17,536.0
50801,2027,GMC,Yukon XL 2WD,Standard Sport Utility Vehicle 2WD,Rear-Wheel Drive,Automatic 10-spd,8.0,6.2,Premium Gasoline,15,19,16,544.0
50803,2027,GMC,Yukon XL 2WD,Standard Sport Utility Vehicle 2WD,Rear-Wheel Drive,Automatic 10-spd,8.0,5.3,Regular Gasoline,15,20,17,530.0
50823,2027,GMC,Yukon XL 4WD,Standard Sport Utility Vehicle 4WD,4-Wheel Drive,Automatic 10-spd,8.0,6.2,Premium Gasoline,14,18,16,572.0
50825,2027,GMC,Yukon XL 4WD,Standard Sport Utility Vehicle 4WD,4-Wheel Drive,Automatic 10-spd,8.0,5.3,Regular Gasoline,14,19,16,571.0
50486,2027,Genesis,G70 AWD,Compact Cars,All-Wheel Drive,Automatic (S8),4.0,2.5,Premium Gasoline,20,28,23,385.0
50487,2027,Genesis,G70 RWD,Compact Cars,Rear-Wheel Drive,Automatic (S8),4.0,2.5,Premium Gasoline,21,29,24,373.0
50332,2027,Genesis,G80 AWD,Large Cars,All-Wheel Drive,Automatic (S8),4.0,2.5,Premium Gasoline,20,29,23,380.0
50333,2027,Genesis,G80 AWD,Large Cars,All-Wheel Drive,Automatic (S8),6.0,3.5,Premium Gasoline,16,24,18,483.0
50410,2027,Genesis,GV70 AWD,Small Sport Utility Vehicle 4WD,All-Wheel Drive,Automatic (S8),4.0,2.5,Premium Gasoline,20,26,22,402.0
50411,2027,Genesis,GV70 AWD,Small Sport Utility Vehicle 4WD,All-Wheel Drive,Automatic (S8),6.0,3.5,Premium Gasoline,18,25,21,433.0
50430,2027,Genesis,GV80 AWD,Standard Sport Utility Vehicle 4WD,All-Wheel Drive,Automatic (S8),4.0,2.5,Premium Gasoline,19,24,21,427.0
50431,2027,Genesis,GV80 AWD,Standard Sport Utility Vehicle 4WD,All-Wheel Drive,Automatic (S8),6.0,3.5,Premium Gasoline,17,22,19,472.0
50404,2027,Genesis,GV80 RWD,Small Sport Utility Vehicle 2WD,Rear-Wheel Drive,Automatic (S8),4.0,2.5,Premium Gasoline,20,26,22,403.0
50777,2027,Honda,CR-V AWD,Small Sport Utility Vehicle 4WD,All-Wheel Drive,Automatic (variable gear ratios),4.0,1.5,Regular Gasoline,27,31,29,310.0
50756,2027,Honda,CR-V FWD,Midsize Station Wagons,Front-Wheel Drive,Automatic (variable gear ratios),4.0,1.5,Regular Gasoline,28,33,30,296.0
50339,2027,Honda,HR-V AWD,Small Station Wagons,All-Wheel Drive,Automatic (variable gear ratios),4.0,2.0,Regular Gasoline,25,30,27,329.0
50340,2027,Honda,HR-V FWD,Small Station Wagons,Front-Wheel Drive,Automatic (variable gear ratios),4.0,2.0,Regular Gasoline,26,32,28,311.0
50763,2027,Honda,Odyssey,Minivan - 2WD,Front-Wheel Drive,Automatic (S10),6.0,3.5,Regular Gasoline,19,28,22,395.0
50414,2027,Hyundai,Kona AWD,Small Sport Utility Vehicle 4WD,All-Wheel Drive,Automatic (S8),4.0,1.6,Regular Gasoline,24,29,26,341.0
50415,2027,Hyundai,Kona AWD,Small Sport Utility Vehicle 4WD,All-Wheel Drive,Automatic (AV-S1),4.0,2.0,Regular Gasoline,26,29,27,322.0
50406,2027,Hyundai,Kona FWD,Small Sport Utility Vehicle 2WD,Front-Wheel Drive,Automatic (S8),4.0,1.6,Regular Gasoline,26,32,28,313.0
50407,2027,Hyundai,Kona FWD,Small Sport Utility Vehicle 2WD,Front-Wheel Drive,Automatic (AV-S1),4.0,2.0,Regular Gasoline,28,35,31,288.0
50580,2027,Hyundai,Palisade AWD,Standard Sport Utility Vehicle 4WD,All-Wheel Drive,Automatic (S8),6.0,3.5,Regular Gasoline,18,24,20,440.0
50565,2027,Hyundai,Palisade FWD,Standard Sport Utility Vehicle 2WD,Front-Wheel Drive,Automatic (S8),6.0,3.5,Regular Gasoline,19,26,22,407.0
50581,2027,Hyundai,Palisade XRT Pro,Standard Sport Utility Vehicle 4WD,All-Wheel Drive,Automatic (S8),6.0,3.5,Regular Gasoline,16,22,19,479.0
50539,2027,Hyundai,Santa Cruz AWD,Small Sport Utility Vehicle 4WD,All-Wheel Drive,Automatic (S8),4.0,2.5,Regular Gasoline,21,29,24,367.0
50529,2027,Hyundai,Santa Cruz FWD,Small Sport Utility Vehicle 2WD,Front-Wheel Drive,Automatic (S8),4.0,2.5,Regular Gasoline,22,30,25,356.0
50542,2027,Hyundai,Santa Cruz XRT AWD,Small Sport Utility Vehicle 4WD,All-Wheel Drive,Automatic (S8),4.0,2.5,Regular Gasoline,18,25,20,435.0
50541,2027,Hyundai,Santa Fe AWD,Small Sport Utility Vehicle 4WD,All-Wheel Drive,Automatic (S8),4.0,2.5,Regular Gasoline,20,28,23,391.0
50540,2027,Hyundai,Santa Fe AWD XRT,Small Sport Utility Vehicle 4WD,All-Wheel Drive,Automatic (S8),4.0,2.5,Regular Gasoline,19,25,21,421.0
50530,2027,Hyundai,Santa Fe FWD,Small Sport Utility Vehicle 2WD,Front-Wheel Drive,Automatic (S8),4.0,2.5,Regular Gasoline,20,29,24,374.0
50504,2027,Hyundai,Sonata AWD,Large Cars,All-Wheel Drive,Automatic (S8),4.0,2.5,Regular Gasoline,22,32,26,343.0
50505,2027,Hyundai,Sonata FWD,Large Cars,Front-Wheel Drive,Automatic (S8),4.0,2.5,Regular Gasoline,25,37,29,306.0
50507,2027,Hyundai,Sonata FWD,Large Cars,Front-Wheel Drive,Automatic (AM-S8),4.0,2.5,Regular Gasoline,23,32,27,333.0
50506,2027,Hyundai,Sonata FWD w/Stop-Start,Large Cars,Front-Wheel Drive,Automatic (S8),4.0,2.5,Regular Gasoline,26,38,31,290.0
50531,2027,Hyundai,Venue,Small Sport Utility Vehicle 2WD,Front-Wheel Drive,Automatic (AV-S1),4.0,1.6,Regular Gasoline,29,33,31,290.0
50356,2027,Infiniti,QX60 AWD,Standard Sport Utility Vehicle 4WD,All-Wheel Drive,Automatic (S9),4.0,2.0,Premium Gasoline,21,27,24,378.0
50351,2027,Infiniti,QX60 FWD,Standard Sport Utility Vehicle 2WD,Front-Wheel Drive,Automatic (S9),4.0,2.0,Premium Gasoline,22,28,24,371.0
50434,2027,Infiniti,QX65 AWD,Standard Sport Utility Vehicle 4WD,All-Wheel Drive,Automatic (S9),4.0,2.0,Premium Gasoline,20,26,22,404.0
50420,2027,Infiniti,QX80 2WD,Standard Sport Utility Vehicle 2WD,Rear-Wheel Drive,Automatic (S9),6.0,3.5,Premium Gasoline,16,20,18,504.0
50435,2027,Infiniti,QX80 4WD,Standard Sport Utility Vehicle 4WD,4-Wheel Drive,Automatic (S9),6.0,3.5,Premium Gasoline,16,19,17,521.0
50521,2027,Jeep,Gladiator 4WD,Standard Pickup Trucks 4WD,4-Wheel Drive,Automatic 8-spd,6.0,3.6,Regular Gasoline,17,22,19,466.0
50568,2027,Jeep,Grand Cherokee 2WD,Standard Sport Utility Vehicle 2WD,Rear-Wheel Drive,Automatic 8-spd,4.0,2.0,Regular Gasoline,21,26,23,388.0
50569,2027,Jeep,Grand Cherokee 2WD,Standard Sport Utility Vehicle 2WD,Rear-Wheel Drive,Automatic 8-spd,6.0,3.6,Regular Gasoline,19,26,22,407.0
50583,2027,Jeep,Grand Cherokee 4WD,Standard Sport Utility Vehicle 4WD,All-Wheel Drive,Automatic 8-spd,4.0,2.0,Regular Gasoline,20,25,22,401.0
50585,2027,Jeep,Grand Cherokee 4WD,Standard Sport Utility Vehicle 4WD,All-Wheel Drive,Automatic 8-spd,6.0,3.6,Regular Gasoline,19,26,22,413.0
50566,2027,Jeep,Grand Cherokee L 2WD,Standard Sport Utility Vehicle 2WD,Rear-Wheel Drive,Automatic 8-spd,4.0,2.0,Regular Gasoline,21,26,23,394.0
50567,2027,Jeep,Grand Cherokee L 2WD,Standard Sport Utility Vehicle 2WD,Rear-Wheel Drive,Automatic 8-spd,6.0,3.6,Regular Gasoline,19,26,21,416.0
50582,2027,Jeep,Grand Cherokee L 4WD,Standard Sport Utility Vehicle 4WD,All-Wheel Drive,Automatic 8-spd,4.0,2.0,Regular Gasoline,20,25,22,407.0
50584,2027,Jeep,Grand Cherokee L 4WD,Standard Sport Utility Vehicle 4WD,All-Wheel Drive,Automatic 8-spd,6.0,3.6,Regular Gasoline,18,25,21,430.0
50806,2027,Jeep,Grand Wagoneer 2WD,Standard Sport Utility Vehicle 2WD,Rear-Wheel Drive,Automatic 8-spd,6.0,3.0,Regular Gasoline,17,22,19,469.0
50828,2027,Jeep,Grand Wagoneer 4WD,Standard Sport Utility Vehicle 4WD,All-Wheel Drive,Automatic 8-spd,6.0,3.0,Regular Gasoline,17,21,18,484.0
50807,2027,Jeep,Grand Wagoneer L 2WD,Standard Sport Utility Vehicle 2WD,Rear-Wheel Drive,Automatic 8-spd,6.0,3.0,Regular Gasoline,17,22,19,469.0
50829,2027,Jeep,Grand Wagoneer L 4WD,Standard Sport Utility Vehicle 4WD,All-Wheel Drive,Automatic 8-spd,6.0,3.0,Regular Gasoline,16,20,18,505.0
50547,2027,Jeep,Wrangler 2dr 4WD,Small Sport Utility Vehicle 4WD,4-Wheel Drive,Automatic 8-spd,4.0,2.0,Regular Gasoline,20,23,21,416.0
50548,2027,Jeep,Wrangler 2dr 4WD,Small Sport Utility Vehicle 4WD,4-Wheel Drive,Manual 6-spd,6.0,3.6,Regular Gasoline,17,23,19,462.0
50543,2027,Jeep,Wrangler 4dr 4WD,Small Sport Utility Vehicle 4WD,4-Wheel Drive,Automatic 8-spd,4.0,2.0,Regular Gasoline,20,22,21,426.0
50544,2027,Jeep,Wrangler 4dr 4WD,Small Sport Utility Vehicle 4WD,4-Wheel Drive,Automatic 8-spd,6.0,3.6,Regular Gasoline,17,22,19,473.0
50545,2027,Jeep,Wrangler 4dr 4WD,Small Sport Utility Vehicle 4WD,4-Wheel Drive,Manual 6-spd,6.0,3.6,Regular Gasoline,16,22,19,476.0
50546,2027,Jeep,Wrangler 4dr 4WD,Small Sport Utility Vehicle 4WD,4-Wheel Drive,Automatic 8-spd,8.0,6.4,Premium Gasoline,13,16,14,633.0
50342,2027,Kia,Carnival,Minivan - 2WD,Front-Wheel Drive,Automatic (S8),6.0,3.5,Regular Gasoline,18,26,21,428.0
50745,2027,Kia,K4,Midsize Cars,Front-Wheel Drive,Automatic (S8),4.0,1.6,Regular Gasoline,26,33,28,314.0
50743,2027,Kia,K4 4DR with DMS,Midsize Cars,Front-Wheel Drive,Automatic (AV-S1),4.0,2.0,Regular Gasoline,29,39,33,269.0
50751,2027,Kia,K4 Hatchback,Large Cars,Front-Wheel Drive,Automatic (AV-S1),4.0,2.0,Regular Gasoline,28,34,30,289.0
50752,2027,Kia,K4 Hatchback,Large Cars,Front-Wheel Drive,Automatic (S8),4.0,1.6,Regular Gasoline,26,33,28,314.0
50744,2027,Kia,K4 without DMS,Midsize Cars,Front-Wheel Drive,Automatic (AV-S1),4.0,2.0,Regular Gasoline,29,39,33,267.0
50510,2027,Kia,K5,Large Cars,Front-Wheel Drive,Automatic (AM-S8),4.0,2.5,Regular Gasoline,23,33,27,331.0
50511,2027,Kia,K5,Large Cars,Front-Wheel Drive,Automatic (S8),4.0,2.5,Regular Gasoline,25,36,29,306.0
50513,2027,Kia,K5 AWD,Large Cars,All-Wheel Drive,Automatic (S8),4.0,2.5,Regular Gasoline,23,33,27,333.0
50512,2027,Kia,K5 w/Stop-Start,Large Cars,Front-Wheel Drive,Automatic (S8),4.0,2.5,Regular Gasoline,26,37,30,296.0
50348,2027,Kia,Seltos AWD,Small Sport Utility Vehicle 4WD,All-Wheel Drive,Automatic (S8),4.0,1.6,Regular Gasoline,24,30,26,340.0
50349,2027,Kia,Seltos AWD,Small Sport Utility Vehicle 4WD,All-Wheel Drive,Automatic (AV-S1),4.0,2.0,Regular Gasoline,26,30,28,319.0
50346,2027,Kia,Seltos FWD,Small Sport Utility Vehicle 2WD,Front-Wheel Drive,Automatic (AV-S1),4.0,2.0,Regular Gasoline,28,33,30,298.0
50781,2027,Kia,Sorento AWD,Small Sport Utility Vehicle 4WD,All-Wheel Drive,Automatic (S8),4.0,2.5,Regular Gasoline,23,28,25,359.0
50782,2027,Kia,Sorento AWD,Small Sport Utility Vehicle 4WD,All-Wheel Drive,Automatic (AM-S8),4.0,2.5,Regular Gasoline,20,27,23,390.0
50764,2027,Kia,Sorento FWD,Small Sport Utility Vehicle 2WD,Front-Wheel Drive,Automatic (S8),4.0,2.5,Regular Gasoline,23,31,26,342.0
50765,2027,Kia,Sorento FWD,Small Sport Utility Vehicle 2WD,Front-Wheel Drive,Automatic (AM-S8),4.0,2.5,Regular Gasoline,20,29,23,382.0
50549,2027,Kia,Sportage AWD,Small Sport Utility Vehicle 4WD,All-Wheel Drive,Automatic (S8),4.0,2.5,Regular Gasoline,24,30,26,338.0
50532,2027,Kia,Sportage FWD,Small Sport Utility Vehicle 2WD,Front-Wheel Drive,Automatic (S8),4.0,2.5,Regular Gasoline,25,33,28,317.0
50550,2027,Kia,Sportage X-pro,Small Sport Utility Vehicle 4WD,All-Wheel Drive,Automatic (S8),4.0,2.5,Regular Gasoline,23,26,24,374.0
50436,2027,Kia,Telluride AWD,Standard Sport Utility Vehicle 4WD,All-Wheel Drive,Automatic (S8),4.0,2.5,Regular Gasoline,18,24,20,429.0
50421,2027,Kia,Telluride FWD,Standard Sport Utility Vehicle 2WD,Front-Wheel Drive,Automatic (S8),4.0,2.5,Regular Gasoline,20,26,22,395.0
50586,2027,Kia,Telluride X-Pro,Standard Sport Utility Vehicle 4WD,All-Wheel Drive,Automatic (S8),4.0,2.5,Regular Gasoline,17,22,19,467.0
50833,2027,Lincoln,Aviator AWD,Standard Sport Utility Vehicle 4WD,Part-time 4-Wheel Drive,Automatic (S10),6.0,3.0,Regular Gasoline,17,24,20,454.0
50808,2027,Lincoln,Aviator RWD,Standard Sport Utility Vehicle 2WD,Rear-Wheel Drive,Automatic (S10),6.0,3.0,Regular Gasoline,17,25,20,439.0
50424,2027,Lincoln,Navigator 2WD,Standard Sport Utility Vehicle 2WD,Rear-Wheel Drive,Automatic (S10),6.0,3.5,Regular Gasoline,16,23,18,481.0
50438,2027,Lincoln,Navigator 4WD,Standard Sport Utility Vehicle 4WD,Part-time 4-Wheel Drive,Automatic (S10),6.0,3.5,Regular Gasoline,15,22,17,523.0
50312,2027,Lotus,Emira,Two Seaters,Rear-Wheel Drive,Automatic (S8),4.0,2.0,Regular Gasoline,18,26,21,418.0
50723,2027,MINI,Cooper C 2 Door,Subcompact Cars,Front-Wheel Drive,Automatic (AM-S7),4.0,2.0,Premium Gasoline,27,39,31,278.0
50732,2027,MINI,Cooper C 4 Door,Compact Cars,Front-Wheel Drive,Automatic (AM-S7),4.0,2.0,Premium Gasoline,27,39,31,278.0
50711,2027,MINI,Cooper C Convertible,Minicompact Cars,Front-Wheel Drive,Automatic (AM-S7),4.0,2.0,Premium Gasoline,27,37,31,284.0
50733,2027,MINI,Cooper S 4 Door,Compact Cars,Front-Wheel Drive,Automatic (AM-S7),4.0,2.0,Premium Gasoline,27,39,31,279.0
50712,2027,MINI,Cooper S Convertible,Minicompact Cars,Front-Wheel Drive,Automatic (AM-S7),4.0,2.0,Premium Gasoline,27,37,31,283.0
50350,2027,MINI,Countryman S All4,Small Sport Utility Vehicle 4WD,All-Wheel Drive,Automatic (AM-S7),4.0,2.0,Premium Gasoline,24,32,27,324.0
50724,2027,MINI,JCW 2 Door,Subcompact Cars,Front-Wheel Drive,Automatic (AM-S7),4.0,2.0,Premium Gasoline,26,37,30,291.0
50713,2027,MINI,JCW Convertible,Minicompact Cars,Front-Wheel Drive,Automatic (AM-S7),4.0,2.0,Premium Gasoline,26,35,30,295.0
50462,2027,Mercedes-Benz,AMG GT 55 4matic Plus (coupe),Two Seaters,All-Wheel Drive,Automatic 9-spd,8.0,4.0,Premium Gasoline,14,20,16,558.0
50709,2027,Mercedes-Benz,AMG GT 63 4matic Plus (coupe),Two Seaters,All-Wheel Drive,Automatic 9-spd,8.0,4.0,Premium Gasoline,14,20,16,558.0
50463,2027,Mercedes-Benz,AMG GT 63 PRO 4matic Plus (coupe),Two Seaters,All-Wheel Drive,Automatic 9-spd,8.0,4.0,Premium Gasoline,14,20,16,558.0
50472,2027,Mercedes-Benz,AMG SL55 4matic Plus,Minicompact Cars,All-Wheel Drive,Automatic 9-spd,8.0,4.0,Premium Gasoline,14,21,16,552.0
50471,2027,Mercedes-Benz,AMG SL63 4matic Plus,Minicompact Cars,All-Wheel Drive,Automatic 9-spd,8.0,4.0,Premium Gasoline,14,21,16,552.0
50401,2027,Mercedes-Benz,Maybach S680 4matic,Large Cars,All-Wheel Drive,Automatic 9-spd,12.0,6.0,Premium Gasoline,12,20,14,610.0
50470,2027,Mercedes-Benz,SL680 Maybach,Minicompact Cars,All-Wheel Drive,Automatic 9-spd,8.0,4.0,Premium Gasoline,13,20,16,558.0
50536,2027,Mitsubishi,Outlander Sport 2WD,Small Sport Utility Vehicle 2WD,Front-Wheel Drive,Automatic (AV-S6),4.0,2.0,Regular Gasoline,24,30,27,331.0
50553,2027,Mitsubishi,Outlander Sport 4WD,Small Sport Utility Vehicle 4WD,4-Wheel Drive,Automatic (AV-S6),4.0,2.0,Regular Gasoline,23,29,26,344.0
50554,2027,Mitsubishi,Outlander Sport 4WD,Small Sport Utility Vehicle 4WD,4-Wheel Drive,Automatic (AV-S6),4.0,2.4,Regular Gasoline,23,28,25,353.0
50758,2027,Nissan,Frontier 2WD,Standard Pickup Trucks 2WD,Rear-Wheel Drive,Automatic (S9),6.0,3.8,Regular Gasoline,19,24,21,424.0
50760,2027,Nissan,Frontier 4WD,Standard Pickup Trucks 4WD,Part-time 4-Wheel Drive,Automatic (S9),6.0,3.8,Regular Gasoline,17,21,19,479.0
50761,2027,Nissan,Frontier 4WD PRO4X,Standard Pickup Trucks 4WD,Part-time 4-Wheel Drive,Automatic (S9),6.0,3.8,Regular Gasoline,16,20,18,504.0
50766,2027,Nissan,Kicks  FWD,Small Sport Utility Vehicle 2WD,Front-Wheel Drive,Automatic (variable gear ratios),4.0,2.0,Regular Gasoline,28,35,31,287.0
50785,2027,Nissan,Kicks AWD,Small Sport Utility Vehicle 4WD,All-Wheel Drive,Automatic (variable gear ratios),4.0,2.0,Regular Gasoline,27,34,30,299.0
50784,2027,Nissan,Murano AWD,Small Sport Utility Vehicle 4WD,All-Wheel Drive,Automatic (S9),4.0,2.0,Regular Gasoline,21,27,23,388.0
50747,2027,Nissan,Sentra SR,Midsize Cars,Front-Wheel Drive,Automatic (variable gear ratios),4.0,2.0,Regular Gasoline,29,36,32,280.0
50748,2027,Nissan,Sentra with Normal/Eco Modes,Midsize Cars,Front-Wheel Drive,Automatic (variable gear ratios),4.0,2.0,Regular Gasoline,30,38,33,269.0
50746,2027,Nissan,Sentra with Sport/Normal/Eco Modes,Midsize Cars,Front-Wheel Drive,Automatic (variable gear ratios),4.0,2.0,Regular Gasoline,30,38,33,268.0
50464,2027,Nissan,Z,Two Seaters,Rear-Wheel Drive,Manual 6-spd,6.0,3.0,Premium Gasoline,18,24,20,435.0
50465,2027,Nissan,Z,Two Seaters,Rear-Wheel Drive,Automatic (S9),6.0,3.0,Premium Gasoline,19,28,22,405.0
50466,2027,Nissan,Z NISMO,Two Seaters,Rear-Wheel Drive,Automatic (S9),6.0,3.0,Premium Gasoline,17,24,19,469.0
50467,2027,Nissan,Z NISMO,Two Seaters,Rear-Wheel Drive,Manual 6-spd,6.0,3.0,Premium Gasoline,16,21,18,494.0
50518,2027,Ram,1500 2WD,Standard Pickup Trucks 2WD,Rear-Wheel Drive,Automatic 8-spd,6.0,3.0,Regular Gasoline,17,24,20,453.0
50520,2027,Ram,1500 2WD,Standard Pickup Trucks 2WD,Rear-Wheel Drive,Automatic 8-spd,8.0,5.7,Midgrade Gasoline,15,23,17,510.0
50402,2027,Ram,1500 4WD,Standard Pickup Trucks 4WD,All-Wheel Drive,Automatic 8-spd,8.0,6.2,Premium Gasoline,10,14,12,748.0
50522,2027,Ram,1500 4WD,Standard Pickup Trucks 4WD,4-Wheel Drive,Automatic 8-spd,6.0,3.0,Regular Gasoline,17,23,19,463.0
50525,2027,Ram,1500 4WD,Standard Pickup Trucks 4WD,4-Wheel Drive,Automatic 8-spd,8.0,5.7,Midgrade Gasoline,15,22,17,518.0
50526,2027,Ram,1500 HO 4WD,Standard Pickup Trucks 4WD,4-Wheel Drive,Automatic 8-spd,6.0,3.0,Premium Gasoline,15,21,17,521.0
50762,2027,Ram,1500 RHO 4WD,Standard Pickup Trucks 4WD,4-Wheel Drive,Automatic 8-spd,6.0,3.0,Premium Gasoline,14,16,15,602.0
50357,2027,Rolls-Royce,Cullinan,Standard Sport Utility Vehicle 4WD,All-Wheel Drive,Automatic (S8),12.0,6.7,Premium Gasoline,11,18,13,656.0
50358,2027,Rolls-Royce,Cullinan Black Badge,Standard Sport Utility Vehicle 4WD,All-Wheel Drive,Automatic (S8),12.0,6.7,Premium Gasoline,11,18,13,656.0
50336,2027,Rolls-Royce,Ghost,Large Cars,All-Wheel Drive,Automatic (S8),12.0,6.7,Premium Gasoline,11,18,13,656.0
50338,2027,Rolls-Royce,Ghost Black Badge,Large Cars,All-Wheel Drive,Automatic (S8),12.0,6.7,Premium Gasoline,11,18,13,656.0
50337,2027,Rolls-Royce,Ghost Extended,Large Cars,All-Wheel Drive,Automatic (S8),12.0,6.7,Premium Gasoline,11,18,13,656.0
50334,2027,Rolls-Royce,Phantom,Large Cars,Rear-Wheel Drive,Automatic (S8),12.0,6.7,Premium Gasoline,11,18,13,656.0
50335,2027,Rolls-Royce,Phantom Extended,Large Cars,Rear-Wheel Drive,Automatic (S8),12.0,6.7,Premium Gasoline,11,18,13,656.0
50597,2027,Subaru,Ascent,Standard Sport Utility Vehicle 4WD,All-Wheel Drive,Automatic (AV-S8),4.0,2.4,Regular Gasoline,19,26,22,405.0
50598,2027,Subaru,Ascent Limited/Touring/Onyx AWD,Standard Sport Utility Vehicle 4WD,All-Wheel Drive,Automatic (AV-S8),4.0,2.4,Regular Gasoline,19,25,21,421.0
50473,2027,Subaru,BRZ,Minicompact Cars,Rear-Wheel Drive,Manual 6-spd,4.0,2.4,Premium Gasoline,20,27,22,399.0
50474,2027,Subaru,BRZ,Minicompact Cars,Rear-Wheel Drive,Automatic (S6),4.0,2.4,Premium Gasoline,21,30,25,362.0
50786,2027,Subaru,Crosstrek AWD,Small Sport Utility Vehicle 4WD,All-Wheel Drive,Automatic (AV-S8),4.0,2.5,Regular Gasoline,26,33,29,307.0
50787,2027,Subaru,Crosstrek Wilderness AWD,Small Sport Utility Vehicle 4WD,All-Wheel Drive,Automatic (AV-S8),4.0,2.5,Regular Gasoline,24,29,26,337.0
50755,2027,Subaru,Impreza,Small Station Wagons,All-Wheel Drive,Automatic (AV-S8),4.0,2.5,Regular Gasoline,26,33,29,311.0
50555,2027,Subaru,Outback AWD,Small Sport Utility Vehicle 4WD,All-Wheel Drive,Automatic (AV-S8),4.0,2.5,Regular Gasoline,25,31,27,330.0
50556,2027,Subaru,Outback AWD,Small Sport Utility Vehicle 4WD,All-Wheel Drive,Automatic (AV-S8),4.0,2.4,Regular Gasoline,21,29,24,369.0
50557,2027,Subaru,Outback Wilderness AWD,Small Sport Utility Vehicle 4WD,All-Wheel Drive,Automatic (AV-S8),4.0,2.4,Regular Gasoline,21,27,23,385.0
50740,2027,Toyota,Corolla,Compact Cars,Front-Wheel Drive,Automatic (AV-S10),4.0,2.0,Regular Gasoline,29,38,33,271.0
50738,2027,Toyota,Corolla (1-mode transmission),Compact Cars,Front-Wheel Drive,Automatic (variable gear ratios),4.0,2.0,Regular Gasoline,31,41,35,252.0
50739,2027,Toyota,Corolla (3-mode transmission),Compact Cars,Front-Wheel Drive,Automatic (variable gear ratios),4.0,2.0,Regular Gasoline,30,38,33,270.0
50491,2027,Toyota,Corolla Hatchback,Compact Cars,Front-Wheel Drive,Automatic (AV-S10),4.0,2.0,Regular Gasoline,32,41,35,254.0
50492,2027,Toyota,Corolla Hatchback XSE,Compact Cars,Front-Wheel Drive,Automatic (AV-S10),4.0,2.0,Regular Gasoline,30,38,33,266.0
50714,2027,Toyota,GR 86,Minicompact Cars,Rear-Wheel Drive,Automatic (S6),4.0,2.4,Premium Gasoline,21,30,24,366.0
50715,2027,Toyota,GR 86,Minicompact Cars,Rear-Wheel Drive,Manual 6-spd,4.0,2.4,Premium Gasoline,20,26,22,401.0
50408,2027,Volkswagen,Atlas,Small Sport Utility Vehicle 2WD,Front-Wheel Drive,Automatic (S8),4.0,2.0,Regular Gasoline,22,29,25,364.0
50416,2027,Volkswagen,Atlas 4motion,Small Sport Utility Vehicle 4WD,All-Wheel Drive,Automatic (S8),4.0,2.0,Regular Gasoline,20,27,23,388.0
50769,2027,Volkswagen,Atlas Cross Sport,Small Sport Utility Vehicle 2WD,Front-Wheel Drive,Automatic (S8),4.0,2.0,Regular Gasoline,22,29,24,364.0
50789,2027,Volkswagen,Atlas Cross Sport 4motion,Small Sport Utility Vehicle 4WD,All-Wheel Drive,Automatic (S8),4.0,2.0,Regular Gasoline,21,28,24,373.0
50327,2027,Volkswagen,GLI,Compact Cars,Front-Wheel Drive,Automatic (AM-S7),4.0,2.0,Regular Gasoline,26,35,29,307.0
50749,2027,Volkswagen,Golf GTI,Midsize Cars,Front-Wheel Drive,Automatic (AM-S7),4.0,2.0,Regular Gasoline,25,34,28,317.0
50750,2027,Volkswagen,Golf R,Midsize Cars,All-Wheel Drive,Automatic (AM-S7),4.0,2.0,Premium Gasoline,23,31,26,347.0
50493,2027,Volkswagen,Jetta,Compact Cars,Front-Wheel Drive,Automatic (S8),4.0,1.5,Regular Gasoline,29,40,34,265.0
50741,2027,Volkswagen,Jetta Sport/SE/SEL,Compact Cars,Front-Wheel Drive,Automatic (S8),4.0,1.5,Regular Gasoline,29,40,33,271.0
50537,2027,Volkswagen,Taos,Small Sport Utility Vehicle 2WD,Front-Wheel Drive,Automatic (S8),4.0,1.5,Regular Gasoline,27,35,30,297.0
50559,2027,Volkswagen,Taos 4motion,Small Sport Utility Vehicle 4WD,4-Wheel Drive,Automatic (S8),4.0,1.5,Regular Gasoline,25,33,28,315.0
50767,2027,Volkswagen,Tiguan,Small Sport Utility Vehicle 2WD,Front-Wheel Drive,Automatic (S8),4.0,2.0,Regular Gasoline,25,33,28,317.0
50558,2027,Volkswagen,Tiguan 4motion,Small Sport Utility Vehicle 4WD,All-Wheel Drive,Automatic (S8),4.0,2.0,Regular Gasoline,23,31,26,346.0
50768,2027,Volkswagen,Tiguan S,Small Sport Utility Vehicle 2WD,Front-Wheel Drive,Automatic (S8),4.0,2.0,Regular Gasoline,26,35,29,306.0
50788,2027,Volkswagen,Tiguan SEL 4Motion,Small Sport Utility Vehicle 4WD,All-Wheel Drive,Automatic (S8),4.0,2.0,Regular Gasoline,22,30,25,358.0
